vertex_index,parcel_id,parcel_name
0,lh_6d,lh_6d
1,lh_vip,lh_VIP
2,lh_24dv,lh_24dv
3,lh_9_46d,lh_9-46d
4,lh_43,lh_43
5,lh_pfm,lh_PFm
6,lh_v4,lh_V4
7,lh_pros,lh_ProS
8,lh_?,lh_?
9,lh_avi,lh_AVI
10,lh_stsdp,lh_STSdp
11,lh_tf,lh_TF
12,lh_4,lh_4
13,lh_p9_46v,lh_p9-46v
14,lh_i6_8,lh_i6-8
15,lh_1,lh_1
16,lh_pfop,lh_PFop
17,lh_1,lh_1
18,lh_lipd,lh_LIPd
19,lh_6mp,lh_6mp
20,lh_5mv,lh_5mv
21,lh_8bm,lh_8BM
22,lh_p32,lh_p32
23,lh_?,lh_?
24,lh_a47r,lh_a47r
25,lh_ofc,lh_OFC
26,lh_fop4,lh_FOP4
27,lh_ri,lh_RI
28,lh_ta2,lh_TA2
29,lh_stv,lh_STV
30,lh_pgi,lh_PGi
31,lh_pht,lh_PHT
32,lh_v3b,lh_V3B
33,lh_pos2,lh_POS2
34,lh_v1,lh_V1
35,lh_rsc,lh_RSC
36,lh_?,lh_?
37,lh_tgd,lh_TGd
38,lh_?,lh_?
39,lh_te2a,lh_TE2a
40,lh_ffc,lh_FFC
41,lh_vmv1,lh_VMV1
42,lh_4,lh_4
43,lh_55b,lh_55b
44,lh_fef,lh_FEF
45,lh_3b,lh_3b
46,lh_3b,lh_3b
47,lh_3a,lh_3a
48,lh_1,lh_1
49,lh_6mp,lh_6mp
50,lh_4,lh_4
51,lh_6a,lh_6a
52,lh_10d,lh_10d
53,lh_9m,lh_9m
54,lh_9p,lh_9p
55,lh_9_46d,lh_9-46d
56,lh_p10p,lh_p10p
57,lh_46,lh_46
58,lh_ifsa,lh_IFSa
59,lh_op2_3,lh_OP2-3
60,lh_ig,lh_Ig
61,lh_fop4,lh_FOP4
62,lh_op4,lh_OP4
63,lh_pfcm,lh_PFcm
64,lh_pfm,lh_PFm
65,lh_pgi,lh_PGi
66,lh_pfm,lh_PFm
67,lh_ip2,lh_IP2
68,lh_pfm,lh_PFm
69,lh_7pm,lh_7Pm
70,lh_v6a,lh_V6A
71,lh_ips1,lh_IPS1
72,lh_7am,lh_7Am
73,lh_pcv,lh_PCV
74,lh_a24pr,lh_a24pr
75,lh_?,lh_?
76,lh_23c,lh_23c
77,lh_ofc,lh_OFC
78,lh_?,lh_?
79,lh_?,lh_?
80,lh_poi2,lh_PoI2
81,lh_tgd,lh_TGd
82,lh_aaic,lh_AAIC
83,lh_stsvp,lh_STSvp
84,lh_te1p,lh_TE1p
85,lh_te1a,lh_TE1a
86,lh_v1,lh_V1
87,lh_v2,lh_V2
88,lh_pit,lh_PIT
89,lh_?,lh_?
90,lh_pres,lh_PreS
91,lh_v1,lh_V1
92,lh_6v,lh_6v
93,lh_6r,lh_6r
94,lh_ifjp,lh_IFJp
95,lh_8c,lh_8C
96,lh_8ad,lh_8Ad
97,lh_aip,lh_AIP
98,lh_pf,lh_PF
99,lh_2,lh_2
100,lh_3b,lh_3b
101,lh_7al,lh_7AL
102,lh_lipv,lh_LIPv
103,lh_7pc,lh_7PC
104,lh_aip,lh_AIP
105,lh_scef,lh_SCEF
106,lh_5mv,lh_5mv
107,lh_4,lh_4
108,lh_5l,lh_5L
109,lh_s6_8,lh_s6-8
110,lh_sfl,lh_SFL
111,lh_scef,lh_SCEF
112,lh_a24,lh_a24
113,lh_?,lh_?
114,lh_p24,lh_p24
115,lh_a32pr,lh_a32pr
116,lh_47l,lh_47l
117,lh_13l,lh_13l
118,lh_11l,lh_11l
119,lh_10v,lh_10v
120,lh_ifsp,lh_IFSp
121,lh_45,lh_45
122,lh_fop5,lh_FOP5
123,lh_pbelt,lh_PBelt
124,lh_a5,lh_A5
125,lh_mbelt,lh_MBelt
126,lh_mi,lh_MI
127,lh_pf,lh_PF
128,lh_ri,lh_RI
129,lh_a5,lh_A5
130,lh_lo3,lh_LO3
131,lh_mst,lh_MST
132,lh_tpoj2,lh_TPOJ2
133,lh_tpoj1,lh_TPOJ1
134,lh_ip1,lh_IP1
135,lh_pgp,lh_PGp
136,lh_v4,lh_V4
137,lh_pos1,lh_POS1
138,lh_v1,lh_V1
139,lh_v2,lh_V2
140,lh_v2,lh_V2
141,lh_23c,lh_23c
142,lh_31pd,lh_31pd
143,lh_v23ab,lh_v23ab
144,lh_?,lh_?
145,lh_?,lh_?
146,lh_?,lh_?
147,lh_?,lh_?
148,lh_h,lh_H
149,lh_peec,lh_PeEc
150,lh_pres,lh_PreS
151,lh_stsva,lh_STSva
152,lh_tgv,lh_TGv
153,lh_tf,lh_TF
154,lh_ph,lh_PH
155,lh_te2p,lh_TE2p
156,lh_vvc,lh_VVC
157,lh_v2,lh_V2
158,lh_v4,lh_V4
159,lh_pha3,lh_PHA3
160,lh_?,lh_?
161,lh_pres,lh_PreS
162,lh_4,lh_4
163,lh_fef,lh_FEF
164,lh_6d,lh_6d
165,lh_4,lh_4
166,lh_4,lh_4
167,lh_4,lh_4
168,lh_3a,lh_3a
169,lh_6d,lh_6d
170,lh_4,lh_4
171,lh_6a,lh_6a
172,lh_9a,lh_9a
173,lh_9a,lh_9a
174,lh_9p,lh_9p
175,lh_9_46d,lh_9-46d
176,lh_p10p,lh_p10p
177,lh_9_46d,lh_9-46d
178,lh_9_46d,lh_9-46d
179,lh_op4,lh_OP4
180,lh_43,lh_43
181,lh_fop1,lh_FOP1
182,lh_op4,lh_OP4
183,lh_op4,lh_OP4
184,lh_pfm,lh_PFm
185,lh_pfm,lh_PFm
186,lh_pfm,lh_PFm
187,lh_pfm,lh_PFm
188,lh_pfm,lh_PFm
189,lh_7pl,lh_7PL
190,lh_7pl,lh_7PL
191,lh_mip,lh_MIP
192,lh_7am,lh_7Am
193,lh_7am,lh_7Am
194,lh_24dv,lh_24dv
195,lh_p24pr,lh_p24pr
196,lh_24dd,lh_24dd
197,lh_25,lh_25
198,lh_?,lh_?
199,lh_?,lh_?
200,lh_mi,lh_MI
201,lh_poi2,lh_PoI2
202,lh_aaic,lh_AAIC
203,lh_stsvp,lh_STSvp
204,lh_stsvp,lh_STSvp
205,lh_stsva,lh_STSva
206,lh_v3,lh_V3
207,lh_v2,lh_V2
208,lh_v4,lh_V4
209,lh_pos1,lh_POS1
210,lh_pros,lh_ProS
211,lh_v1,lh_V1
212,lh_4,lh_4
213,lh_6r,lh_6r
214,lh_pef,lh_PEF
215,lh_i6_8,lh_i6-8
216,lh_8av,lh_8Av
217,lh_8av,lh_8Av
218,lh_8av,lh_8Av
219,lh_8ad,lh_8Ad
220,lh_2,lh_2
221,lh_pft,lh_PFt
222,lh_2,lh_2
223,lh_4,lh_4
224,lh_3b,lh_3b
225,lh_3a,lh_3a
226,lh_3a,lh_3a
227,lh_2,lh_2
228,lh_7pc,lh_7PC
229,lh_2,lh_2
230,lh_1,lh_1
231,lh_2,lh_2
232,lh_2,lh_2
233,lh_aip,lh_AIP
234,lh_6mp,lh_6mp
235,lh_4,lh_4
236,lh_4,lh_4
237,lh_3b,lh_3b
238,lh_3b,lh_3b
239,lh_5l,lh_5L
240,lh_7al,lh_7AL
241,lh_8ad,lh_8Ad
242,lh_i6_8,lh_i6-8
243,lh_6a,lh_6a
244,lh_6ma,lh_6ma
245,lh_6ma,lh_6ma
246,lh_scef,lh_SCEF
247,lh_p32,lh_p32
248,lh_a24,lh_a24
249,lh_9m,lh_9m
250,lh_8bm,lh_8BM
251,lh_d32,lh_d32
252,lh_8bm,lh_8BM
253,lh_p32pr,lh_p32pr
254,lh_8bm,lh_8BM
255,lh_a47r,lh_a47r
256,lh_a47r,lh_a47r
257,lh_a47r,lh_a47r
258,lh_10d,lh_10d
259,lh_10pp,lh_10pp
260,lh_10r,lh_10r
261,lh_10r,lh_10r
262,lh_ifja,lh_IFJa
263,lh_ifja,lh_IFJa
264,lh_ifsp,lh_IFSp
265,lh_a9_46v,lh_a9-46v
266,lh_ifsa,lh_IFSa
267,lh_p47r,lh_p47r
268,lh_47l,lh_47l
269,lh_lbelt,lh_LBelt
270,lh_a1,lh_A1
271,lh_mbelt,lh_MBelt
272,lh_fop3,lh_FOP3
273,lh_ig,lh_Ig
274,lh_fop3,lh_FOP3
275,lh_mi,lh_MI
276,lh_fop4,lh_FOP4
277,lh_pf,lh_PF
278,lh_pf,lh_PF
279,lh_pf,lh_PF
280,lh_ri,lh_RI
281,lh_ri,lh_RI
282,lh_ri,lh_RI
283,lh_pbelt,lh_PBelt
284,lh_pgs,lh_PGs
285,lh_tpoj3,lh_TPOJ3
286,lh_pgi,lh_PGi
287,lh_pgi,lh_PGi
288,lh_tpoj1,lh_TPOJ1
289,lh_tpoj1,lh_TPOJ1
290,lh_tpoj1,lh_TPOJ1
291,lh_stv,lh_STV
292,lh_lipv,lh_LIPv
293,lh_lipd,lh_LIPd
294,lh_lipd,lh_LIPd
295,lh_pgs,lh_PGs
296,lh_pgs,lh_PGs
297,lh_pgs,lh_PGs
298,lh_pgp,lh_PGp
299,lh_pos2,lh_POS2
300,lh_v6,lh_V6
301,lh_v6,lh_V6
302,lh_v7,lh_V7
303,lh_v3a,lh_V3A
304,lh_v3a,lh_V3A
305,lh_v3,lh_V3
306,lh_v4,lh_V4
307,lh_5mv,lh_5mv
308,lh_23c,lh_23c
309,lh_23c,lh_23c
310,lh_7m,lh_7m
311,lh_31pd,lh_31pd
312,lh_7m,lh_7m
313,lh_7m,lh_7m
314,lh_?,lh_?
315,lh_?,lh_?
316,lh_?,lh_?
317,lh_rsc,lh_RSC
318,lh_?,lh_?
319,lh_?,lh_?
320,lh_?,lh_?
321,lh_d23ab,lh_d23ab
322,lh_13l,lh_13l
323,lh_pofc,lh_pOFC
324,lh_ofc,lh_OFC
325,lh_?,lh_?
326,lh_?,lh_?
327,lh_?,lh_?
328,lh_h,lh_H
329,lh_h,lh_H
330,lh_ta2,lh_TA2
331,lh_stsda,lh_STSda
332,lh_a5,lh_A5
333,lh_tgd,lh_TGd
334,lh_tgd,lh_TGd
335,lh_tgd,lh_TGd
336,lh_tgv,lh_TGv
337,lh_peec,lh_PeEc
338,lh_fst,lh_FST
339,lh_fst,lh_FST
340,lh_pht,lh_PHT
341,lh_te1m,lh_TE1m
342,lh_te1p,lh_TE1p
343,lh_te2a,lh_TE2a
344,lh_te2p,lh_TE2p
345,lh_te2a,lh_TE2a
346,lh_v1,lh_V1
347,lh_v1,lh_V1
348,lh_v1,lh_V1
349,lh_v4,lh_V4
350,lh_v4,lh_V4
351,lh_v8,lh_V8
352,lh_vvc,lh_VVC
353,lh_vvc,lh_VVC
354,lh_?,lh_?
355,lh_?,lh_?
356,lh_?,lh_?
357,lh_v2,lh_V2
358,lh_pres,lh_PreS
359,lh_pha1,lh_PHA1
360,lh_pha1,lh_PHA1
361,lh_vmv2,lh_VMV2
362,lh_4,lh_4
363,lh_55b,lh_55b
364,lh_fef,lh_FEF
365,lh_fef,lh_FEF
366,lh_6a,lh_6a
367,lh_3b,lh_3b
368,lh_3b,lh_3b
369,lh_3b,lh_3b
370,lh_4,lh_4
371,lh_3b,lh_3b
372,lh_1,lh_1
373,lh_3b,lh_3b
374,lh_3b,lh_3b
375,lh_6mp,lh_6mp
376,lh_6mp,lh_6mp
377,lh_4,lh_4
378,lh_3a,lh_3a
379,lh_6a,lh_6a
380,lh_6a,lh_6a
381,lh_6a,lh_6a
382,lh_10d,lh_10d
383,lh_9m,lh_9m
384,lh_10d,lh_10d
385,lh_9m,lh_9m
386,lh_8bl,lh_8BL
387,lh_a9_46v,lh_a9-46v
388,lh_a10p,lh_a10p
389,lh_p10p,lh_p10p
390,lh_p10p,lh_p10p
391,lh_p9_46v,lh_p9-46v
392,lh_p9_46v,lh_p9-46v
393,lh_46,lh_46
394,lh_a9_46v,lh_a9-46v
395,lh_op2_3,lh_OP2-3
396,lh_op2_3,lh_OP2-3
397,lh_op2_3,lh_OP2-3
398,lh_fop2,lh_FOP2
399,lh_fop4,lh_FOP4
400,lh_pfop,lh_PFop
401,lh_pfop,lh_PFop
402,lh_pfcm,lh_PFcm
403,lh_op1,lh_OP1
404,lh_pgs,lh_PGs
405,lh_pgi,lh_PGi
406,lh_pgi,lh_PGi
407,lh_pfm,lh_PFm
408,lh_psl,lh_PSL
409,lh_lipd,lh_LIPd
410,lh_ip2,lh_IP2
411,lh_pfm,lh_PFm
412,lh_pfm,lh_PFm
413,lh_pos2,lh_POS2
414,lh_dvt,lh_DVT
415,lh_dvt,lh_DVT
416,lh_ips1,lh_IPS1
417,lh_ips1,lh_IPS1
418,lh_7am,lh_7Am
419,lh_pcv,lh_PCV
420,lh_pcv,lh_PCV
421,lh_7pm,lh_7Pm
422,lh_33pr,lh_33pr
423,lh_?,lh_?
424,lh_33pr,lh_33pr
425,lh_23d,lh_23d
426,lh_23d,lh_23d
427,lh_ofc,lh_OFC
428,lh_pofc,lh_pOFC
429,lh_?,lh_?
430,lh_?,lh_?
431,lh_?,lh_?
432,lh_poi1,lh_PoI1
433,lh_ta2,lh_TA2
434,lh_poi1,lh_PoI1
435,lh_pi,lh_PI
436,lh_tgd,lh_TGd
437,lh_te1p,lh_TE1p
438,lh_te1p,lh_TE1p
439,lh_te1p,lh_TE1p
440,lh_te1m,lh_TE1m
441,lh_te1a,lh_TE1a
442,lh_v1,lh_V1
443,lh_v1,lh_V1
444,lh_v1,lh_V1
445,lh_v4,lh_V4
446,lh_ffc,lh_FFC
447,lh_?,lh_?
448,lh_?,lh_?
449,lh_rsc,lh_RSC
450,lh_pros,lh_ProS
451,lh_v2,lh_V2
452,lh_4,lh_4
453,lh_6r,lh_6r
454,lh_6r,lh_6r
455,lh_ifjp,lh_IFJp
456,lh_ifja,lh_IFJa
457,lh_8c,lh_8C
458,lh_8c,lh_8C
459,lh_8c,lh_8C
460,lh_p9_46v,lh_p9-46v
461,lh_46,lh_46
462,lh_9_46d,lh_9-46d
463,lh_aip,lh_AIP
464,lh_pf,lh_PF
465,lh_pft,lh_PFt
466,lh_pft,lh_PFt
467,lh_pft,lh_PFt
468,lh_1,lh_1
469,lh_1,lh_1
470,lh_2,lh_2
471,lh_1,lh_1
472,lh_3a,lh_3a
473,lh_7al,lh_7AL
474,lh_vip,lh_VIP
475,lh_vip,lh_VIP
476,lh_7pc,lh_7PC
477,lh_7pc,lh_7PC
478,lh_2,lh_2
479,lh_7pc,lh_7PC
480,lh_aip,lh_AIP
481,lh_aip,lh_AIP
482,lh_aip,lh_AIP
483,lh_24dd,lh_24dd
484,lh_24dd,lh_24dd
485,lh_24dd,lh_24dd
486,lh_4,lh_4
487,lh_5m,lh_5m
488,lh_4,lh_4
489,lh_5m,lh_5m
490,lh_5l,lh_5L
491,lh_5l,lh_5L
492,lh_7al,lh_7AL
493,lh_9p,lh_9p
494,lh_8ad,lh_8Ad
495,lh_8bl,lh_8BL
496,lh_6ma,lh_6ma
497,lh_sfl,lh_SFL
498,lh_sfl,lh_SFL
499,lh_sfl,lh_SFL
500,lh_scef,lh_SCEF
501,lh_24dd,lh_24dd
502,lh_?,lh_?
503,lh_?,lh_?
504,lh_?,lh_?
505,lh_?,lh_?
506,lh_33pr,lh_33pr
507,lh_d32,lh_d32
508,lh_a32pr,lh_a32pr
509,lh_a24pr,lh_a24pr
510,lh_p32pr,lh_p32pr
511,lh_p32pr,lh_p32pr
512,lh_47l,lh_47l
513,lh_47s,lh_47s
514,lh_47m,lh_47m
515,lh_13l,lh_13l
516,lh_13l,lh_13l
517,lh_11l,lh_11l
518,lh_ofc,lh_OFC
519,lh_ofc,lh_OFC
520,lh_10v,lh_10v
521,lh_s32,lh_s32
522,lh_6r,lh_6r
523,lh_44,lh_44
524,lh_44,lh_44
525,lh_ifsa,lh_IFSa
526,lh_45,lh_45
527,lh_45,lh_45
528,lh_fop5,lh_FOP5
529,lh_fop5,lh_FOP5
530,lh_avi,lh_AVI
531,lh_a4,lh_A4
532,lh_a5,lh_A5
533,lh_a4,lh_A4
534,lh_mbelt,lh_MBelt
535,lh_mbelt,lh_MBelt
536,lh_ig,lh_Ig
537,lh_poi1,lh_PoI1
538,lh_poi1,lh_PoI1
539,lh_poi2,lh_PoI2
540,lh_mi,lh_MI
541,lh_pf,lh_PF
542,lh_pf,lh_PF
543,lh_psl,lh_PSL
544,lh_pfcm,lh_PFcm
545,lh_pfcm,lh_PFcm
546,lh_psl,lh_PSL
547,lh_a4,lh_A4
548,lh_a4,lh_A4
549,lh_a5,lh_A5
550,lh_lo3,lh_LO3
551,lh_v4t,lh_V4t
552,lh_mt,lh_MT
553,lh_mst,lh_MST
554,lh_tpoj2,lh_TPOJ2
555,lh_pgi,lh_PGi
556,lh_tpoj2,lh_TPOJ2
557,lh_pht,lh_PHT
558,lh_stsvp,lh_STSvp
559,lh_stsdp,lh_STSdp
560,lh_mip,lh_MIP
561,lh_mip,lh_MIP
562,lh_ip0,lh_IP0
563,lh_ip1,lh_IP1
564,lh_ip0,lh_IP0
565,lh_ip0,lh_IP0
566,lh_v3cd,lh_V3CD
567,lh_v3cd,lh_V3CD
568,lh_v4,lh_V4
569,lh_dvt,lh_DVT
570,lh_v1,lh_V1
571,lh_v2,lh_V2
572,lh_v1,lh_V1
573,lh_v1,lh_V1
574,lh_v3,lh_V3
575,lh_v2,lh_V2
576,lh_v2,lh_V2
577,lh_v2,lh_V2
578,lh_v3,lh_V3
579,lh_5mv,lh_5mv
580,lh_23c,lh_23c
581,lh_31a,lh_31a
582,lh_pcv,lh_PCV
583,lh_31pd,lh_31pd
584,lh_31pv,lh_31pv
585,lh_31pv,lh_31pv
586,lh_pos1,lh_POS1
587,lh_pos1,lh_POS1
588,lh_?,lh_?
589,lh_?,lh_?
590,lh_?,lh_?
591,lh_?,lh_?
592,lh_?,lh_?
593,lh_?,lh_?
594,lh_?,lh_?
595,lh_?,lh_?
596,lh_rsc,lh_RSC
597,lh_47s,lh_47s
598,lh_pir,lh_Pir
599,lh_?,lh_?
600,lh_?,lh_?
601,lh_?,lh_?
602,lh_?,lh_?
603,lh_ec,lh_EC
604,lh_ec,lh_EC
605,lh_peec,lh_PeEc
606,lh_peec,lh_PeEc
607,lh_stsva,lh_STSva
608,lh_stsva,lh_STSva
609,lh_te1a,lh_TE1a
610,lh_stga,lh_STGa
611,lh_tgd,lh_TGd
612,lh_te2a,lh_TE2a
613,lh_tgv,lh_TGv
614,lh_tf,lh_TF
615,lh_tf,lh_TF
616,lh_v4t,lh_V4t
617,lh_ph,lh_PH
618,lh_ph,lh_PH
619,lh_te1p,lh_TE1p
620,lh_ph,lh_PH
621,lh_te2p,lh_TE2p
622,lh_te2p,lh_TE2p
623,lh_tf,lh_TF
624,lh_pha3,lh_PHA3
625,lh_v1,lh_V1
626,lh_v1,lh_V1
627,lh_v3,lh_V3
628,lh_v2,lh_V2
629,lh_v3,lh_V3
630,lh_v4,lh_V4
631,lh_pha3,lh_PHA3
632,lh_pha3,lh_PHA3
633,lh_pha3,lh_PHA3
634,lh_?,lh_?
635,lh_?,lh_?
636,lh_?,lh_?
637,lh_?,lh_?
638,lh_?,lh_?
639,lh_h,lh_H
640,lh_pres,lh_PreS
641,lh_pha1,lh_PHA1
642,lh_6d,lh_6d
643,lh_6d,lh_6d
644,lh_6d,lh_6d
645,lh_4,lh_4
646,lh_4,lh_4
647,lh_4,lh_4
648,lh_4,lh_4
649,lh_6d,lh_6d
650,lh_4,lh_4
651,lh_6d,lh_6d
652,lh_9a,lh_9a
653,lh_9a,lh_9a
654,lh_9a,lh_9a
655,lh_9_46d,lh_9-46d
656,lh_9a,lh_9a
657,lh_9_46d,lh_9-46d
658,lh_9_46d,lh_9-46d
659,lh_43,lh_43
660,lh_43,lh_43
661,lh_43,lh_43
662,lh_43,lh_43
663,lh_op4,lh_OP4
664,lh_pfm,lh_PFm
665,lh_pfm,lh_PFm
666,lh_pfm,lh_PFm
667,lh_pfm,lh_PFm
668,lh_pfm,lh_PFm
669,lh_7pl,lh_7PL
670,lh_7pl,lh_7PL
671,lh_vip,lh_VIP
672,lh_7am,lh_7Am
673,lh_7am,lh_7Am
674,lh_24dv,lh_24dv
675,lh_24dv,lh_24dv
676,lh_24dv,lh_24dv
677,lh_?,lh_?
678,lh_?,lh_?
679,lh_?,lh_?
680,lh_avi,lh_AVI
681,lh_aaic,lh_AAIC
682,lh_avi,lh_AVI
683,lh_stsdp,lh_STSdp
684,lh_stsvp,lh_STSvp
685,lh_stsdp,lh_STSdp
686,lh_v4,lh_V4
687,lh_v3,lh_V3
688,lh_v4,lh_V4
689,lh_pos1,lh_POS1
690,lh_pros,lh_ProS
691,lh_pros,lh_ProS
692,lh_4,lh_4
693,lh_6v,lh_6v
694,lh_pef,lh_PEF
695,lh_i6_8,lh_i6-8
696,lh_8av,lh_8Av
697,lh_8av,lh_8Av
698,lh_8av,lh_8Av
699,lh_8av,lh_8Av
700,lh_2,lh_2
701,lh_2,lh_2
702,lh_1,lh_1
703,lh_4,lh_4
704,lh_3a,lh_3a
705,lh_4,lh_4
706,lh_4,lh_4
707,lh_2,lh_2
708,lh_2,lh_2
709,lh_2,lh_2
710,lh_1,lh_1
711,lh_2,lh_2
712,lh_2,lh_2
713,lh_2,lh_2
714,lh_6mp,lh_6mp
715,lh_6mp,lh_6mp
716,lh_6mp,lh_6mp
717,lh_3b,lh_3b
718,lh_3b,lh_3b
719,lh_1,lh_1
720,lh_2,lh_2
721,lh_8ad,lh_8Ad
722,lh_i6_8,lh_i6-8
723,lh_6mp,lh_6mp
724,lh_6ma,lh_6ma
725,lh_6ma,lh_6ma
726,lh_6ma,lh_6ma
727,lh_p32,lh_p32
728,lh_p32,lh_p32
729,lh_p32,lh_p32
730,lh_8bm,lh_8BM
731,lh_8bm,lh_8BM
732,lh_8bm,lh_8BM
733,lh_8bm,lh_8BM
734,lh_8bm,lh_8BM
735,lh_a47r,lh_a47r
736,lh_a47r,lh_a47r
737,lh_a47r,lh_a47r
738,lh_10d,lh_10d
739,lh_10r,lh_10r
740,lh_10r,lh_10r
741,lh_10r,lh_10r
742,lh_ifsp,lh_IFSp
743,lh_ifsp,lh_IFSp
744,lh_ifsp,lh_IFSp
745,lh_p47r,lh_p47r
746,lh_p47r,lh_p47r
747,lh_p47r,lh_p47r
748,lh_a47r,lh_a47r
749,lh_lbelt,lh_LBelt
750,lh_a1,lh_A1
751,lh_a1,lh_A1
752,lh_fop4,lh_FOP4
753,lh_fop3,lh_FOP3
754,lh_fop4,lh_FOP4
755,lh_fop4,lh_FOP4
756,lh_fop4,lh_FOP4
757,lh_pfop,lh_PFop
758,lh_pf,lh_PF
759,lh_pfop,lh_PFop
760,lh_ri,lh_RI
761,lh_ri,lh_RI
762,lh_lbelt,lh_LBelt
763,lh_lbelt,lh_LBelt
764,lh_pgi,lh_PGi
765,lh_pgi,lh_PGi
766,lh_pgi,lh_PGi
767,lh_stv,lh_STV
768,lh_stv,lh_STV
769,lh_stv,lh_STV
770,lh_stv,lh_STV
771,lh_stv,lh_STV
772,lh_lipd,lh_LIPd
773,lh_lipd,lh_LIPd
774,lh_lipd,lh_LIPd
775,lh_pgs,lh_PGs
776,lh_pgs,lh_PGs
777,lh_pgs,lh_PGs
778,lh_pgs,lh_PGs
779,lh_pos2,lh_POS2
780,lh_dvt,lh_DVT
781,lh_dvt,lh_DVT
782,lh_v7,lh_V7
783,lh_v3a,lh_V3A
784,lh_v3a,lh_V3A
785,lh_v4,lh_V4
786,lh_v3b,lh_V3B
787,lh_5mv,lh_5mv
788,lh_5mv,lh_5mv
789,lh_5mv,lh_5mv
790,lh_pos2,lh_POS2
791,lh_7m,lh_7m
792,lh_pos2,lh_POS2
793,lh_pos2,lh_POS2
794,lh_?,lh_?
795,lh_?,lh_?
796,lh_?,lh_?
797,lh_rsc,lh_RSC
798,lh_?,lh_?
799,lh_rsc,lh_RSC
800,lh_rsc,lh_RSC
801,lh_d23ab,lh_d23ab
802,lh_13l,lh_13l
803,lh_13l,lh_13l
804,lh_ofc,lh_OFC
805,lh_?,lh_?
806,lh_?,lh_?
807,lh_?,lh_?
808,lh_h,lh_H
809,lh_?,lh_?
810,lh_ta2,lh_TA2
811,lh_ta2,lh_TA2
812,lh_ta2,lh_TA2
813,lh_tgd,lh_TGd
814,lh_tgd,lh_TGd
815,lh_tgd,lh_TGd
816,lh_tgd,lh_TGd
817,lh_tgd,lh_TGd
818,lh_pht,lh_PHT
819,lh_pht,lh_PHT
820,lh_pht,lh_PHT
821,lh_te2a,lh_TE2a
822,lh_te2a,lh_TE2a
823,lh_te2a,lh_TE2a
824,lh_te2a,lh_TE2a
825,lh_te2a,lh_TE2a
826,lh_v1,lh_V1
827,lh_v1,lh_V1
828,lh_v1,lh_V1
829,lh_v8,lh_V8
830,lh_v8,lh_V8
831,lh_v8,lh_V8
832,lh_vvc,lh_VVC
833,lh_ffc,lh_FFC
834,lh_?,lh_?
835,lh_?,lh_?
836,lh_?,lh_?
837,lh_vmv1,lh_VMV1
838,lh_pha1,lh_PHA1
839,lh_vmv1,lh_VMV1
840,lh_vmv1,lh_VMV1
841,lh_vmv1,lh_VMV1
842,lh_4,lh_4
843,lh_55b,lh_55b
844,lh_fef,lh_FEF
845,lh_fef,lh_FEF
846,lh_fef,lh_FEF
847,lh_fef,lh_FEF
848,lh_fef,lh_FEF
849,lh_6a,lh_6a
850,lh_3b,lh_3b
851,lh_3b,lh_3b
852,lh_3b,lh_3b
853,lh_4,lh_4
854,lh_4,lh_4
855,lh_4,lh_4
856,lh_4,lh_4
857,lh_3b,lh_3b
858,lh_3b,lh_3b
859,lh_3b,lh_3b
860,lh_3a,lh_3a
861,lh_3b,lh_3b
862,lh_3b,lh_3b
863,lh_3b,lh_3b
864,lh_6mp,lh_6mp
865,lh_6mp,lh_6mp
866,lh_6mp,lh_6mp
867,lh_4,lh_4
868,lh_4,lh_4
869,lh_3a,lh_3a
870,lh_3b,lh_3b
871,lh_6a,lh_6a
872,lh_6a,lh_6a
873,lh_6d,lh_6d
874,lh_6a,lh_6a
875,lh_6d,lh_6d
876,lh_6mp,lh_6mp
877,lh_10d,lh_10d
878,lh_10d,lh_10d
879,lh_10d,lh_10d
880,lh_9p,lh_9p
881,lh_9a,lh_9a
882,lh_9p,lh_9p
883,lh_9m,lh_9m
884,lh_9p,lh_9p
885,lh_a9_46v,lh_a9-46v
886,lh_a10p,lh_a10p
887,lh_a9_46v,lh_a9-46v
888,lh_10d,lh_10d
889,lh_p10p,lh_p10p
890,lh_10d,lh_10d
891,lh_10d,lh_10d
892,lh_p9_46v,lh_p9-46v
893,lh_p9_46v,lh_p9-46v
894,lh_46,lh_46
895,lh_9_46d,lh_9-46d
896,lh_9_46d,lh_9-46d
897,lh_9_46d,lh_9-46d
898,lh_a9_46v,lh_a9-46v
899,lh_op2_3,lh_OP2-3
900,lh_op2_3,lh_OP2-3
901,lh_op2_3,lh_OP2-3
902,lh_fop1,lh_FOP1
903,lh_fop2,lh_FOP2
904,lh_fop1,lh_FOP1
905,lh_fop4,lh_FOP4
906,lh_fop4,lh_FOP4
907,lh_op4,lh_OP4
908,lh_pfop,lh_PFop
909,lh_op4,lh_OP4
910,lh_op1,lh_OP1
911,lh_op1,lh_OP1
912,lh_op1,lh_OP1
913,lh_op1,lh_OP1
914,lh_pgs,lh_PGs
915,lh_pgs,lh_PGs
916,lh_pfm,lh_PFm
917,lh_pfm,lh_PFm
918,lh_pfm,lh_PFm
919,lh_pfm,lh_PFm
920,lh_pfm,lh_PFm
921,lh_psl,lh_PSL
922,lh_ip2,lh_IP2
923,lh_ip2,lh_IP2
924,lh_ip2,lh_IP2
925,lh_pfm,lh_PFm
926,lh_pfm,lh_PFm
927,lh_pfm,lh_PFm
928,lh_pgs,lh_PGs
929,lh_pos2,lh_POS2
930,lh_pos2,lh_POS2
931,lh_pos2,lh_POS2
932,lh_ips1,lh_IPS1
933,lh_ips1,lh_IPS1
934,lh_ips1,lh_IPS1
935,lh_ips1,lh_IPS1
936,lh_ips1,lh_IPS1
937,lh_7am,lh_7Am
938,lh_7am,lh_7Am
939,lh_7am,lh_7Am
940,lh_7pm,lh_7Pm
941,lh_7pm,lh_7Pm
942,lh_7pm,lh_7Pm
943,lh_pos2,lh_POS2
944,lh_a24pr,lh_a24pr
945,lh_p24pr,lh_p24pr
946,lh_p24pr,lh_p24pr
947,lh_23c,lh_23c
948,lh_p24pr,lh_p24pr
949,lh_23d,lh_23d
950,lh_23d,lh_23d
951,lh_23d,lh_23d
952,lh_ofc,lh_OFC
953,lh_pofc,lh_pOFC
954,lh_pofc,lh_pOFC
955,lh_?,lh_?
956,lh_?,lh_?
957,lh_?,lh_?
958,lh_?,lh_?
959,lh_?,lh_?
960,lh_poi2,lh_PoI2
961,lh_pi,lh_PI
962,lh_poi1,lh_PoI1
963,lh_poi2,lh_PoI2
964,lh_poi1,lh_PoI1
965,lh_pir,lh_Pir
966,lh_tgd,lh_TGd
967,lh_pir,lh_Pir
968,lh_stsvp,lh_STSvp
969,lh_te1p,lh_TE1p
970,lh_stsvp,lh_STSvp
971,lh_stsvp,lh_STSvp
972,lh_te1m,lh_TE1m
973,lh_te1m,lh_TE1m
974,lh_te1m,lh_TE1m
975,lh_te1a,lh_TE1a
976,lh_v1,lh_V1
977,lh_v1,lh_V1
978,lh_v1,lh_V1
979,lh_v4,lh_V4
980,lh_v3,lh_V3
981,lh_v4,lh_V4
982,lh_v4,lh_V4
983,lh_pit,lh_PIT
984,lh_?,lh_?
985,lh_?,lh_?
986,lh_rsc,lh_RSC
987,lh_pros,lh_ProS
988,lh_pros,lh_ProS
989,lh_v1,lh_V1
990,lh_v2,lh_V2
991,lh_v1,lh_V1
992,lh_6v,lh_6v
993,lh_6r,lh_6r
994,lh_6v,lh_6v
995,lh_ifjp,lh_IFJp
996,lh_ifjp,lh_IFJp
997,lh_ifjp,lh_IFJp
998,lh_ifja,lh_IFJa
999,lh_ifjp,lh_IFJp
1000,lh_55b,lh_55b
1001,lh_pef,lh_PEF
1002,lh_55b,lh_55b
1003,lh_8av,lh_8Av
1004,lh_8c,lh_8C
1005,lh_8c,lh_8C
1006,lh_8c,lh_8C
1007,lh_8c,lh_8C
1008,lh_p9_46v,lh_p9-46v
1009,lh_8c,lh_8C
1010,lh_46,lh_46
1011,lh_46,lh_46
1012,lh_46,lh_46
1013,lh_9_46d,lh_9-46d
1014,lh_9_46d,lh_9-46d
1015,lh_aip,lh_AIP
1016,lh_pft,lh_PFt
1017,lh_pft,lh_PFt
1018,lh_pft,lh_PFt
1019,lh_pft,lh_PFt
1020,lh_pft,lh_PFt
1021,lh_pft,lh_PFt
1022,lh_pft,lh_PFt
1023,lh_3b,lh_3b
1024,lh_3b,lh_3b
1025,lh_3b,lh_3b
1026,lh_3b,lh_3b
1027,lh_3b,lh_3b
1028,lh_3b,lh_3b
1029,lh_1,lh_1
1030,lh_1,lh_1
1031,lh_1,lh_1
1032,lh_3b,lh_3b
1033,lh_4,lh_4
1034,lh_3a,lh_3a
1035,lh_4,lh_4
1036,lh_3a,lh_3a
1037,lh_7al,lh_7AL
1038,lh_7al,lh_7AL
1039,lh_7al,lh_7AL
1040,lh_7pc,lh_7PC
1041,lh_7pc,lh_7PC
1042,lh_7pc,lh_7PC
1043,lh_7pc,lh_7PC
1044,lh_7pc,lh_7PC
1045,lh_1,lh_1
1046,lh_2,lh_2
1047,lh_2,lh_2
1048,lh_2,lh_2
1049,lh_2,lh_2
1050,lh_7pc,lh_7PC
1051,lh_aip,lh_AIP
1052,lh_aip,lh_AIP
1053,lh_aip,lh_AIP
1054,lh_aip,lh_AIP
1055,lh_aip,lh_AIP
1056,lh_aip,lh_AIP
1057,lh_aip,lh_AIP
1058,lh_aip,lh_AIP
1059,lh_24dd,lh_24dd
1060,lh_24dd,lh_24dd
1061,lh_6mp,lh_6mp
1062,lh_4,lh_4
1063,lh_4,lh_4
1064,lh_4,lh_4
1065,lh_4,lh_4
1066,lh_4,lh_4
1067,lh_4,lh_4
1068,lh_4,lh_4
1069,lh_4,lh_4
1070,lh_1,lh_1
1071,lh_5m,lh_5m
1072,lh_5l,lh_5L
1073,lh_5m,lh_5m
1074,lh_5l,lh_5L
1075,lh_5l,lh_5L
1076,lh_5l,lh_5L
1077,lh_7al,lh_7AL
1078,lh_7al,lh_7AL
1079,lh_7al,lh_7AL
1080,lh_7al,lh_7AL
1081,lh_9p,lh_9p
1082,lh_8ad,lh_8Ad
1083,lh_8ad,lh_8Ad
1084,lh_8ad,lh_8Ad
1085,lh_8ad,lh_8Ad
1086,lh_8bl,lh_8BL
1087,lh_s6_8,lh_s6-8
1088,lh_6a,lh_6a
1089,lh_6a,lh_6a
1090,lh_6a,lh_6a
1091,lh_6ma,lh_6ma
1092,lh_6ma,lh_6ma
1093,lh_sfl,lh_SFL
1094,lh_sfl,lh_SFL
1095,lh_sfl,lh_SFL
1096,lh_sfl,lh_SFL
1097,lh_sfl,lh_SFL
1098,lh_scef,lh_SCEF
1099,lh_scef,lh_SCEF
1100,lh_scef,lh_SCEF
1101,lh_scef,lh_SCEF
1102,lh_a24,lh_a24
1103,lh_?,lh_?
1104,lh_?,lh_?
1105,lh_p24,lh_p24
1106,lh_?,lh_?
1107,lh_p24,lh_p24
1108,lh_?,lh_?
1109,lh_p24,lh_p24
1110,lh_9m,lh_9m
1111,lh_9m,lh_9m
1112,lh_9m,lh_9m
1113,lh_a32pr,lh_a32pr
1114,lh_a32pr,lh_a32pr
1115,lh_a32pr,lh_a32pr
1116,lh_a32pr,lh_a32pr
1117,lh_p32pr,lh_p32pr
1118,lh_p32pr,lh_p32pr
1119,lh_p32pr,lh_p32pr
1120,lh_scef,lh_SCEF
1121,lh_p32pr,lh_p32pr
1122,lh_p32pr,lh_p32pr
1123,lh_p32pr,lh_p32pr
1124,lh_scef,lh_SCEF
1125,lh_47l,lh_47l
1126,lh_47l,lh_47l
1127,lh_47m,lh_47m
1128,lh_11l,lh_11l
1129,lh_47m,lh_47m
1130,lh_11l,lh_11l
1131,lh_13l,lh_13l
1132,lh_11l,lh_11l
1133,lh_a10p,lh_a10p
1134,lh_a10p,lh_a10p
1135,lh_a10p,lh_a10p
1136,lh_10v,lh_10v
1137,lh_10pp,lh_10pp
1138,lh_10v,lh_10v
1139,lh_ofc,lh_OFC
1140,lh_10v,lh_10v
1141,lh_ofc,lh_OFC
1142,lh_10v,lh_10v
1143,lh_s32,lh_s32
1144,lh_s32,lh_s32
1145,lh_s32,lh_s32
1146,lh_25,lh_25
1147,lh_6r,lh_6r
1148,lh_6r,lh_6r
1149,lh_6r,lh_6r
1150,lh_44,lh_44
1151,lh_44,lh_44
1152,lh_44,lh_44
1153,lh_44,lh_44
1154,lh_44,lh_44
1155,lh_ifsa,lh_IFSa
1156,lh_ifsa,lh_IFSa
1157,lh_ifsa,lh_IFSa
1158,lh_ifsa,lh_IFSa
1159,lh_ifsa,lh_IFSa
1160,lh_45,lh_45
1161,lh_45,lh_45
1162,lh_45,lh_45
1163,lh_45,lh_45
1164,lh_45,lh_45
1165,lh_47l,lh_47l
1166,lh_47l,lh_47l
1167,lh_47l,lh_47l
1168,lh_fop5,lh_FOP5
1169,lh_pbelt,lh_PBelt
1170,lh_a4,lh_A4
1171,lh_pbelt,lh_PBelt
1172,lh_a1,lh_A1
1173,lh_a1,lh_A1
1174,lh_mbelt,lh_MBelt
1175,lh_mbelt,lh_MBelt
1176,lh_52,lh_52
1177,lh_ig,lh_Ig
1178,lh_ig,lh_Ig
1179,lh_ig,lh_Ig
1180,lh_poi2,lh_PoI2
1181,lh_poi2,lh_PoI2
1182,lh_poi1,lh_PoI1
1183,lh_poi1,lh_PoI1
1184,lh_poi1,lh_PoI1
1185,lh_poi1,lh_PoI1
1186,lh_poi2,lh_PoI2
1187,lh_fop4,lh_FOP4
1188,lh_mi,lh_MI
1189,lh_avi,lh_AVI
1190,lh_avi,lh_AVI
1191,lh_avi,lh_AVI
1192,lh_pf,lh_PF
1193,lh_pf,lh_PF
1194,lh_pf,lh_PF
1195,lh_pf,lh_PF
1196,lh_pf,lh_PF
1197,lh_pf,lh_PF
1198,lh_psl,lh_PSL
1199,lh_pf,lh_PF
1200,lh_pfcm,lh_PFcm
1201,lh_pfcm,lh_PFcm
1202,lh_pfcm,lh_PFcm
1203,lh_ri,lh_RI
1204,lh_pfcm,lh_PFcm
1205,lh_psl,lh_PSL
1206,lh_psl,lh_PSL
1207,lh_psl,lh_PSL
1208,lh_a4,lh_A4
1209,lh_pbelt,lh_PBelt
1210,lh_pbelt,lh_PBelt
1211,lh_pbelt,lh_PBelt
1212,lh_pbelt,lh_PBelt
1213,lh_a4,lh_A4
1214,lh_lo3,lh_LO3
1215,lh_lo3,lh_LO3
1216,lh_lo3,lh_LO3
1217,lh_tpoj3,lh_TPOJ3
1218,lh_mst,lh_MST
1219,lh_mst,lh_MST
1220,lh_fst,lh_FST
1221,lh_tpoj2,lh_TPOJ2
1222,lh_pgi,lh_PGi
1223,lh_pgi,lh_PGi
1224,lh_pgi,lh_PGi
1225,lh_tpoj1,lh_TPOJ1
1226,lh_tpoj1,lh_TPOJ1
1227,lh_tpoj1,lh_TPOJ1
1228,lh_tpoj2,lh_TPOJ2
1229,lh_pht,lh_PHT
1230,lh_stsvp,lh_STSvp
1231,lh_stsdp,lh_STSdp
1232,lh_tpoj1,lh_TPOJ1
1233,lh_stsdp,lh_STSdp
1234,lh_stsdp,lh_STSdp
1235,lh_stsdp,lh_STSdp
1236,lh_a5,lh_A5
1237,lh_lipv,lh_LIPv
1238,lh_vip,lh_VIP
1239,lh_lipv,lh_LIPv
1240,lh_lipd,lh_LIPd
1241,lh_mip,lh_MIP
1242,lh_mip,lh_MIP
1243,lh_ip0,lh_IP0
1244,lh_mip,lh_MIP
1245,lh_ip1,lh_IP1
1246,lh_ip1,lh_IP1
1247,lh_pfm,lh_PFm
1248,lh_pgs,lh_PGs
1249,lh_ip1,lh_IP1
1250,lh_ip0,lh_IP0
1251,lh_ip0,lh_IP0
1252,lh_ip0,lh_IP0
1253,lh_ip0,lh_IP0
1254,lh_pgp,lh_PGp
1255,lh_pgp,lh_PGp
1256,lh_pgp,lh_PGp
1257,lh_pgp,lh_PGp
1258,lh_lo1,lh_LO1
1259,lh_pos1,lh_POS1
1260,lh_v2,lh_V2
1261,lh_v2,lh_V2
1262,lh_v2,lh_V2
1263,lh_v2,lh_V2
1264,lh_v2,lh_V2
1265,lh_v1,lh_V1
1266,lh_v2,lh_V2
1267,lh_v6,lh_V6
1268,lh_v6,lh_V6
1269,lh_v6,lh_V6
1270,lh_v3,lh_V3
1271,lh_v3,lh_V3
1272,lh_v2,lh_V2
1273,lh_v2,lh_V2
1274,lh_v2,lh_V2
1275,lh_v2,lh_V2
1276,lh_v2,lh_V2
1277,lh_v4,lh_V4
1278,lh_v3,lh_V3
1279,lh_v3,lh_V3
1280,lh_v3,lh_V3
1281,lh_v4,lh_V4
1282,lh_24dd,lh_24dd
1283,lh_24dd,lh_24dd
1284,lh_5mv,lh_5mv
1285,lh_23c,lh_23c
1286,lh_23c,lh_23c
1287,lh_23c,lh_23c
1288,lh_31a,lh_31a
1289,lh_31a,lh_31a
1290,lh_pcv,lh_PCV
1291,lh_pcv,lh_PCV
1292,lh_pcv,lh_PCV
1293,lh_31pd,lh_31pd
1294,lh_31pd,lh_31pd
1295,lh_31pv,lh_31pv
1296,lh_31pv,lh_31pv
1297,lh_31pv,lh_31pv
1298,lh_31pv,lh_31pv
1299,lh_31pd,lh_31pd
1300,lh_pos1,lh_POS1
1301,lh_pos1,lh_POS1
1302,lh_pos1,lh_POS1
1303,lh_pos1,lh_POS1
1304,lh_?,lh_?
1305,lh_?,lh_?
1306,lh_?,lh_?
1307,lh_?,lh_?
1308,lh_?,lh_?
1309,lh_?,lh_?
1310,lh_?,lh_?
1311,lh_?,lh_?
1312,lh_?,lh_?
1313,lh_?,lh_?
1314,lh_?,lh_?
1315,lh_?,lh_?
1316,lh_?,lh_?
1317,lh_?,lh_?
1318,lh_?,lh_?
1319,lh_?,lh_?
1320,lh_?,lh_?
1321,lh_?,lh_?
1322,lh_rsc,lh_RSC
1323,lh_?,lh_?
1324,lh_rsc,lh_RSC
1325,lh_pos1,lh_POS1
1326,lh_v23ab,lh_v23ab
1327,lh_47s,lh_47s
1328,lh_47s,lh_47s
1329,lh_47s,lh_47s
1330,lh_pir,lh_Pir
1331,lh_pir,lh_Pir
1332,lh_?,lh_?
1333,lh_?,lh_?
1334,lh_?,lh_?
1335,lh_?,lh_?
1336,lh_?,lh_?
1337,lh_?,lh_?
1338,lh_?,lh_?
1339,lh_?,lh_?
1340,lh_?,lh_?
1341,lh_?,lh_?
1342,lh_?,lh_?
1343,lh_ec,lh_EC
1344,lh_h,lh_H
1345,lh_h,lh_H
1346,lh_ec,lh_EC
1347,lh_ec,lh_EC
1348,lh_ec,lh_EC
1349,lh_ec,lh_EC
1350,lh_a5,lh_A5
1351,lh_stsda,lh_STSda
1352,lh_stsda,lh_STSda
1353,lh_stsva,lh_STSva
1354,lh_stsva,lh_STSva
1355,lh_stsva,lh_STSva
1356,lh_te1a,lh_TE1a
1357,lh_te1a,lh_TE1a
1358,lh_pi,lh_PI
1359,lh_stga,lh_STGa
1360,lh_stga,lh_STGa
1361,lh_tgd,lh_TGd
1362,lh_tgd,lh_TGd
1363,lh_tgd,lh_TGd
1364,lh_tgd,lh_TGd
1365,lh_tgv,lh_TGv
1366,lh_tgv,lh_TGv
1367,lh_tgv,lh_TGv
1368,lh_peec,lh_PeEc
1369,lh_tf,lh_TF
1370,lh_peec,lh_PeEc
1371,lh_peec,lh_PeEc
1372,lh_peec,lh_PeEc
1373,lh_mt,lh_MT
1374,lh_v4t,lh_V4t
1375,lh_v4t,lh_V4t
1376,lh_ph,lh_PH
1377,lh_fst,lh_FST
1378,lh_ph,lh_PH
1379,lh_ph,lh_PH
1380,lh_ph,lh_PH
1381,lh_te1p,lh_TE1p
1382,lh_te1p,lh_TE1p
1383,lh_te1p,lh_TE1p
1384,lh_te2p,lh_TE2p
1385,lh_te1p,lh_TE1p
1386,lh_te2p,lh_TE2p
1387,lh_te2p,lh_TE2p
1388,lh_te2p,lh_TE2p
1389,lh_te2p,lh_TE2p
1390,lh_te2p,lh_TE2p
1391,lh_te2p,lh_TE2p
1392,lh_te2p,lh_TE2p
1393,lh_tf,lh_TF
1394,lh_tf,lh_TF
1395,lh_tf,lh_TF
1396,lh_v1,lh_V1
1397,lh_v1,lh_V1
1398,lh_v1,lh_V1
1399,lh_v1,lh_V1
1400,lh_v1,lh_V1
1401,lh_v1,lh_V1
1402,lh_v2,lh_V2
1403,lh_v2,lh_V2
1404,lh_v2,lh_V2
1405,lh_v1,lh_V1
1406,lh_v2,lh_V2
1407,lh_v4,lh_V4
1408,lh_v3,lh_V3
1409,lh_v4,lh_V4
1410,lh_v3,lh_V3
1411,lh_v4,lh_V4
1412,lh_vmv2,lh_VMV2
1413,lh_vmv3,lh_VMV3
1414,lh_vvc,lh_VVC
1415,lh_vvc,lh_VVC
1416,lh_vvc,lh_VVC
1417,lh_vvc,lh_VVC
1418,lh_tf,lh_TF
1419,lh_?,lh_?
1420,lh_?,lh_?
1421,lh_?,lh_?
1422,lh_?,lh_?
1423,lh_?,lh_?
1424,lh_?,lh_?
1425,lh_?,lh_?
1426,lh_?,lh_?
1427,lh_?,lh_?
1428,lh_?,lh_?
1429,lh_h,lh_H
1430,lh_pres,lh_PreS
1431,lh_h,lh_H
1432,lh_h,lh_H
1433,lh_h,lh_H
1434,lh_h,lh_H
1435,lh_h,lh_H
1436,lh_pres,lh_PreS
1437,lh_pha2,lh_PHA2
1438,lh_pha1,lh_PHA1
1439,lh_pha2,lh_PHA2
1440,lh_pha2,lh_PHA2
1441,lh_pha3,lh_PHA3
1442,lh_4,lh_4
1443,lh_fef,lh_FEF
1444,lh_6d,lh_6d
1445,lh_6a,lh_6a
1446,lh_6a,lh_6a
1447,lh_3a,lh_3a
1448,lh_3a,lh_3a
1449,lh_4,lh_4
1450,lh_4,lh_4
1451,lh_3a,lh_3a
1452,lh_3a,lh_3a
1453,lh_3a,lh_3a
1454,lh_3a,lh_3a
1455,lh_6d,lh_6d
1456,lh_6d,lh_6d
1457,lh_6d,lh_6d
1458,lh_4,lh_4
1459,lh_6a,lh_6a
1460,lh_6a,lh_6a
1461,lh_6d,lh_6d
1462,lh_9a,lh_9a
1463,lh_9a,lh_9a
1464,lh_9a,lh_9a
1465,lh_9a,lh_9a
1466,lh_9p,lh_9p
1467,lh_9_46d,lh_9-46d
1468,lh_9_46d,lh_9-46d
1469,lh_9_46d,lh_9-46d
1470,lh_9a,lh_9a
1471,lh_46,lh_46
1472,lh_46,lh_46
1473,lh_9_46d,lh_9-46d
1474,lh_9_46d,lh_9-46d
1475,lh_op4,lh_OP4
1476,lh_op2_3,lh_OP2-3
1477,lh_43,lh_43
1478,lh_43,lh_43
1479,lh_fop1,lh_FOP1
1480,lh_op4,lh_OP4
1481,lh_op4,lh_OP4
1482,lh_op4,lh_OP4
1483,lh_op4,lh_OP4
1484,lh_pfm,lh_PFm
1485,lh_pfm,lh_PFm
1486,lh_pfm,lh_PFm
1487,lh_pfm,lh_PFm
1488,lh_pfm,lh_PFm
1489,lh_ip2,lh_IP2
1490,lh_ip2,lh_IP2
1491,lh_pfm,lh_PFm
1492,lh_pfm,lh_PFm
1493,lh_7pm,lh_7Pm
1494,lh_7pl,lh_7PL
1495,lh_7pl,lh_7PL
1496,lh_7pl,lh_7PL
1497,lh_mip,lh_MIP
1498,lh_7am,lh_7Am
1499,lh_7am,lh_7Am
1500,lh_7am,lh_7Am
1501,lh_7am,lh_7Am
1502,lh_24dv,lh_24dv
1503,lh_p24pr,lh_p24pr
1504,lh_24dv,lh_24dv
1505,lh_23c,lh_23c
1506,lh_23c,lh_23c
1507,lh_25,lh_25
1508,lh_pofc,lh_pOFC
1509,lh_?,lh_?
1510,lh_?,lh_?
1511,lh_?,lh_?
1512,lh_mi,lh_MI
1513,lh_poi2,lh_PoI2
1514,lh_mi,lh_MI
1515,lh_aaic,lh_AAIC
1516,lh_aaic,lh_AAIC
1517,lh_stsvp,lh_STSvp
1518,lh_stsvp,lh_STSvp
1519,lh_stsvp,lh_STSvp
1520,lh_stsvp,lh_STSvp
1521,lh_stsva,lh_STSva
1522,lh_v1,lh_V1
1523,lh_v1,lh_V1
1524,lh_v2,lh_V2
1525,lh_v3,lh_V3
1526,lh_lo2,lh_LO2
1527,lh_rsc,lh_RSC
1528,lh_rsc,lh_RSC
1529,lh_pros,lh_ProS
1530,lh_pros,lh_ProS
1531,lh_v1,lh_V1
1532,lh_4,lh_4
1533,lh_6v,lh_6v
1534,lh_6v,lh_6v
1535,lh_pef,lh_PEF
1536,lh_pef,lh_PEF
1537,lh_8av,lh_8Av
1538,lh_8av,lh_8Av
1539,lh_8av,lh_8Av
1540,lh_8av,lh_8Av
1541,lh_8av,lh_8Av
1542,lh_8av,lh_8Av
1543,lh_8av,lh_8Av
1544,lh_8ad,lh_8Ad
1545,lh_8ad,lh_8Ad
1546,lh_aip,lh_AIP
1547,lh_pft,lh_PFt
1548,lh_2,lh_2
1549,lh_2,lh_2
1550,lh_2,lh_2
1551,lh_3a,lh_3a
1552,lh_3b,lh_3b
1553,lh_3a,lh_3a
1554,lh_3b,lh_3b
1555,lh_3b,lh_3b
1556,lh_3a,lh_3a
1557,lh_3a,lh_3a
1558,lh_4,lh_4
1559,lh_7al,lh_7AL
1560,lh_7al,lh_7AL
1561,lh_2,lh_2
1562,lh_2,lh_2
1563,lh_2,lh_2
1564,lh_1,lh_1
1565,lh_2,lh_2
1566,lh_2,lh_2
1567,lh_2,lh_2
1568,lh_2,lh_2
1569,lh_aip,lh_AIP
1570,lh_2,lh_2
1571,lh_aip,lh_AIP
1572,lh_scef,lh_SCEF
1573,lh_6mp,lh_6mp
1574,lh_6mp,lh_6mp
1575,lh_4,lh_4
1576,lh_4,lh_4
1577,lh_3a,lh_3a
1578,lh_3a,lh_3a
1579,lh_3b,lh_3b
1580,lh_3b,lh_3b
1581,lh_5l,lh_5L
1582,lh_5l,lh_5L
1583,lh_5l,lh_5L
1584,lh_7al,lh_7AL
1585,lh_8ad,lh_8Ad
1586,lh_8ad,lh_8Ad
1587,lh_8ad,lh_8Ad
1588,lh_8ad,lh_8Ad
1589,lh_6a,lh_6a
1590,lh_6ma,lh_6ma
1591,lh_6ma,lh_6ma
1592,lh_6ma,lh_6ma
1593,lh_6ma,lh_6ma
1594,lh_6ma,lh_6ma
1595,lh_6ma,lh_6ma
1596,lh_scef,lh_SCEF
1597,lh_p32,lh_p32
1598,lh_a24,lh_a24
1599,lh_a24,lh_a24
1600,lh_a24,lh_a24
1601,lh_a24,lh_a24
1602,lh_9m,lh_9m
1603,lh_d32,lh_d32
1604,lh_8bm,lh_8BM
1605,lh_8bm,lh_8BM
1606,lh_a32pr,lh_a32pr
1607,lh_a32pr,lh_a32pr
1608,lh_8bm,lh_8BM
1609,lh_8bm,lh_8BM
1610,lh_scef,lh_SCEF
1611,lh_a47r,lh_a47r
1612,lh_a47r,lh_a47r
1613,lh_a47r,lh_a47r
1614,lh_a47r,lh_a47r
1615,lh_11l,lh_11l
1616,lh_10pp,lh_10pp
1617,lh_10pp,lh_10pp
1618,lh_10v,lh_10v
1619,lh_10v,lh_10v
1620,lh_10v,lh_10v
1621,lh_10r,lh_10r
1622,lh_10r,lh_10r
1623,lh_p32,lh_p32
1624,lh_ifja,lh_IFJa
1625,lh_ifja,lh_IFJa
1626,lh_ifja,lh_IFJa
1627,lh_ifsp,lh_IFSp
1628,lh_ifsp,lh_IFSp
1629,lh_p47r,lh_p47r
1630,lh_p47r,lh_p47r
1631,lh_p47r,lh_p47r
1632,lh_p47r,lh_p47r
1633,lh_p47r,lh_p47r
1634,lh_45,lh_45
1635,lh_47l,lh_47l
1636,lh_a47r,lh_a47r
1637,lh_lbelt,lh_LBelt
1638,lh_lbelt,lh_LBelt
1639,lh_a1,lh_A1
1640,lh_a1,lh_A1
1641,lh_mbelt,lh_MBelt
1642,lh_fop2,lh_FOP2
1643,lh_ig,lh_Ig
1644,lh_fop3,lh_FOP3
1645,lh_fop3,lh_FOP3
1646,lh_fop3,lh_FOP3
1647,lh_mi,lh_MI
1648,lh_fop3,lh_FOP3
1649,lh_fop4,lh_FOP4
1650,lh_fop4,lh_FOP4
1651,lh_pf,lh_PF
1652,lh_pf,lh_PF
1653,lh_pf,lh_PF
1654,lh_pf,lh_PF
1655,lh_pf,lh_PF
1656,lh_op1,lh_OP1
1657,lh_pfcm,lh_PFcm
1658,lh_ri,lh_RI
1659,lh_ri,lh_RI
1660,lh_ri,lh_RI
1661,lh_pbelt,lh_PBelt
1662,lh_lbelt,lh_LBelt
1663,lh_lbelt,lh_LBelt
1664,lh_pgp,lh_PGp
1665,lh_tpoj3,lh_TPOJ3
1666,lh_tpoj3,lh_TPOJ3
1667,lh_tpoj3,lh_TPOJ3
1668,lh_tpoj3,lh_TPOJ3
1669,lh_pgi,lh_PGi
1670,lh_pgi,lh_PGi
1671,lh_pgi,lh_PGi
1672,lh_tpoj1,lh_TPOJ1
1673,lh_tpoj1,lh_TPOJ1
1674,lh_tpoj1,lh_TPOJ1
1675,lh_tpoj1,lh_TPOJ1
1676,lh_tpoj1,lh_TPOJ1
1677,lh_tpoj1,lh_TPOJ1
1678,lh_lipv,lh_LIPv
1679,lh_lipv,lh_LIPv
1680,lh_lipv,lh_LIPv
1681,lh_lipd,lh_LIPd
1682,lh_ip1,lh_IP1
1683,lh_pgs,lh_PGs
1684,lh_pgs,lh_PGs
1685,lh_pgs,lh_PGs
1686,lh_pgs,lh_PGs
1687,lh_pgs,lh_PGs
1688,lh_pgp,lh_PGp
1689,lh_pgp,lh_PGp
1690,lh_pgp,lh_PGp
1691,lh_pos2,lh_POS2
1692,lh_dvt,lh_DVT
1693,lh_dvt,lh_DVT
1694,lh_v6,lh_V6
1695,lh_v3,lh_V3
1696,lh_v7,lh_V7
1697,lh_v3a,lh_V3A
1698,lh_v3a,lh_V3A
1699,lh_v3a,lh_V3A
1700,lh_v3a,lh_V3A
1701,lh_v3,lh_V3
1702,lh_v3a,lh_V3A
1703,lh_v4,lh_V4
1704,lh_v4,lh_V4
1705,lh_5mv,lh_5mv
1706,lh_5mv,lh_5mv
1707,lh_5mv,lh_5mv
1708,lh_23c,lh_23c
1709,lh_23c,lh_23c
1710,lh_7m,lh_7m
1711,lh_7m,lh_7m
1712,lh_7m,lh_7m
1713,lh_7m,lh_7m
1714,lh_7m,lh_7m
1715,lh_7m,lh_7m
1716,lh_7m,lh_7m
1717,lh_pos2,lh_POS2
1718,lh_?,lh_?
1719,lh_?,lh_?
1720,lh_?,lh_?
1721,lh_?,lh_?
1722,lh_?,lh_?
1723,lh_rsc,lh_RSC
1724,lh_?,lh_?
1725,lh_?,lh_?
1726,lh_?,lh_?
1727,lh_?,lh_?
1728,lh_?,lh_?
1729,lh_?,lh_?
1730,lh_rsc,lh_RSC
1731,lh_d23ab,lh_d23ab
1732,lh_13l,lh_13l
1733,lh_13l,lh_13l
1734,lh_13l,lh_13l
1735,lh_pofc,lh_pOFC
1736,lh_pofc,lh_pOFC
1737,lh_?,lh_?
1738,lh_?,lh_?
1739,lh_?,lh_?
1740,lh_?,lh_?
1741,lh_?,lh_?
1742,lh_h,lh_H
1743,lh_h,lh_H
1744,lh_h,lh_H
1745,lh_h,lh_H
1746,lh_a4,lh_A4
1747,lh_a5,lh_A5
1748,lh_a5,lh_A5
1749,lh_stsda,lh_STSda
1750,lh_stsda,lh_STSda
1751,lh_tgd,lh_TGd
1752,lh_tgd,lh_TGd
1753,lh_tgd,lh_TGd
1754,lh_tgd,lh_TGd
1755,lh_tgd,lh_TGd
1756,lh_tgv,lh_TGv
1757,lh_tgv,lh_TGv
1758,lh_tgv,lh_TGv
1759,lh_peec,lh_PeEc
1760,lh_fst,lh_FST
1761,lh_fst,lh_FST
1762,lh_fst,lh_FST
1763,lh_ph,lh_PH
1764,lh_ph,lh_PH
1765,lh_te1m,lh_TE1m
1766,lh_te1p,lh_TE1p
1767,lh_te1m,lh_TE1m
1768,lh_te2a,lh_TE2a
1769,lh_te2a,lh_TE2a
1770,lh_te2p,lh_TE2p
1771,lh_te2a,lh_TE2a
1772,lh_te2a,lh_TE2a
1773,lh_te2a,lh_TE2a
1774,lh_v1,lh_V1
1775,lh_v1,lh_V1
1776,lh_v1,lh_V1
1777,lh_v1,lh_V1
1778,lh_v1,lh_V1
1779,lh_v3,lh_V3
1780,lh_v3,lh_V3
1781,lh_v4,lh_V4
1782,lh_v4,lh_V4
1783,lh_vmv3,lh_VMV3
1784,lh_vmv3,lh_VMV3
1785,lh_vmv3,lh_VMV3
1786,lh_vvc,lh_VVC
1787,lh_ffc,lh_FFC
1788,lh_?,lh_?
1789,lh_?,lh_?
1790,lh_?,lh_?
1791,lh_?,lh_?
1792,lh_?,lh_?
1793,lh_v2,lh_V2
1794,lh_pres,lh_PreS
1795,lh_v2,lh_V2
1796,lh_pha1,lh_PHA1
1797,lh_pha1,lh_PHA1
1798,lh_pres,lh_PreS
1799,lh_pha1,lh_PHA1
1800,lh_pha2,lh_PHA2
1801,lh_pha2,lh_PHA2
1802,lh_55b,lh_55b
1803,lh_6v,lh_6v
1804,lh_55b,lh_55b
1805,lh_55b,lh_55b
1806,lh_55b,lh_55b
1807,lh_fef,lh_FEF
1808,lh_fef,lh_FEF
1809,lh_fef,lh_FEF
1810,lh_fef,lh_FEF
1811,lh_i6_8,lh_i6-8
1812,lh_i6_8,lh_i6-8
1813,lh_1,lh_1
1814,lh_1,lh_1
1815,lh_3b,lh_3b
1816,lh_3b,lh_3b
1817,lh_3b,lh_3b
1818,lh_3a,lh_3a
1819,lh_3a,lh_3a
1820,lh_3a,lh_3a
1821,lh_4,lh_4
1822,lh_4,lh_4
1823,lh_1,lh_1
1824,lh_1,lh_1
1825,lh_1,lh_1
1826,lh_1,lh_1
1827,lh_1,lh_1
1828,lh_3b,lh_3b
1829,lh_3b,lh_3b
1830,lh_1,lh_1
1831,lh_1,lh_1
1832,lh_1,lh_1
1833,lh_6mp,lh_6mp
1834,lh_6mp,lh_6mp
1835,lh_6mp,lh_6mp
1836,lh_6mp,lh_6mp
1837,lh_4,lh_4
1838,lh_4,lh_4
1839,lh_4,lh_4
1840,lh_4,lh_4
1841,lh_3b,lh_3b
1842,lh_3b,lh_3b
1843,lh_i6_8,lh_i6-8
1844,lh_6a,lh_6a
1845,lh_6a,lh_6a
1846,lh_6a,lh_6a
1847,lh_6a,lh_6a
1848,lh_6a,lh_6a
1849,lh_6a,lh_6a
1850,lh_6a,lh_6a
1851,lh_6mp,lh_6mp
1852,lh_10d,lh_10d
1853,lh_10d,lh_10d
1854,lh_9m,lh_9m
1855,lh_9m,lh_9m
1856,lh_9m,lh_9m
1857,lh_9a,lh_9a
1858,lh_9m,lh_9m
1859,lh_9m,lh_9m
1860,lh_9m,lh_9m
1861,lh_8bl,lh_8BL
1862,lh_8bl,lh_8BL
1863,lh_a9_46v,lh_a9-46v
1864,lh_a47r,lh_a47r
1865,lh_a10p,lh_a10p
1866,lh_a10p,lh_a10p
1867,lh_a10p,lh_a10p
1868,lh_p10p,lh_p10p
1869,lh_p10p,lh_p10p
1870,lh_p10p,lh_p10p
1871,lh_10d,lh_10d
1872,lh_10d,lh_10d
1873,lh_p9_46v,lh_p9-46v
1874,lh_p9_46v,lh_p9-46v
1875,lh_p9_46v,lh_p9-46v
1876,lh_46,lh_46
1877,lh_46,lh_46
1878,lh_46,lh_46
1879,lh_a9_46v,lh_a9-46v
1880,lh_a9_46v,lh_a9-46v
1881,lh_a9_46v,lh_a9-46v
1882,lh_a9_46v,lh_a9-46v
1883,lh_ri,lh_RI
1884,lh_ri,lh_RI
1885,lh_op2_3,lh_OP2-3
1886,lh_op2_3,lh_OP2-3
1887,lh_ig,lh_Ig
1888,lh_op2_3,lh_OP2-3
1889,lh_fop2,lh_FOP2
1890,lh_fop2,lh_FOP2
1891,lh_fop3,lh_FOP3
1892,lh_fop4,lh_FOP4
1893,lh_fop4,lh_FOP4
1894,lh_pfop,lh_PFop
1895,lh_pfop,lh_PFop
1896,lh_pfop,lh_PFop
1897,lh_pfcm,lh_PFcm
1898,lh_op1,lh_OP1
1899,lh_op1,lh_OP1
1900,lh_op1,lh_OP1
1901,lh_op1,lh_OP1
1902,lh_op1,lh_OP1
1903,lh_ri,lh_RI
1904,lh_pgs,lh_PGs
1905,lh_pgi,lh_PGi
1906,lh_pgi,lh_PGi
1907,lh_pgi,lh_PGi
1908,lh_pgi,lh_PGi
1909,lh_pfm,lh_PFm
1910,lh_pgi,lh_PGi
1911,lh_pgi,lh_PGi
1912,lh_pgi,lh_PGi
1913,lh_pfm,lh_PFm
1914,lh_stv,lh_STV
1915,lh_lipd,lh_LIPd
1916,lh_lipd,lh_LIPd
1917,lh_ip2,lh_IP2
1918,lh_ip2,lh_IP2
1919,lh_pfm,lh_PFm
1920,lh_pfm,lh_PFm
1921,lh_pfm,lh_PFm
1922,lh_pfm,lh_PFm
1923,lh_pgs,lh_PGs
1924,lh_pgs,lh_PGs
1925,lh_pos2,lh_POS2
1926,lh_pos2,lh_POS2
1927,lh_pos2,lh_POS2
1928,lh_dvt,lh_DVT
1929,lh_v6a,lh_V6A
1930,lh_dvt,lh_DVT
1931,lh_v6a,lh_V6A
1932,lh_v6a,lh_V6A
1933,lh_v7,lh_V7
1934,lh_v7,lh_V7
1935,lh_v7,lh_V7
1936,lh_5mv,lh_5mv
1937,lh_5mv,lh_5mv
1938,lh_pcv,lh_PCV
1939,lh_pcv,lh_PCV
1940,lh_pcv,lh_PCV
1941,lh_7am,lh_7Am
1942,lh_7pm,lh_7Pm
1943,lh_7pm,lh_7Pm
1944,lh_7pm,lh_7Pm
1945,lh_pos2,lh_POS2
1946,lh_33pr,lh_33pr
1947,lh_?,lh_?
1948,lh_33pr,lh_33pr
1949,lh_33pr,lh_33pr
1950,lh_rsc,lh_RSC
1951,lh_p24pr,lh_p24pr
1952,lh_23d,lh_23d
1953,lh_rsc,lh_RSC
1954,lh_rsc,lh_RSC
1955,lh_23d,lh_23d
1956,lh_d23ab,lh_d23ab
1957,lh_ofc,lh_OFC
1958,lh_ofc,lh_OFC
1959,lh_ofc,lh_OFC
1960,lh_pofc,lh_pOFC
1961,lh_?,lh_?
1962,lh_?,lh_?
1963,lh_?,lh_?
1964,lh_?,lh_?
1965,lh_?,lh_?
1966,lh_?,lh_?
1967,lh_?,lh_?
1968,lh_pi,lh_PI
1969,lh_ta2,lh_TA2
1970,lh_pi,lh_PI
1971,lh_pi,lh_PI
1972,lh_pi,lh_PI
1973,lh_poi1,lh_PoI1
1974,lh_poi1,lh_PoI1
1975,lh_tgd,lh_TGd
1976,lh_tgd,lh_TGd
1977,lh_tgd,lh_TGd
1978,lh_tgd,lh_TGd
1979,lh_te1p,lh_TE1p
1980,lh_pht,lh_PHT
1981,lh_te1p,lh_TE1p
1982,lh_te1p,lh_TE1p
1983,lh_te1p,lh_TE1p
1984,lh_stsvp,lh_STSvp
1985,lh_te1m,lh_TE1m
1986,lh_te1m,lh_TE1m
1987,lh_te1m,lh_TE1m
1988,lh_te1m,lh_TE1m
1989,lh_te2a,lh_TE2a
1990,lh_v1,lh_V1
1991,lh_v1,lh_V1
1992,lh_v1,lh_V1
1993,lh_v1,lh_V1
1994,lh_v2,lh_V2
1995,lh_v1,lh_V1
1996,lh_v2,lh_V2
1997,lh_v3,lh_V3
1998,lh_v4,lh_V4
1999,lh_v8,lh_V8
2000,lh_ffc,lh_FFC
2001,lh_?,lh_?
2002,lh_?,lh_?
2003,lh_?,lh_?
2004,lh_?,lh_?
2005,lh_pres,lh_PreS
2006,lh_pos1,lh_POS1
2007,lh_pros,lh_ProS
2008,lh_pros,lh_ProS
2009,lh_v2,lh_V2
2010,lh_v2,lh_V2
2011,lh_vmv1,lh_VMV1
2012,lh_43,lh_43
2013,lh_6r,lh_6r
2014,lh_6r,lh_6r
2015,lh_6r,lh_6r
2016,lh_6r,lh_6r
2017,lh_6r,lh_6r
2018,lh_ifjp,lh_IFJp
2019,lh_ifjp,lh_IFJp
2020,lh_ifja,lh_IFJa
2021,lh_ifja,lh_IFJa
2022,lh_8c,lh_8C
2023,lh_pef,lh_PEF
2024,lh_pef,lh_PEF
2025,lh_8c,lh_8C
2026,lh_8c,lh_8C
2027,lh_8c,lh_8C
2028,lh_8c,lh_8C
2029,lh_8c,lh_8C
2030,lh_8c,lh_8C
2031,lh_p9_46v,lh_p9-46v
2032,lh_p9_46v,lh_p9-46v
2033,lh_p9_46v,lh_p9-46v
2034,lh_46,lh_46
2035,lh_46,lh_46
2036,lh_46,lh_46
2037,lh_46,lh_46
2038,lh_46,lh_46
2039,lh_9_46d,lh_9-46d
2040,lh_9_46d,lh_9-46d
2041,lh_ip2,lh_IP2
2042,lh_pf,lh_PF
2043,lh_pf,lh_PF
2044,lh_pf,lh_PF
2045,lh_pft,lh_PFt
2046,lh_pft,lh_PFt
2047,lh_pft,lh_PFt
2048,lh_pft,lh_PFt
2049,lh_pft,lh_PFt
2050,lh_pft,lh_PFt
2051,lh_pfop,lh_PFop
2052,lh_1,lh_1
2053,lh_1,lh_1
2054,lh_2,lh_2
2055,lh_3b,lh_3b
2056,lh_1,lh_1
2057,lh_2,lh_2
2058,lh_2,lh_2
2059,lh_pft,lh_PFt
2060,lh_pfop,lh_PFop
2061,lh_pfop,lh_PFop
2062,lh_pfop,lh_PFop
2063,lh_1,lh_1
2064,lh_3b,lh_3b
2065,lh_3b,lh_3b
2066,lh_1,lh_1
2067,lh_3a,lh_3a
2068,lh_3a,lh_3a
2069,lh_vip,lh_VIP
2070,lh_vip,lh_VIP
2071,lh_vip,lh_VIP
2072,lh_vip,lh_VIP
2073,lh_lipv,lh_LIPv
2074,lh_7pc,lh_7PC
2075,lh_7pc,lh_7PC
2076,lh_lipv,lh_LIPv
2077,lh_lipv,lh_LIPv
2078,lh_lipv,lh_LIPv
2079,lh_lipv,lh_LIPv
2080,lh_2,lh_2
2081,lh_2,lh_2
2082,lh_2,lh_2
2083,lh_2,lh_2
2084,lh_2,lh_2
2085,lh_7pc,lh_7PC
2086,lh_7pc,lh_7PC
2087,lh_aip,lh_AIP
2088,lh_lipd,lh_LIPd
2089,lh_aip,lh_AIP
2090,lh_aip,lh_AIP
2091,lh_aip,lh_AIP
2092,lh_aip,lh_AIP
2093,lh_aip,lh_AIP
2094,lh_ip2,lh_IP2
2095,lh_ip2,lh_IP2
2096,lh_ip2,lh_IP2
2097,lh_24dd,lh_24dd
2098,lh_24dd,lh_24dd
2099,lh_24dd,lh_24dd
2100,lh_24dd,lh_24dd
2101,lh_24dd,lh_24dd
2102,lh_4,lh_4
2103,lh_24dd,lh_24dd
2104,lh_24dd,lh_24dd
2105,lh_5m,lh_5m
2106,lh_5m,lh_5m
2107,lh_5mv,lh_5mv
2108,lh_6mp,lh_6mp
2109,lh_4,lh_4
2110,lh_4,lh_4
2111,lh_3a,lh_3a
2112,lh_5m,lh_5m
2113,lh_5m,lh_5m
2114,lh_5m,lh_5m
2115,lh_5m,lh_5m
2116,lh_5l,lh_5L
2117,lh_5l,lh_5L
2118,lh_7am,lh_7Am
2119,lh_7am,lh_7Am
2120,lh_5l,lh_5L
2121,lh_7al,lh_7AL
2122,lh_7am,lh_7Am
2123,lh_7al,lh_7AL
2124,lh_7al,lh_7AL
2125,lh_9p,lh_9p
2126,lh_9p,lh_9p
2127,lh_9p,lh_9p
2128,lh_8ad,lh_8Ad
2129,lh_9p,lh_9p
2130,lh_9p,lh_9p
2131,lh_8ad,lh_8Ad
2132,lh_8bl,lh_8BL
2133,lh_8bl,lh_8BL
2134,lh_i6_8,lh_i6-8
2135,lh_6a,lh_6a
2136,lh_s6_8,lh_s6-8
2137,lh_6ma,lh_6ma
2138,lh_6ma,lh_6ma
2139,lh_s6_8,lh_s6-8
2140,lh_8bl,lh_8BL
2141,lh_sfl,lh_SFL
2142,lh_sfl,lh_SFL
2143,lh_sfl,lh_SFL
2144,lh_sfl,lh_SFL
2145,lh_scef,lh_SCEF
2146,lh_sfl,lh_SFL
2147,lh_scef,lh_SCEF
2148,lh_scef,lh_SCEF
2149,lh_scef,lh_SCEF
2150,lh_24dd,lh_24dd
2151,lh_24dv,lh_24dv
2152,lh_?,lh_?
2153,lh_?,lh_?
2154,lh_?,lh_?
2155,lh_?,lh_?
2156,lh_?,lh_?
2157,lh_?,lh_?
2158,lh_?,lh_?
2159,lh_?,lh_?
2160,lh_?,lh_?
2161,lh_?,lh_?
2162,lh_?,lh_?
2163,lh_9m,lh_9m
2164,lh_d32,lh_d32
2165,lh_d32,lh_d32
2166,lh_d32,lh_d32
2167,lh_a32pr,lh_a32pr
2168,lh_a32pr,lh_a32pr
2169,lh_p24,lh_p24
2170,lh_a24pr,lh_a24pr
2171,lh_33pr,lh_33pr
2172,lh_a24pr,lh_a24pr
2173,lh_a24pr,lh_a24pr
2174,lh_a24pr,lh_a24pr
2175,lh_p32pr,lh_p32pr
2176,lh_p32pr,lh_p32pr
2177,lh_p32pr,lh_p32pr
2178,lh_24dv,lh_24dv
2179,lh_24dv,lh_24dv
2180,lh_avi,lh_AVI
2181,lh_avi,lh_AVI
2182,lh_47s,lh_47s
2183,lh_47s,lh_47s
2184,lh_47s,lh_47s
2185,lh_47m,lh_47m
2186,lh_47m,lh_47m
2187,lh_13l,lh_13l
2188,lh_13l,lh_13l
2189,lh_13l,lh_13l
2190,lh_ofc,lh_OFC
2191,lh_a47r,lh_a47r
2192,lh_11l,lh_11l
2193,lh_11l,lh_11l
2194,lh_10pp,lh_10pp
2195,lh_10pp,lh_10pp
2196,lh_11l,lh_11l
2197,lh_ofc,lh_OFC
2198,lh_ofc,lh_OFC
2199,lh_ofc,lh_OFC
2200,lh_ofc,lh_OFC
2201,lh_ofc,lh_OFC
2202,lh_10v,lh_10v
2203,lh_10r,lh_10r
2204,lh_s32,lh_s32
2205,lh_25,lh_25
2206,lh_25,lh_25
2207,lh_?,lh_?
2208,lh_6r,lh_6r
2209,lh_6r,lh_6r
2210,lh_6r,lh_6r
2211,lh_44,lh_44
2212,lh_44,lh_44
2213,lh_fop4,lh_FOP4
2214,lh_fop4,lh_FOP4
2215,lh_44,lh_44
2216,lh_44,lh_44
2217,lh_ifsa,lh_IFSa
2218,lh_ifsa,lh_IFSa
2219,lh_ifsp,lh_IFSp
2220,lh_ifsa,lh_IFSa
2221,lh_ifsa,lh_IFSa
2222,lh_45,lh_45
2223,lh_45,lh_45
2224,lh_45,lh_45
2225,lh_fop5,lh_FOP5
2226,lh_fop5,lh_FOP5
2227,lh_fop5,lh_FOP5
2228,lh_fop5,lh_FOP5
2229,lh_45,lh_45
2230,lh_fop5,lh_FOP5
2231,lh_fop5,lh_FOP5
2232,lh_fop5,lh_FOP5
2233,lh_avi,lh_AVI
2234,lh_avi,lh_AVI
2235,lh_a5,lh_A5
2236,lh_stsda,lh_STSda
2237,lh_a5,lh_A5
2238,lh_a5,lh_A5
2239,lh_a4,lh_A4
2240,lh_lbelt,lh_LBelt
2241,lh_pbelt,lh_PBelt
2242,lh_a4,lh_A4
2243,lh_pbelt,lh_PBelt
2244,lh_mbelt,lh_MBelt
2245,lh_52,lh_52
2246,lh_52,lh_52
2247,lh_52,lh_52
2248,lh_52,lh_52
2249,lh_ig,lh_Ig
2250,lh_poi1,lh_PoI1
2251,lh_52,lh_52
2252,lh_52,lh_52
2253,lh_52,lh_52
2254,lh_52,lh_52
2255,lh_poi1,lh_PoI1
2256,lh_poi2,lh_PoI2
2257,lh_poi2,lh_PoI2
2258,lh_mi,lh_MI
2259,lh_mi,lh_MI
2260,lh_mi,lh_MI
2261,lh_mi,lh_MI
2262,lh_avi,lh_AVI
2263,lh_pf,lh_PF
2264,lh_pf,lh_PF
2265,lh_pf,lh_PF
2266,lh_pf,lh_PF
2267,lh_pf,lh_PF
2268,lh_pf,lh_PF
2269,lh_psl,lh_PSL
2270,lh_psl,lh_PSL
2271,lh_psl,lh_PSL
2272,lh_pf,lh_PF
2273,lh_pf,lh_PF
2274,lh_pf,lh_PF
2275,lh_pfcm,lh_PFcm
2276,lh_pfcm,lh_PFcm
2277,lh_pf,lh_PF
2278,lh_pfcm,lh_PFcm
2279,lh_psl,lh_PSL
2280,lh_stv,lh_STV
2281,lh_stv,lh_STV
2282,lh_a4,lh_A4
2283,lh_a4,lh_A4
2284,lh_pbelt,lh_PBelt
2285,lh_a4,lh_A4
2286,lh_a4,lh_A4
2287,lh_a5,lh_A5
2288,lh_a5,lh_A5
2289,lh_stsdp,lh_STSdp
2290,lh_lo1,lh_LO1
2291,lh_lo1,lh_LO1
2292,lh_lo1,lh_LO1
2293,lh_v4t,lh_V4t
2294,lh_mt,lh_MT
2295,lh_mt,lh_MT
2296,lh_mt,lh_MT
2297,lh_mst,lh_MST
2298,lh_fst,lh_FST
2299,lh_fst,lh_FST
2300,lh_pht,lh_PHT
2301,lh_pgi,lh_PGi
2302,lh_pgi,lh_PGi
2303,lh_tpoj2,lh_TPOJ2
2304,lh_pgi,lh_PGi
2305,lh_tpoj2,lh_TPOJ2
2306,lh_tpoj2,lh_TPOJ2
2307,lh_tpoj2,lh_TPOJ2
2308,lh_pht,lh_PHT
2309,lh_pht,lh_PHT
2310,lh_te1p,lh_TE1p
2311,lh_stsvp,lh_STSvp
2312,lh_stsvp,lh_STSvp
2313,lh_stsdp,lh_STSdp
2314,lh_stsdp,lh_STSdp
2315,lh_stsvp,lh_STSvp
2316,lh_stsdp,lh_STSdp
2317,lh_stsdp,lh_STSdp
2318,lh_vip,lh_VIP
2319,lh_mip,lh_MIP
2320,lh_mip,lh_MIP
2321,lh_mip,lh_MIP
2322,lh_mip,lh_MIP
2323,lh_mip,lh_MIP
2324,lh_ips1,lh_IPS1
2325,lh_ips1,lh_IPS1
2326,lh_ips1,lh_IPS1
2327,lh_ip1,lh_IP1
2328,lh_ip1,lh_IP1
2329,lh_ip1,lh_IP1
2330,lh_pgs,lh_PGs
2331,lh_ip1,lh_IP1
2332,lh_ip1,lh_IP1
2333,lh_ip0,lh_IP0
2334,lh_ip0,lh_IP0
2335,lh_v3b,lh_V3B
2336,lh_v3b,lh_V3B
2337,lh_v3cd,lh_V3CD
2338,lh_v3cd,lh_V3CD
2339,lh_pgp,lh_PGp
2340,lh_v3cd,lh_V3CD
2341,lh_v3cd,lh_V3CD
2342,lh_v3cd,lh_V3CD
2343,lh_lo1,lh_LO1
2344,lh_v4,lh_V4
2345,lh_dvt,lh_DVT
2346,lh_v1,lh_V1
2347,lh_v1,lh_V1
2348,lh_v1,lh_V1
2349,lh_v1,lh_V1
2350,lh_v2,lh_V2
2351,lh_v1,lh_V1
2352,lh_v1,lh_V1
2353,lh_v1,lh_V1
2354,lh_v1,lh_V1
2355,lh_v1,lh_V1
2356,lh_v6,lh_V6
2357,lh_v6,lh_V6
2358,lh_v3,lh_V3
2359,lh_v3,lh_V3
2360,lh_v3,lh_V3
2361,lh_v2,lh_V2
2362,lh_v2,lh_V2
2363,lh_v1,lh_V1
2364,lh_v1,lh_V1
2365,lh_v1,lh_V1
2366,lh_v1,lh_V1
2367,lh_v1,lh_V1
2368,lh_v2,lh_V2
2369,lh_v2,lh_V2
2370,lh_v2,lh_V2
2371,lh_v3,lh_V3
2372,lh_v3,lh_V3
2373,lh_24dd,lh_24dd
2374,lh_23c,lh_23c
2375,lh_23c,lh_23c
2376,lh_5mv,lh_5mv
2377,lh_23c,lh_23c
2378,lh_23c,lh_23c
2379,lh_23d,lh_23d
2380,lh_31a,lh_31a
2381,lh_d23ab,lh_d23ab
2382,lh_pcv,lh_PCV
2383,lh_23c,lh_23c
2384,lh_31a,lh_31a
2385,lh_31pd,lh_31pd
2386,lh_31pd,lh_31pd
2387,lh_31a,lh_31a
2388,lh_31pv,lh_31pv
2389,lh_31pv,lh_31pv
2390,lh_d23ab,lh_d23ab
2391,lh_d23ab,lh_d23ab
2392,lh_d23ab,lh_d23ab
2393,lh_v23ab,lh_v23ab
2394,lh_v23ab,lh_v23ab
2395,lh_v23ab,lh_v23ab
2396,lh_v23ab,lh_v23ab
2397,lh_pos1,lh_POS1
2398,lh_pos1,lh_POS1
2399,lh_pos1,lh_POS1
2400,lh_?,lh_?
2401,lh_?,lh_?
2402,lh_?,lh_?
2403,lh_?,lh_?
2404,lh_?,lh_?
2405,lh_?,lh_?
2406,lh_?,lh_?
2407,lh_?,lh_?
2408,lh_?,lh_?
2409,lh_?,lh_?
2410,lh_?,lh_?
2411,lh_?,lh_?
2412,lh_?,lh_?
2413,lh_?,lh_?
2414,lh_?,lh_?
2415,lh_?,lh_?
2416,lh_?,lh_?
2417,lh_?,lh_?
2418,lh_?,lh_?
2419,lh_?,lh_?
2420,lh_?,lh_?
2421,lh_?,lh_?
2422,lh_?,lh_?
2423,lh_?,lh_?
2424,lh_rsc,lh_RSC
2425,lh_pos1,lh_POS1
2426,lh_pos1,lh_POS1
2427,lh_avi,lh_AVI
2428,lh_aaic,lh_AAIC
2429,lh_aaic,lh_AAIC
2430,lh_47s,lh_47s
2431,lh_aaic,lh_AAIC
2432,lh_pir,lh_Pir
2433,lh_pir,lh_Pir
2434,lh_pir,lh_Pir
2435,lh_tgd,lh_TGd
2436,lh_pofc,lh_pOFC
2437,lh_pofc,lh_pOFC
2438,lh_?,lh_?
2439,lh_?,lh_?
2440,lh_?,lh_?
2441,lh_?,lh_?
2442,lh_?,lh_?
2443,lh_?,lh_?
2444,lh_peec,lh_PeEc
2445,lh_peec,lh_PeEc
2446,lh_peec,lh_PeEc
2447,lh_peec,lh_PeEc
2448,lh_ec,lh_EC
2449,lh_ec,lh_EC
2450,lh_peec,lh_PeEc
2451,lh_peec,lh_PeEc
2452,lh_peec,lh_PeEc
2453,lh_peec,lh_PeEc
2454,lh_peec,lh_PeEc
2455,lh_stsda,lh_STSda
2456,lh_stsva,lh_STSva
2457,lh_stsva,lh_STSva
2458,lh_stsda,lh_STSda
2459,lh_stsva,lh_STSva
2460,lh_stsva,lh_STSva
2461,lh_te1a,lh_TE1a
2462,lh_te1a,lh_TE1a
2463,lh_te1a,lh_TE1a
2464,lh_ta2,lh_TA2
2465,lh_stga,lh_STGa
2466,lh_stsda,lh_STSda
2467,lh_tgd,lh_TGd
2468,lh_tgd,lh_TGd
2469,lh_tgd,lh_TGd
2470,lh_te1a,lh_TE1a
2471,lh_te1a,lh_TE1a
2472,lh_te2a,lh_TE2a
2473,lh_te2a,lh_TE2a
2474,lh_te2a,lh_TE2a
2475,lh_tf,lh_TF
2476,lh_tgv,lh_TGv
2477,lh_tf,lh_TF
2478,lh_tf,lh_TF
2479,lh_tf,lh_TF
2480,lh_peec,lh_PeEc
2481,lh_tf,lh_TF
2482,lh_lo2,lh_LO2
2483,lh_lo2,lh_LO2
2484,lh_lo2,lh_LO2
2485,lh_fst,lh_FST
2486,lh_ph,lh_PH
2487,lh_pit,lh_PIT
2488,lh_ph,lh_PH
2489,lh_ph,lh_PH
2490,lh_ffc,lh_FFC
2491,lh_te1p,lh_TE1p
2492,lh_pht,lh_PHT
2493,lh_ph,lh_PH
2494,lh_te1p,lh_TE1p
2495,lh_te1p,lh_TE1p
2496,lh_ph,lh_PH
2497,lh_ph,lh_PH
2498,lh_ffc,lh_FFC
2499,lh_ffc,lh_FFC
2500,lh_ffc,lh_FFC
2501,lh_ffc,lh_FFC
2502,lh_ffc,lh_FFC
2503,lh_te2p,lh_TE2p
2504,lh_tf,lh_TF
2505,lh_tf,lh_TF
2506,lh_tf,lh_TF
2507,lh_tf,lh_TF
2508,lh_tf,lh_TF
2509,lh_v1,lh_V1
2510,lh_v1,lh_V1
2511,lh_v1,lh_V1
2512,lh_v1,lh_V1
2513,lh_v1,lh_V1
2514,lh_v1,lh_V1
2515,lh_v1,lh_V1
2516,lh_v2,lh_V2
2517,lh_v3,lh_V3
2518,lh_v1,lh_V1
2519,lh_v2,lh_V2
2520,lh_v2,lh_V2
2521,lh_v3,lh_V3
2522,lh_v2,lh_V2
2523,lh_v2,lh_V2
2524,lh_v3,lh_V3
2525,lh_v3,lh_V3
2526,lh_vmv1,lh_VMV1
2527,lh_vmv2,lh_VMV2
2528,lh_vmv2,lh_VMV2
2529,lh_pha3,lh_PHA3
2530,lh_vmv3,lh_VMV3
2531,lh_pha3,lh_PHA3
2532,lh_pha3,lh_PHA3
2533,lh_pha3,lh_PHA3
2534,lh_pha3,lh_PHA3
2535,lh_pha3,lh_PHA3
2536,lh_?,lh_?
2537,lh_?,lh_?
2538,lh_?,lh_?
2539,lh_?,lh_?
2540,lh_?,lh_?
2541,lh_?,lh_?
2542,lh_?,lh_?
2543,lh_?,lh_?
2544,lh_?,lh_?
2545,lh_?,lh_?
2546,lh_?,lh_?
2547,lh_?,lh_?
2548,lh_?,lh_?
2549,lh_?,lh_?
2550,lh_?,lh_?
2551,lh_?,lh_?
2552,lh_?,lh_?
2553,lh_?,lh_?
2554,lh_h,lh_H
2555,lh_h,lh_H
2556,lh_pres,lh_PreS
2557,lh_pres,lh_PreS
2558,lh_pres,lh_PreS
2559,lh_pres,lh_PreS
2560,lh_pha1,lh_PHA1
2561,lh_pha2,lh_PHA2
2562,lh_6d,lh_6d
2563,lh_6d,lh_6d
2564,lh_6d,lh_6d
2565,lh_4,lh_4
2566,lh_4,lh_4
2567,lh_4,lh_4
2568,lh_4,lh_4
2569,lh_6d,lh_6d
2570,lh_4,lh_4
2571,lh_6d,lh_6d
2572,lh_9a,lh_9a
2573,lh_9a,lh_9a
2574,lh_9a,lh_9a
2575,lh_9_46d,lh_9-46d
2576,lh_9_46d,lh_9-46d
2577,lh_9_46d,lh_9-46d
2578,lh_9_46d,lh_9-46d
2579,lh_43,lh_43
2580,lh_43,lh_43
2581,lh_43,lh_43
2582,lh_43,lh_43
2583,lh_43,lh_43
2584,lh_pfm,lh_PFm
2585,lh_pfm,lh_PFm
2586,lh_pfm,lh_PFm
2587,lh_pfm,lh_PFm
2588,lh_pfm,lh_PFm
2589,lh_7pl,lh_7PL
2590,lh_7pl,lh_7PL
2591,lh_vip,lh_VIP
2592,lh_vip,lh_VIP
2593,lh_7pl,lh_7PL
2594,lh_24dv,lh_24dv
2595,lh_24dv,lh_24dv
2596,lh_24dv,lh_24dv
2597,lh_?,lh_?
2598,lh_?,lh_?
2599,lh_?,lh_?
2600,lh_avi,lh_AVI
2601,lh_avi,lh_AVI
2602,lh_avi,lh_AVI
2603,lh_stsdp,lh_STSdp
2604,lh_stsdp,lh_STSdp
2605,lh_stsdp,lh_STSdp
2606,lh_v4,lh_V4
2607,lh_v4,lh_V4
2608,lh_v4,lh_V4
2609,lh_pros,lh_ProS
2610,lh_pros,lh_ProS
2611,lh_pros,lh_ProS
2612,lh_4,lh_4
2613,lh_6v,lh_6v
2614,lh_6v,lh_6v
2615,lh_i6_8,lh_i6-8
2616,lh_8av,lh_8Av
2617,lh_8av,lh_8Av
2618,lh_8av,lh_8Av
2619,lh_i6_8,lh_i6-8
2620,lh_2,lh_2
2621,lh_2,lh_2
2622,lh_1,lh_1
2623,lh_4,lh_4
2624,lh_4,lh_4
2625,lh_4,lh_4
2626,lh_4,lh_4
2627,lh_2,lh_2
2628,lh_2,lh_2
2629,lh_1,lh_1
2630,lh_1,lh_1
2631,lh_2,lh_2
2632,lh_2,lh_2
2633,lh_2,lh_2
2634,lh_6mp,lh_6mp
2635,lh_6mp,lh_6mp
2636,lh_6mp,lh_6mp
2637,lh_1,lh_1
2638,lh_1,lh_1
2639,lh_1,lh_1
2640,lh_2,lh_2
2641,lh_i6_8,lh_i6-8
2642,lh_i6_8,lh_i6-8
2643,lh_6mp,lh_6mp
2644,lh_6ma,lh_6ma
2645,lh_6mp,lh_6mp
2646,lh_6ma,lh_6ma
2647,lh_p32,lh_p32
2648,lh_p32,lh_p32
2649,lh_p32,lh_p32
2650,lh_8bm,lh_8BM
2651,lh_8bm,lh_8BM
2652,lh_8bm,lh_8BM
2653,lh_8bm,lh_8BM
2654,lh_8bm,lh_8BM
2655,lh_a47r,lh_a47r
2656,lh_a47r,lh_a47r
2657,lh_a47r,lh_a47r
2658,lh_10d,lh_10d
2659,lh_10r,lh_10r
2660,lh_p32,lh_p32
2661,lh_p32,lh_p32
2662,lh_ifsp,lh_IFSp
2663,lh_ifsp,lh_IFSp
2664,lh_p9_46v,lh_p9-46v
2665,lh_p47r,lh_p47r
2666,lh_p47r,lh_p47r
2667,lh_p47r,lh_p47r
2668,lh_a47r,lh_a47r
2669,lh_a1,lh_A1
2670,lh_a1,lh_A1
2671,lh_a1,lh_A1
2672,lh_fop4,lh_FOP4
2673,lh_fop4,lh_FOP4
2674,lh_fop4,lh_FOP4
2675,lh_fop4,lh_FOP4
2676,lh_fop4,lh_FOP4
2677,lh_pfop,lh_PFop
2678,lh_pfop,lh_PFop
2679,lh_pfop,lh_PFop
2680,lh_ri,lh_RI
2681,lh_ri,lh_RI
2682,lh_ri,lh_RI
2683,lh_lbelt,lh_LBelt
2684,lh_pgi,lh_PGi
2685,lh_pgi,lh_PGi
2686,lh_pgi,lh_PGi
2687,lh_stv,lh_STV
2688,lh_stv,lh_STV
2689,lh_stv,lh_STV
2690,lh_stv,lh_STV
2691,lh_stv,lh_STV
2692,lh_lipd,lh_LIPd
2693,lh_lipd,lh_LIPd
2694,lh_lipd,lh_LIPd
2695,lh_pgs,lh_PGs
2696,lh_pgs,lh_PGs
2697,lh_pgs,lh_PGs
2698,lh_pgs,lh_PGs
2699,lh_pos2,lh_POS2
2700,lh_pos2,lh_POS2
2701,lh_pos2,lh_POS2
2702,lh_v3b,lh_V3B
2703,lh_v3a,lh_V3A
2704,lh_v3b,lh_V3B
2705,lh_v3a,lh_V3A
2706,lh_v3b,lh_V3B
2707,lh_5mv,lh_5mv
2708,lh_5mv,lh_5mv
2709,lh_5mv,lh_5mv
2710,lh_pos2,lh_POS2
2711,lh_pos2,lh_POS2
2712,lh_pos2,lh_POS2
2713,lh_pos2,lh_POS2
2714,lh_?,lh_?
2715,lh_?,lh_?
2716,lh_?,lh_?
2717,lh_rsc,lh_RSC
2718,lh_rsc,lh_RSC
2719,lh_rsc,lh_RSC
2720,lh_rsc,lh_RSC
2721,lh_rsc,lh_RSC
2722,lh_ofc,lh_OFC
2723,lh_ofc,lh_OFC
2724,lh_ofc,lh_OFC
2725,lh_?,lh_?
2726,lh_?,lh_?
2727,lh_?,lh_?
2728,lh_?,lh_?
2729,lh_?,lh_?
2730,lh_ta2,lh_TA2
2731,lh_ta2,lh_TA2
2732,lh_ta2,lh_TA2
2733,lh_tgd,lh_TGd
2734,lh_tgd,lh_TGd
2735,lh_tgd,lh_TGd
2736,lh_tgd,lh_TGd
2737,lh_tgd,lh_TGd
2738,lh_pht,lh_PHT
2739,lh_pht,lh_PHT
2740,lh_pht,lh_PHT
2741,lh_te2a,lh_TE2a
2742,lh_te2a,lh_TE2a
2743,lh_te2a,lh_TE2a
2744,lh_te2a,lh_TE2a
2745,lh_te2a,lh_TE2a
2746,lh_v1,lh_V1
2747,lh_v1,lh_V1
2748,lh_v1,lh_V1
2749,lh_v8,lh_V8
2750,lh_v8,lh_V8
2751,lh_vvc,lh_VVC
2752,lh_vvc,lh_VVC
2753,lh_ffc,lh_FFC
2754,lh_?,lh_?
2755,lh_?,lh_?
2756,lh_?,lh_?
2757,lh_vmv1,lh_VMV1
2758,lh_vmv1,lh_VMV1
2759,lh_vmv1,lh_VMV1
2760,lh_vmv1,lh_VMV1
2761,lh_vmv1,lh_VMV1
2762,lh_4,lh_4
2763,lh_fef,lh_FEF
2764,lh_4,lh_4
2765,lh_fef,lh_FEF
2766,lh_fef,lh_FEF
2767,lh_fef,lh_FEF
2768,lh_fef,lh_FEF
2769,lh_fef,lh_FEF
2770,lh_3b,lh_3b
2771,lh_3b,lh_3b
2772,lh_3a,lh_3a
2773,lh_4,lh_4
2774,lh_4,lh_4
2775,lh_4,lh_4
2776,lh_4,lh_4
2777,lh_3b,lh_3b
2778,lh_3b,lh_3b
2779,lh_3b,lh_3b
2780,lh_3b,lh_3b
2781,lh_3b,lh_3b
2782,lh_3b,lh_3b
2783,lh_3b,lh_3b
2784,lh_6mp,lh_6mp
2785,lh_6mp,lh_6mp
2786,lh_6mp,lh_6mp
2787,lh_3a,lh_3a
2788,lh_3a,lh_3a
2789,lh_3a,lh_3a
2790,lh_3b,lh_3b
2791,lh_6a,lh_6a
2792,lh_6a,lh_6a
2793,lh_6d,lh_6d
2794,lh_6d,lh_6d
2795,lh_6d,lh_6d
2796,lh_6mp,lh_6mp
2797,lh_10d,lh_10d
2798,lh_10d,lh_10d
2799,lh_10d,lh_10d
2800,lh_9p,lh_9p
2801,lh_9p,lh_9p
2802,lh_9p,lh_9p
2803,lh_9p,lh_9p
2804,lh_9p,lh_9p
2805,lh_9_46d,lh_9-46d
2806,lh_a9_46v,lh_a9-46v
2807,lh_9_46d,lh_9-46d
2808,lh_10d,lh_10d
2809,lh_p10p,lh_p10p
2810,lh_10d,lh_10d
2811,lh_10d,lh_10d
2812,lh_46,lh_46
2813,lh_p9_46v,lh_p9-46v
2814,lh_46,lh_46
2815,lh_9_46d,lh_9-46d
2816,lh_9_46d,lh_9-46d
2817,lh_9_46d,lh_9-46d
2818,lh_9_46d,lh_9-46d
2819,lh_op2_3,lh_OP2-3
2820,lh_op2_3,lh_OP2-3
2821,lh_op2_3,lh_OP2-3
2822,lh_fop1,lh_FOP1
2823,lh_fop1,lh_FOP1
2824,lh_fop4,lh_FOP4
2825,lh_fop4,lh_FOP4
2826,lh_fop4,lh_FOP4
2827,lh_op4,lh_OP4
2828,lh_op4,lh_OP4
2829,lh_op4,lh_OP4
2830,lh_op4,lh_OP4
2831,lh_op1,lh_OP1
2832,lh_op1,lh_OP1
2833,lh_op1,lh_OP1
2834,lh_pfm,lh_PFm
2835,lh_pgs,lh_PGs
2836,lh_pfm,lh_PFm
2837,lh_pfm,lh_PFm
2838,lh_pfm,lh_PFm
2839,lh_pfm,lh_PFm
2840,lh_pfm,lh_PFm
2841,lh_psl,lh_PSL
2842,lh_ip2,lh_IP2
2843,lh_ip2,lh_IP2
2844,lh_ip2,lh_IP2
2845,lh_pfm,lh_PFm
2846,lh_pfm,lh_PFm
2847,lh_pfm,lh_PFm
2848,lh_pfm,lh_PFm
2849,lh_pos2,lh_POS2
2850,lh_pos2,lh_POS2
2851,lh_pos2,lh_POS2
2852,lh_ips1,lh_IPS1
2853,lh_ips1,lh_IPS1
2854,lh_ips1,lh_IPS1
2855,lh_ips1,lh_IPS1
2856,lh_ips1,lh_IPS1
2857,lh_7am,lh_7Am
2858,lh_7am,lh_7Am
2859,lh_7am,lh_7Am
2860,lh_7pm,lh_7Pm
2861,lh_7pm,lh_7Pm
2862,lh_7pm,lh_7Pm
2863,lh_7pm,lh_7Pm
2864,lh_a24pr,lh_a24pr
2865,lh_p24pr,lh_p24pr
2866,lh_p24pr,lh_p24pr
2867,lh_23c,lh_23c
2868,lh_23c,lh_23c
2869,lh_23c,lh_23c
2870,lh_23d,lh_23d
2871,lh_23c,lh_23c
2872,lh_ofc,lh_OFC
2873,lh_ofc,lh_OFC
2874,lh_ofc,lh_OFC
2875,lh_?,lh_?
2876,lh_?,lh_?
2877,lh_?,lh_?
2878,lh_?,lh_?
2879,lh_?,lh_?
2880,lh_poi2,lh_PoI2
2881,lh_poi1,lh_PoI1
2882,lh_poi2,lh_PoI2
2883,lh_pir,lh_Pir
2884,lh_pir,lh_Pir
2885,lh_pir,lh_Pir
2886,lh_pir,lh_Pir
2887,lh_pir,lh_Pir
2888,lh_stsvp,lh_STSvp
2889,lh_stsvp,lh_STSvp
2890,lh_stsvp,lh_STSvp
2891,lh_stsva,lh_STSva
2892,lh_stsvp,lh_STSvp
2893,lh_te1a,lh_TE1a
2894,lh_te1a,lh_TE1a
2895,lh_te1a,lh_TE1a
2896,lh_v1,lh_V1
2897,lh_v1,lh_V1
2898,lh_v1,lh_V1
2899,lh_pit,lh_PIT
2900,lh_v4,lh_V4
2901,lh_pit,lh_PIT
2902,lh_pit,lh_PIT
2903,lh_pit,lh_PIT
2904,lh_?,lh_?
2905,lh_?,lh_?
2906,lh_rsc,lh_RSC
2907,lh_v1,lh_V1
2908,lh_v1,lh_V1
2909,lh_v1,lh_V1
2910,lh_v1,lh_V1
2911,lh_v1,lh_V1
2912,lh_6v,lh_6v
2913,lh_6v,lh_6v
2914,lh_6v,lh_6v
2915,lh_ifjp,lh_IFJp
2916,lh_ifjp,lh_IFJp
2917,lh_ifjp,lh_IFJp
2918,lh_ifjp,lh_IFJp
2919,lh_ifjp,lh_IFJp
2920,lh_55b,lh_55b
2921,lh_55b,lh_55b
2922,lh_55b,lh_55b
2923,lh_8av,lh_8Av
2924,lh_8c,lh_8C
2925,lh_8c,lh_8C
2926,lh_8c,lh_8C
2927,lh_8c,lh_8C
2928,lh_8c,lh_8C
2929,lh_8c,lh_8C
2930,lh_8ad,lh_8Ad
2931,lh_46,lh_46
2932,lh_9_46d,lh_9-46d
2933,lh_9_46d,lh_9-46d
2934,lh_9_46d,lh_9-46d
2935,lh_aip,lh_AIP
2936,lh_pft,lh_PFt
2937,lh_pft,lh_PFt
2938,lh_pft,lh_PFt
2939,lh_pft,lh_PFt
2940,lh_pft,lh_PFt
2941,lh_pft,lh_PFt
2942,lh_pft,lh_PFt
2943,lh_3b,lh_3b
2944,lh_3b,lh_3b
2945,lh_3b,lh_3b
2946,lh_3b,lh_3b
2947,lh_3b,lh_3b
2948,lh_3b,lh_3b
2949,lh_3b,lh_3b
2950,lh_3b,lh_3b
2951,lh_3b,lh_3b
2952,lh_3b,lh_3b
2953,lh_4,lh_4
2954,lh_4,lh_4
2955,lh_4,lh_4
2956,lh_4,lh_4
2957,lh_7al,lh_7AL
2958,lh_7al,lh_7AL
2959,lh_7al,lh_7AL
2960,lh_7pc,lh_7PC
2961,lh_7pc,lh_7PC
2962,lh_7pc,lh_7PC
2963,lh_7pc,lh_7PC
2964,lh_7pc,lh_7PC
2965,lh_1,lh_1
2966,lh_1,lh_1
2967,lh_1,lh_1
2968,lh_aip,lh_AIP
2969,lh_2,lh_2
2970,lh_aip,lh_AIP
2971,lh_aip,lh_AIP
2972,lh_aip,lh_AIP
2973,lh_aip,lh_AIP
2974,lh_aip,lh_AIP
2975,lh_aip,lh_AIP
2976,lh_aip,lh_AIP
2977,lh_aip,lh_AIP
2978,lh_aip,lh_AIP
2979,lh_6mp,lh_6mp
2980,lh_6mp,lh_6mp
2981,lh_6mp,lh_6mp
2982,lh_4,lh_4
2983,lh_4,lh_4
2984,lh_4,lh_4
2985,lh_4,lh_4
2986,lh_4,lh_4
2987,lh_4,lh_4
2988,lh_4,lh_4
2989,lh_4,lh_4
2990,lh_1,lh_1
2991,lh_1,lh_1
2992,lh_5l,lh_5L
2993,lh_5l,lh_5L
2994,lh_5l,lh_5L
2995,lh_5l,lh_5L
2996,lh_5l,lh_5L
2997,lh_7al,lh_7AL
2998,lh_7al,lh_7AL
2999,lh_7al,lh_7AL
3000,lh_7al,lh_7AL
3001,lh_8ad,lh_8Ad
3002,lh_8ad,lh_8Ad
3003,lh_8ad,lh_8Ad
3004,lh_8ad,lh_8Ad
3005,lh_8ad,lh_8Ad
3006,lh_8bl,lh_8BL
3007,lh_s6_8,lh_s6-8
3008,lh_6a,lh_6a
3009,lh_6a,lh_6a
3010,lh_6a,lh_6a
3011,lh_6ma,lh_6ma
3012,lh_sfl,lh_SFL
3013,lh_sfl,lh_SFL
3014,lh_sfl,lh_SFL
3015,lh_sfl,lh_SFL
3016,lh_sfl,lh_SFL
3017,lh_sfl,lh_SFL
3018,lh_scef,lh_SCEF
3019,lh_scef,lh_SCEF
3020,lh_scef,lh_SCEF
3021,lh_scef,lh_SCEF
3022,lh_a24,lh_a24
3023,lh_a24,lh_a24
3024,lh_a24,lh_a24
3025,lh_p24,lh_p24
3026,lh_p24,lh_p24
3027,lh_p24,lh_p24
3028,lh_p24,lh_p24
3029,lh_p24,lh_p24
3030,lh_9m,lh_9m
3031,lh_9m,lh_9m
3032,lh_9m,lh_9m
3033,lh_a32pr,lh_a32pr
3034,lh_a32pr,lh_a32pr
3035,lh_a32pr,lh_a32pr
3036,lh_a32pr,lh_a32pr
3037,lh_a32pr,lh_a32pr
3038,lh_p32pr,lh_p32pr
3039,lh_p32pr,lh_p32pr
3040,lh_scef,lh_SCEF
3041,lh_scef,lh_SCEF
3042,lh_scef,lh_SCEF
3043,lh_scef,lh_SCEF
3044,lh_scef,lh_SCEF
3045,lh_47l,lh_47l
3046,lh_47l,lh_47l
3047,lh_47l,lh_47l
3048,lh_11l,lh_11l
3049,lh_11l,lh_11l
3050,lh_11l,lh_11l
3051,lh_11l,lh_11l
3052,lh_11l,lh_11l
3053,lh_a10p,lh_a10p
3054,lh_a10p,lh_a10p
3055,lh_a10p,lh_a10p
3056,lh_10v,lh_10v
3057,lh_10v,lh_10v
3058,lh_10v,lh_10v
3059,lh_ofc,lh_OFC
3060,lh_10v,lh_10v
3061,lh_10v,lh_10v
3062,lh_10v,lh_10v
3063,lh_a24,lh_a24
3064,lh_s32,lh_s32
3065,lh_a24,lh_a24
3066,lh_a24,lh_a24
3067,lh_6r,lh_6r
3068,lh_6r,lh_6r
3069,lh_6r,lh_6r
3070,lh_44,lh_44
3071,lh_44,lh_44
3072,lh_44,lh_44
3073,lh_44,lh_44
3074,lh_45,lh_45
3075,lh_ifsa,lh_IFSa
3076,lh_ifsa,lh_IFSa
3077,lh_ifsa,lh_IFSa
3078,lh_45,lh_45
3079,lh_45,lh_45
3080,lh_45,lh_45
3081,lh_45,lh_45
3082,lh_45,lh_45
3083,lh_45,lh_45
3084,lh_45,lh_45
3085,lh_47l,lh_47l
3086,lh_47l,lh_47l
3087,lh_47l,lh_47l
3088,lh_47l,lh_47l
3089,lh_pbelt,lh_PBelt
3090,lh_pbelt,lh_PBelt
3091,lh_pbelt,lh_PBelt
3092,lh_mbelt,lh_MBelt
3093,lh_mbelt,lh_MBelt
3094,lh_mbelt,lh_MBelt
3095,lh_mbelt,lh_MBelt
3096,lh_mbelt,lh_MBelt
3097,lh_ig,lh_Ig
3098,lh_ig,lh_Ig
3099,lh_ig,lh_Ig
3100,lh_poi2,lh_PoI2
3101,lh_poi2,lh_PoI2
3102,lh_poi2,lh_PoI2
3103,lh_poi1,lh_PoI1
3104,lh_poi2,lh_PoI2
3105,lh_poi2,lh_PoI2
3106,lh_poi2,lh_PoI2
3107,lh_fop4,lh_FOP4
3108,lh_fop4,lh_FOP4
3109,lh_fop4,lh_FOP4
3110,lh_avi,lh_AVI
3111,lh_fop5,lh_FOP5
3112,lh_pf,lh_PF
3113,lh_pf,lh_PF
3114,lh_pf,lh_PF
3115,lh_pf,lh_PF
3116,lh_pf,lh_PF
3117,lh_pf,lh_PF
3118,lh_pf,lh_PF
3119,lh_pf,lh_PF
3120,lh_pfcm,lh_PFcm
3121,lh_pfcm,lh_PFcm
3122,lh_pfcm,lh_PFcm
3123,lh_ri,lh_RI
3124,lh_ri,lh_RI
3125,lh_ri,lh_RI
3126,lh_psl,lh_PSL
3127,lh_ri,lh_RI
3128,lh_psl,lh_PSL
3129,lh_ri,lh_RI
3130,lh_pbelt,lh_PBelt
3131,lh_pbelt,lh_PBelt
3132,lh_pbelt,lh_PBelt
3133,lh_pbelt,lh_PBelt
3134,lh_lo3,lh_LO3
3135,lh_lo3,lh_LO3
3136,lh_lo3,lh_LO3
3137,lh_tpoj2,lh_TPOJ2
3138,lh_mst,lh_MST
3139,lh_tpoj2,lh_TPOJ2
3140,lh_tpoj2,lh_TPOJ2
3141,lh_tpoj2,lh_TPOJ2
3142,lh_pgi,lh_PGi
3143,lh_pgi,lh_PGi
3144,lh_pgi,lh_PGi
3145,lh_tpoj1,lh_TPOJ1
3146,lh_tpoj1,lh_TPOJ1
3147,lh_tpoj1,lh_TPOJ1
3148,lh_tpoj1,lh_TPOJ1
3149,lh_tpoj1,lh_TPOJ1
3150,lh_tpoj1,lh_TPOJ1
3151,lh_tpoj1,lh_TPOJ1
3152,lh_tpoj1,lh_TPOJ1
3153,lh_stsdp,lh_STSdp
3154,lh_a5,lh_A5
3155,lh_stsdp,lh_STSdp
3156,lh_a5,lh_A5
3157,lh_lipv,lh_LIPv
3158,lh_lipv,lh_LIPv
3159,lh_lipv,lh_LIPv
3160,lh_ip1,lh_IP1
3161,lh_mip,lh_MIP
3162,lh_ip1,lh_IP1
3163,lh_mip,lh_MIP
3164,lh_ip1,lh_IP1
3165,lh_pfm,lh_PFm
3166,lh_ip1,lh_IP1
3167,lh_pfm,lh_PFm
3168,lh_pgp,lh_PGp
3169,lh_pgs,lh_PGs
3170,lh_pgp,lh_PGp
3171,lh_pgp,lh_PGp
3172,lh_pgp,lh_PGp
3173,lh_pgp,lh_PGp
3174,lh_pgp,lh_PGp
3175,lh_pgp,lh_PGp
3176,lh_pgp,lh_PGp
3177,lh_pgp,lh_PGp
3178,lh_lo3,lh_LO3
3179,lh_dvt,lh_DVT
3180,lh_dvt,lh_DVT
3181,lh_dvt,lh_DVT
3182,lh_v2,lh_V2
3183,lh_v2,lh_V2
3184,lh_v2,lh_V2
3185,lh_v2,lh_V2
3186,lh_v2,lh_V2
3187,lh_v6a,lh_V6A
3188,lh_v6,lh_V6
3189,lh_v6,lh_V6
3190,lh_v3,lh_V3
3191,lh_v3,lh_V3
3192,lh_v2,lh_V2
3193,lh_v2,lh_V2
3194,lh_v2,lh_V2
3195,lh_v2,lh_V2
3196,lh_v2,lh_V2
3197,lh_v4,lh_V4
3198,lh_v4,lh_V4
3199,lh_v4,lh_V4
3200,lh_v4,lh_V4
3201,lh_v4,lh_V4
3202,lh_5mv,lh_5mv
3203,lh_5mv,lh_5mv
3204,lh_5mv,lh_5mv
3205,lh_23c,lh_23c
3206,lh_23c,lh_23c
3207,lh_23c,lh_23c
3208,lh_31a,lh_31a
3209,lh_31a,lh_31a
3210,lh_pcv,lh_PCV
3211,lh_pcv,lh_PCV
3212,lh_pcv,lh_PCV
3213,lh_31pd,lh_31pd
3214,lh_31pd,lh_31pd
3215,lh_31pd,lh_31pd
3216,lh_31pv,lh_31pv
3217,lh_31pv,lh_31pv
3218,lh_31pv,lh_31pv
3219,lh_31pd,lh_31pd
3220,lh_pos2,lh_POS2
3221,lh_pos1,lh_POS1
3222,lh_pos1,lh_POS1
3223,lh_pos1,lh_POS1
3224,lh_?,lh_?
3225,lh_?,lh_?
3226,lh_?,lh_?
3227,lh_?,lh_?
3228,lh_?,lh_?
3229,lh_?,lh_?
3230,lh_?,lh_?
3231,lh_?,lh_?
3232,lh_?,lh_?
3233,lh_?,lh_?
3234,lh_?,lh_?
3235,lh_?,lh_?
3236,lh_?,lh_?
3237,lh_?,lh_?
3238,lh_?,lh_?
3239,lh_?,lh_?
3240,lh_?,lh_?
3241,lh_?,lh_?
3242,lh_rsc,lh_RSC
3243,lh_rsc,lh_RSC
3244,lh_v23ab,lh_v23ab
3245,lh_v23ab,lh_v23ab
3246,lh_v23ab,lh_v23ab
3247,lh_47s,lh_47s
3248,lh_47s,lh_47s
3249,lh_47s,lh_47s
3250,lh_pir,lh_Pir
3251,lh_pir,lh_Pir
3252,lh_pir,lh_Pir
3253,lh_?,lh_?
3254,lh_?,lh_?
3255,lh_?,lh_?
3256,lh_?,lh_?
3257,lh_?,lh_?
3258,lh_?,lh_?
3259,lh_?,lh_?
3260,lh_?,lh_?
3261,lh_?,lh_?
3262,lh_?,lh_?
3263,lh_?,lh_?
3264,lh_h,lh_H
3265,lh_pres,lh_PreS
3266,lh_ec,lh_EC
3267,lh_pres,lh_PreS
3268,lh_ec,lh_EC
3269,lh_ec,lh_EC
3270,lh_a5,lh_A5
3271,lh_stsda,lh_STSda
3272,lh_a5,lh_A5
3273,lh_stsva,lh_STSva
3274,lh_stsva,lh_STSva
3275,lh_stsva,lh_STSva
3276,lh_te1a,lh_TE1a
3277,lh_te1a,lh_TE1a
3278,lh_stga,lh_STGa
3279,lh_stga,lh_STGa
3280,lh_stga,lh_STGa
3281,lh_tgd,lh_TGd
3282,lh_tgd,lh_TGd
3283,lh_tgv,lh_TGv
3284,lh_tgv,lh_TGv
3285,lh_tgv,lh_TGv
3286,lh_tgv,lh_TGv
3287,lh_tgv,lh_TGv
3288,lh_peec,lh_PeEc
3289,lh_peec,lh_PeEc
3290,lh_peec,lh_PeEc
3291,lh_peec,lh_PeEc
3292,lh_peec,lh_PeEc
3293,lh_mst,lh_MST
3294,lh_v4t,lh_V4t
3295,lh_mst,lh_MST
3296,lh_ph,lh_PH
3297,lh_ph,lh_PH
3298,lh_ph,lh_PH
3299,lh_ph,lh_PH
3300,lh_ph,lh_PH
3301,lh_te1p,lh_TE1p
3302,lh_te1p,lh_TE1p
3303,lh_te1p,lh_TE1p
3304,lh_te2p,lh_TE2p
3305,lh_te2p,lh_TE2p
3306,lh_te2p,lh_TE2p
3307,lh_te2p,lh_TE2p
3308,lh_te2p,lh_TE2p
3309,lh_te2p,lh_TE2p
3310,lh_te2p,lh_TE2p
3311,lh_tf,lh_TF
3312,lh_tf,lh_TF
3313,lh_tf,lh_TF
3314,lh_tf,lh_TF
3315,lh_tf,lh_TF
3316,lh_v1,lh_V1
3317,lh_v1,lh_V1
3318,lh_v1,lh_V1
3319,lh_v2,lh_V2
3320,lh_v1,lh_V1
3321,lh_v2,lh_V2
3322,lh_v2,lh_V2
3323,lh_v2,lh_V2
3324,lh_v2,lh_V2
3325,lh_v2,lh_V2
3326,lh_v2,lh_V2
3327,lh_v4,lh_V4
3328,lh_v4,lh_V4
3329,lh_v4,lh_V4
3330,lh_v4,lh_V4
3331,lh_v4,lh_V4
3332,lh_vmv2,lh_VMV2
3333,lh_v4,lh_V4
3334,lh_vvc,lh_VVC
3335,lh_vvc,lh_VVC
3336,lh_vvc,lh_VVC
3337,lh_vvc,lh_VVC
3338,lh_vvc,lh_VVC
3339,lh_?,lh_?
3340,lh_?,lh_?
3341,lh_?,lh_?
3342,lh_?,lh_?
3343,lh_?,lh_?
3344,lh_?,lh_?
3345,lh_?,lh_?
3346,lh_?,lh_?
3347,lh_pres,lh_PreS
3348,lh_?,lh_?
3349,lh_h,lh_H
3350,lh_pres,lh_PreS
3351,lh_h,lh_H
3352,lh_h,lh_H
3353,lh_h,lh_H
3354,lh_h,lh_H
3355,lh_h,lh_H
3356,lh_pres,lh_PreS
3357,lh_pha2,lh_PHA2
3358,lh_pha2,lh_PHA2
3359,lh_pha2,lh_PHA2
3360,lh_pha2,lh_PHA2
3361,lh_pha2,lh_PHA2
3362,lh_4,lh_4
3363,lh_6d,lh_6d
3364,lh_6d,lh_6d
3365,lh_6d,lh_6d
3366,lh_6d,lh_6d
3367,lh_6a,lh_6a
3368,lh_6a,lh_6a
3369,lh_6a,lh_6a
3370,lh_3a,lh_3a
3371,lh_4,lh_4
3372,lh_4,lh_4
3373,lh_4,lh_4
3374,lh_4,lh_4
3375,lh_4,lh_4
3376,lh_4,lh_4
3377,lh_4,lh_4
3378,lh_3a,lh_3a
3379,lh_4,lh_4
3380,lh_4,lh_4
3381,lh_4,lh_4
3382,lh_4,lh_4
3383,lh_3a,lh_3a
3384,lh_6d,lh_6d
3385,lh_6d,lh_6d
3386,lh_6d,lh_6d
3387,lh_4,lh_4
3388,lh_4,lh_4
3389,lh_4,lh_4
3390,lh_4,lh_4
3391,lh_6a,lh_6a
3392,lh_6a,lh_6a
3393,lh_6d,lh_6d
3394,lh_6d,lh_6d
3395,lh_6d,lh_6d
3396,lh_6d,lh_6d
3397,lh_9a,lh_9a
3398,lh_9a,lh_9a
3399,lh_9a,lh_9a
3400,lh_9a,lh_9a
3401,lh_9a,lh_9a
3402,lh_9a,lh_9a
3403,lh_9p,lh_9p
3404,lh_9p,lh_9p
3405,lh_9_46d,lh_9-46d
3406,lh_9_46d,lh_9-46d
3407,lh_9_46d,lh_9-46d
3408,lh_9a,lh_9a
3409,lh_9a,lh_9a
3410,lh_9a,lh_9a
3411,lh_9a,lh_9a
3412,lh_46,lh_46
3413,lh_46,lh_46
3414,lh_9_46d,lh_9-46d
3415,lh_9_46d,lh_9-46d
3416,lh_9_46d,lh_9-46d
3417,lh_9_46d,lh_9-46d
3418,lh_9_46d,lh_9-46d
3419,lh_op4,lh_OP4
3420,lh_op4,lh_OP4
3421,lh_43,lh_43
3422,lh_43,lh_43
3423,lh_43,lh_43
3424,lh_43,lh_43
3425,lh_fop1,lh_FOP1
3426,lh_fop1,lh_FOP1
3427,lh_op4,lh_OP4
3428,lh_op4,lh_OP4
3429,lh_op4,lh_OP4
3430,lh_op4,lh_OP4
3431,lh_op4,lh_OP4
3432,lh_op4,lh_OP4
3433,lh_op4,lh_OP4
3434,lh_pfm,lh_PFm
3435,lh_pfm,lh_PFm
3436,lh_pfm,lh_PFm
3437,lh_pfm,lh_PFm
3438,lh_pfm,lh_PFm
3439,lh_pfm,lh_PFm
3440,lh_pfm,lh_PFm
3441,lh_pfm,lh_PFm
3442,lh_pfm,lh_PFm
3443,lh_pfm,lh_PFm
3444,lh_pfm,lh_PFm
3445,lh_pfm,lh_PFm
3446,lh_pfm,lh_PFm
3447,lh_pfm,lh_PFm
3448,lh_pfm,lh_PFm
3449,lh_7pl,lh_7PL
3450,lh_7pl,lh_7PL
3451,lh_7pl,lh_7PL
3452,lh_7pl,lh_7PL
3453,lh_7pl,lh_7PL
3454,lh_mip,lh_MIP
3455,lh_mip,lh_MIP
3456,lh_mip,lh_MIP
3457,lh_7am,lh_7Am
3458,lh_7am,lh_7Am
3459,lh_7am,lh_7Am
3460,lh_7am,lh_7Am
3461,lh_7am,lh_7Am
3462,lh_7pl,lh_7PL
3463,lh_7pm,lh_7Pm
3464,lh_24dv,lh_24dv
3465,lh_24dv,lh_24dv
3466,lh_24dv,lh_24dv
3467,lh_24dv,lh_24dv
3468,lh_23c,lh_23c
3469,lh_23c,lh_23c
3470,lh_23c,lh_23c
3471,lh_23c,lh_23c
3472,lh_25,lh_25
3473,lh_25,lh_25
3474,lh_?,lh_?
3475,lh_?,lh_?
3476,lh_?,lh_?
3477,lh_?,lh_?
3478,lh_?,lh_?
3479,lh_?,lh_?
3480,lh_mi,lh_MI
3481,lh_mi,lh_MI
3482,lh_mi,lh_MI
3483,lh_aaic,lh_AAIC
3484,lh_aaic,lh_AAIC
3485,lh_aaic,lh_AAIC
3486,lh_aaic,lh_AAIC
3487,lh_aaic,lh_AAIC
3488,lh_stsvp,lh_STSvp
3489,lh_stsvp,lh_STSvp
3490,lh_stsvp,lh_STSvp
3491,lh_stsvp,lh_STSvp
3492,lh_stsvp,lh_STSvp
3493,lh_stsvp,lh_STSvp
3494,lh_stsva,lh_STSva
3495,lh_stsva,lh_STSva
3496,lh_v2,lh_V2
3497,lh_v2,lh_V2
3498,lh_v3,lh_V3
3499,lh_v4,lh_V4
3500,lh_v3,lh_V3
3501,lh_v4,lh_V4
3502,lh_v4,lh_V4
3503,lh_lo2,lh_LO2
3504,lh_pos1,lh_POS1
3505,lh_pos1,lh_POS1
3506,lh_pos1,lh_POS1
3507,lh_pros,lh_ProS
3508,lh_pros,lh_ProS
3509,lh_pros,lh_ProS
3510,lh_pros,lh_ProS
3511,lh_v1,lh_V1
3512,lh_4,lh_4
3513,lh_6v,lh_6v
3514,lh_6v,lh_6v
3515,lh_pef,lh_PEF
3516,lh_pef,lh_PEF
3517,lh_pef,lh_PEF
3518,lh_pef,lh_PEF
3519,lh_pef,lh_PEF
3520,lh_i6_8,lh_i6-8
3521,lh_8av,lh_8Av
3522,lh_8av,lh_8Av
3523,lh_8av,lh_8Av
3524,lh_8av,lh_8Av
3525,lh_8av,lh_8Av
3526,lh_8av,lh_8Av
3527,lh_8av,lh_8Av
3528,lh_8av,lh_8Av
3529,lh_8av,lh_8Av
3530,lh_8av,lh_8Av
3531,lh_8av,lh_8Av
3532,lh_8ad,lh_8Ad
3533,lh_8ad,lh_8Ad
3534,lh_8ad,lh_8Ad
3535,lh_2,lh_2
3536,lh_aip,lh_AIP
3537,lh_2,lh_2
3538,lh_2,lh_2
3539,lh_2,lh_2
3540,lh_2,lh_2
3541,lh_2,lh_2
3542,lh_2,lh_2
3543,lh_3a,lh_3a
3544,lh_3a,lh_3a
3545,lh_3a,lh_3a
3546,lh_3a,lh_3a
3547,lh_3a,lh_3a
3548,lh_3a,lh_3a
3549,lh_3a,lh_3a
3550,lh_3a,lh_3a
3551,lh_3a,lh_3a
3552,lh_3a,lh_3a
3553,lh_4,lh_4
3554,lh_4,lh_4
3555,lh_4,lh_4
3556,lh_4,lh_4
3557,lh_7al,lh_7AL
3558,lh_7al,lh_7AL
3559,lh_2,lh_2
3560,lh_2,lh_2
3561,lh_2,lh_2
3562,lh_2,lh_2
3563,lh_2,lh_2
3564,lh_2,lh_2
3565,lh_1,lh_1
3566,lh_1,lh_1
3567,lh_1,lh_1
3568,lh_2,lh_2
3569,lh_2,lh_2
3570,lh_2,lh_2
3571,lh_2,lh_2
3572,lh_2,lh_2
3573,lh_2,lh_2
3574,lh_2,lh_2
3575,lh_2,lh_2
3576,lh_2,lh_2
3577,lh_2,lh_2
3578,lh_aip,lh_AIP
3579,lh_scef,lh_SCEF
3580,lh_6mp,lh_6mp
3581,lh_6mp,lh_6mp
3582,lh_6mp,lh_6mp
3583,lh_6mp,lh_6mp
3584,lh_4,lh_4
3585,lh_4,lh_4
3586,lh_4,lh_4
3587,lh_3b,lh_3b
3588,lh_3b,lh_3b
3589,lh_3b,lh_3b
3590,lh_1,lh_1
3591,lh_3b,lh_3b
3592,lh_1,lh_1
3593,lh_1,lh_1
3594,lh_5l,lh_5L
3595,lh_5l,lh_5L
3596,lh_2,lh_2
3597,lh_2,lh_2
3598,lh_2,lh_2
3599,lh_2,lh_2
3600,lh_7al,lh_7AL
3601,lh_8ad,lh_8Ad
3602,lh_8ad,lh_8Ad
3603,lh_8ad,lh_8Ad
3604,lh_8ad,lh_8Ad
3605,lh_8ad,lh_8Ad
3606,lh_8ad,lh_8Ad
3607,lh_8ad,lh_8Ad
3608,lh_6a,lh_6a
3609,lh_6a,lh_6a
3610,lh_6ma,lh_6ma
3611,lh_6ma,lh_6ma
3612,lh_6ma,lh_6ma
3613,lh_6ma,lh_6ma
3614,lh_6ma,lh_6ma
3615,lh_6ma,lh_6ma
3616,lh_6ma,lh_6ma
3617,lh_6ma,lh_6ma
3618,lh_6ma,lh_6ma
3619,lh_6ma,lh_6ma
3620,lh_scef,lh_SCEF
3621,lh_scef,lh_SCEF
3622,lh_p32,lh_p32
3623,lh_p32,lh_p32
3624,lh_a24,lh_a24
3625,lh_9m,lh_9m
3626,lh_a24,lh_a24
3627,lh_9m,lh_9m
3628,lh_a24,lh_a24
3629,lh_9m,lh_9m
3630,lh_8bm,lh_8BM
3631,lh_8bm,lh_8BM
3632,lh_8bm,lh_8BM
3633,lh_8bm,lh_8BM
3634,lh_8bm,lh_8BM
3635,lh_8bm,lh_8BM
3636,lh_8bm,lh_8BM
3637,lh_8bm,lh_8BM
3638,lh_8bm,lh_8BM
3639,lh_8bm,lh_8BM
3640,lh_8bm,lh_8BM
3641,lh_8bm,lh_8BM
3642,lh_8bm,lh_8BM
3643,lh_scef,lh_SCEF
3644,lh_8bm,lh_8BM
3645,lh_a47r,lh_a47r
3646,lh_a47r,lh_a47r
3647,lh_a47r,lh_a47r
3648,lh_a47r,lh_a47r
3649,lh_a47r,lh_a47r
3650,lh_a47r,lh_a47r
3651,lh_11l,lh_11l
3652,lh_11l,lh_11l
3653,lh_10pp,lh_10pp
3654,lh_10pp,lh_10pp
3655,lh_10v,lh_10v
3656,lh_10r,lh_10r
3657,lh_10v,lh_10v
3658,lh_10r,lh_10r
3659,lh_10v,lh_10v
3660,lh_10r,lh_10r
3661,lh_10r,lh_10r
3662,lh_10r,lh_10r
3663,lh_p32,lh_p32
3664,lh_p32,lh_p32
3665,lh_p32,lh_p32
3666,lh_p32,lh_p32
3667,lh_ifja,lh_IFJa
3668,lh_ifja,lh_IFJa
3669,lh_ifja,lh_IFJa
3670,lh_ifsp,lh_IFSp
3671,lh_ifsp,lh_IFSp
3672,lh_ifsp,lh_IFSp
3673,lh_ifsp,lh_IFSp
3674,lh_ifsp,lh_IFSp
3675,lh_a9_46v,lh_a9-46v
3676,lh_p47r,lh_p47r
3677,lh_p47r,lh_p47r
3678,lh_p47r,lh_p47r
3679,lh_p47r,lh_p47r
3680,lh_p47r,lh_p47r
3681,lh_p47r,lh_p47r
3682,lh_p47r,lh_p47r
3683,lh_47l,lh_47l
3684,lh_p47r,lh_p47r
3685,lh_a47r,lh_a47r
3686,lh_a47r,lh_a47r
3687,lh_a47r,lh_a47r
3688,lh_a47r,lh_a47r
3689,lh_lbelt,lh_LBelt
3690,lh_lbelt,lh_LBelt
3691,lh_lbelt,lh_LBelt
3692,lh_a1,lh_A1
3693,lh_a1,lh_A1
3694,lh_a1,lh_A1
3695,lh_mbelt,lh_MBelt
3696,lh_mbelt,lh_MBelt
3697,lh_fop3,lh_FOP3
3698,lh_fop2,lh_FOP2
3699,lh_fop3,lh_FOP3
3700,lh_fop3,lh_FOP3
3701,lh_fop3,lh_FOP3
3702,lh_fop3,lh_FOP3
3703,lh_fop3,lh_FOP3
3704,lh_fop3,lh_FOP3
3705,lh_fop3,lh_FOP3
3706,lh_fop3,lh_FOP3
3707,lh_fop4,lh_FOP4
3708,lh_fop4,lh_FOP4
3709,lh_fop4,lh_FOP4
3710,lh_fop4,lh_FOP4
3711,lh_fop4,lh_FOP4
3712,lh_pf,lh_PF
3713,lh_pf,lh_PF
3714,lh_pf,lh_PF
3715,lh_pf,lh_PF
3716,lh_pf,lh_PF
3717,lh_pf,lh_PF
3718,lh_pf,lh_PF
3719,lh_pf,lh_PF
3720,lh_op1,lh_OP1
3721,lh_ri,lh_RI
3722,lh_ri,lh_RI
3723,lh_ri,lh_RI
3724,lh_ri,lh_RI
3725,lh_ri,lh_RI
3726,lh_ri,lh_RI
3727,lh_ri,lh_RI
3728,lh_pbelt,lh_PBelt
3729,lh_lbelt,lh_LBelt
3730,lh_lbelt,lh_LBelt
3731,lh_lbelt,lh_LBelt
3732,lh_lbelt,lh_LBelt
3733,lh_lbelt,lh_LBelt
3734,lh_pgp,lh_PGp
3735,lh_tpoj3,lh_TPOJ3
3736,lh_tpoj3,lh_TPOJ3
3737,lh_pgi,lh_PGi
3738,lh_pgi,lh_PGi
3739,lh_pgi,lh_PGi
3740,lh_tpoj3,lh_TPOJ3
3741,lh_pgi,lh_PGi
3742,lh_pgi,lh_PGi
3743,lh_pgi,lh_PGi
3744,lh_pgi,lh_PGi
3745,lh_stv,lh_STV
3746,lh_stv,lh_STV
3747,lh_stv,lh_STV
3748,lh_tpoj1,lh_TPOJ1
3749,lh_tpoj1,lh_TPOJ1
3750,lh_tpoj1,lh_TPOJ1
3751,lh_tpoj1,lh_TPOJ1
3752,lh_stv,lh_STV
3753,lh_stv,lh_STV
3754,lh_tpoj1,lh_TPOJ1
3755,lh_tpoj1,lh_TPOJ1
3756,lh_tpoj1,lh_TPOJ1
3757,lh_lipv,lh_LIPv
3758,lh_lipv,lh_LIPv
3759,lh_lipv,lh_LIPv
3760,lh_lipd,lh_LIPd
3761,lh_lipd,lh_LIPd
3762,lh_lipd,lh_LIPd
3763,lh_lipd,lh_LIPd
3764,lh_ip1,lh_IP1
3765,lh_pgs,lh_PGs
3766,lh_pgs,lh_PGs
3767,lh_pgs,lh_PGs
3768,lh_pgs,lh_PGs
3769,lh_pgs,lh_PGs
3770,lh_pgs,lh_PGs
3771,lh_pgs,lh_PGs
3772,lh_pgs,lh_PGs
3773,lh_pgs,lh_PGs
3774,lh_pgs,lh_PGs
3775,lh_pgs,lh_PGs
3776,lh_pgs,lh_PGs
3777,lh_pgs,lh_PGs
3778,lh_pgp,lh_PGp
3779,lh_pos2,lh_POS2
3780,lh_dvt,lh_DVT
3781,lh_dvt,lh_DVT
3782,lh_v6,lh_V6
3783,lh_v6,lh_V6
3784,lh_v6,lh_V6
3785,lh_v6,lh_V6
3786,lh_v6,lh_V6
3787,lh_v7,lh_V7
3788,lh_v3a,lh_V3A
3789,lh_v3a,lh_V3A
3790,lh_v3a,lh_V3A
3791,lh_v3a,lh_V3A
3792,lh_v3a,lh_V3A
3793,lh_v3a,lh_V3A
3794,lh_v3a,lh_V3A
3795,lh_v3a,lh_V3A
3796,lh_v3a,lh_V3A
3797,lh_v4,lh_V4
3798,lh_v4,lh_V4
3799,lh_v4,lh_V4
3800,lh_v4,lh_V4
3801,lh_v4,lh_V4
3802,lh_5mv,lh_5mv
3803,lh_5mv,lh_5mv
3804,lh_5mv,lh_5mv
3805,lh_23c,lh_23c
3806,lh_23c,lh_23c
3807,lh_23c,lh_23c
3808,lh_23c,lh_23c
3809,lh_23c,lh_23c
3810,lh_7m,lh_7m
3811,lh_7m,lh_7m
3812,lh_7m,lh_7m
3813,lh_7m,lh_7m
3814,lh_7m,lh_7m
3815,lh_7m,lh_7m
3816,lh_7m,lh_7m
3817,lh_7m,lh_7m
3818,lh_7m,lh_7m
3819,lh_7m,lh_7m
3820,lh_pos2,lh_POS2
3821,lh_pos2,lh_POS2
3822,lh_pos2,lh_POS2
3823,lh_pos2,lh_POS2
3824,lh_?,lh_?
3825,lh_?,lh_?
3826,lh_?,lh_?
3827,lh_?,lh_?
3828,lh_?,lh_?
3829,lh_?,lh_?
3830,lh_?,lh_?
3831,lh_?,lh_?
3832,lh_rsc,lh_RSC
3833,lh_?,lh_?
3834,lh_rsc,lh_RSC
3835,lh_?,lh_?
3836,lh_?,lh_?
3837,lh_?,lh_?
3838,lh_?,lh_?
3839,lh_?,lh_?
3840,lh_?,lh_?
3841,lh_?,lh_?
3842,lh_rsc,lh_RSC
3843,lh_rsc,lh_RSC
3844,lh_rsc,lh_RSC
3845,lh_rsc,lh_RSC
3846,lh_d23ab,lh_d23ab
3847,lh_13l,lh_13l
3848,lh_13l,lh_13l
3849,lh_13l,lh_13l
3850,lh_ofc,lh_OFC
3851,lh_13l,lh_13l
3852,lh_pofc,lh_pOFC
3853,lh_pofc,lh_pOFC
3854,lh_pofc,lh_pOFC
3855,lh_?,lh_?
3856,lh_?,lh_?
3857,lh_?,lh_?
3858,lh_?,lh_?
3859,lh_?,lh_?
3860,lh_?,lh_?
3861,lh_?,lh_?
3862,lh_?,lh_?
3863,lh_h,lh_H
3864,lh_h,lh_H
3865,lh_h,lh_H
3866,lh_h,lh_H
3867,lh_h,lh_H
3868,lh_h,lh_H
3869,lh_h,lh_H
3870,lh_a4,lh_A4
3871,lh_a4,lh_A4
3872,lh_a4,lh_A4
3873,lh_a5,lh_A5
3874,lh_a5,lh_A5
3875,lh_a5,lh_A5
3876,lh_stsda,lh_STSda
3877,lh_stga,lh_STGa
3878,lh_tgd,lh_TGd
3879,lh_tgd,lh_TGd
3880,lh_tgd,lh_TGd
3881,lh_tgd,lh_TGd
3882,lh_tgd,lh_TGd
3883,lh_tgd,lh_TGd
3884,lh_tgd,lh_TGd
3885,lh_tgd,lh_TGd
3886,lh_tgd,lh_TGd
3887,lh_tgd,lh_TGd
3888,lh_tgv,lh_TGv
3889,lh_tgv,lh_TGv
3890,lh_tgv,lh_TGv
3891,lh_peec,lh_PeEc
3892,lh_peec,lh_PeEc
3893,lh_fst,lh_FST
3894,lh_fst,lh_FST
3895,lh_fst,lh_FST
3896,lh_pht,lh_PHT
3897,lh_pht,lh_PHT
3898,lh_ph,lh_PH
3899,lh_ph,lh_PH
3900,lh_ph,lh_PH
3901,lh_te1m,lh_TE1m
3902,lh_te1m,lh_TE1m
3903,lh_te1m,lh_TE1m
3904,lh_te2a,lh_TE2a
3905,lh_te2a,lh_TE2a
3906,lh_te2a,lh_TE2a
3907,lh_te2a,lh_TE2a
3908,lh_te2a,lh_TE2a
3909,lh_te2a,lh_TE2a
3910,lh_te2a,lh_TE2a
3911,lh_te2a,lh_TE2a
3912,lh_te2a,lh_TE2a
3913,lh_te2a,lh_TE2a
3914,lh_te2a,lh_TE2a
3915,lh_te2a,lh_TE2a
3916,lh_v1,lh_V1
3917,lh_v1,lh_V1
3918,lh_v1,lh_V1
3919,lh_v1,lh_V1
3920,lh_v1,lh_V1
3921,lh_v1,lh_V1
3922,lh_v1,lh_V1
3923,lh_v1,lh_V1
3924,lh_v4,lh_V4
3925,lh_v4,lh_V4
3926,lh_v4,lh_V4
3927,lh_v8,lh_V8
3928,lh_v8,lh_V8
3929,lh_v8,lh_V8
3930,lh_v8,lh_V8
3931,lh_vmv3,lh_VMV3
3932,lh_vmv3,lh_VMV3
3933,lh_vvc,lh_VVC
3934,lh_vvc,lh_VVC
3935,lh_vvc,lh_VVC
3936,lh_vvc,lh_VVC
3937,lh_vvc,lh_VVC
3938,lh_ffc,lh_FFC
3939,lh_?,lh_?
3940,lh_?,lh_?
3941,lh_?,lh_?
3942,lh_?,lh_?
3943,lh_?,lh_?
3944,lh_?,lh_?
3945,lh_?,lh_?
3946,lh_?,lh_?
3947,lh_v2,lh_V2
3948,lh_v2,lh_V2
3949,lh_v2,lh_V2
3950,lh_pha1,lh_PHA1
3951,lh_pha1,lh_PHA1
3952,lh_pha1,lh_PHA1
3953,lh_pha1,lh_PHA1
3954,lh_pha1,lh_PHA1
3955,lh_pha1,lh_PHA1
3956,lh_pha1,lh_PHA1
3957,lh_vmv1,lh_VMV1
3958,lh_vmv1,lh_VMV1
3959,lh_vmv1,lh_VMV1
3960,lh_pha2,lh_PHA2
3961,lh_vmv2,lh_VMV2
3962,lh_55b,lh_55b
3963,lh_55b,lh_55b
3964,lh_55b,lh_55b
3965,lh_fef,lh_FEF
3966,lh_55b,lh_55b
3967,lh_55b,lh_55b
3968,lh_55b,lh_55b
3969,lh_fef,lh_FEF
3970,lh_fef,lh_FEF
3971,lh_fef,lh_FEF
3972,lh_fef,lh_FEF
3973,lh_fef,lh_FEF
3974,lh_fef,lh_FEF
3975,lh_fef,lh_FEF
3976,lh_fef,lh_FEF
3977,lh_fef,lh_FEF
3978,lh_fef,lh_FEF
3979,lh_fef,lh_FEF
3980,lh_6a,lh_6a
3981,lh_i6_8,lh_i6-8
3982,lh_i6_8,lh_i6-8
3983,lh_i6_8,lh_i6-8
3984,lh_i6_8,lh_i6-8
3985,lh_1,lh_1
3986,lh_1,lh_1
3987,lh_3b,lh_3b
3988,lh_3b,lh_3b
3989,lh_3b,lh_3b
3990,lh_3b,lh_3b
3991,lh_3b,lh_3b
3992,lh_3b,lh_3b
3993,lh_4,lh_4
3994,lh_3a,lh_3a
3995,lh_4,lh_4
3996,lh_4,lh_4
3997,lh_3a,lh_3a
3998,lh_3a,lh_3a
3999,lh_3a,lh_3a
4000,lh_3a,lh_3a
4001,lh_3a,lh_3a
4002,lh_4,lh_4
4003,lh_4,lh_4
4004,lh_4,lh_4
4005,lh_4,lh_4
4006,lh_4,lh_4
4007,lh_3b,lh_3b
4008,lh_1,lh_1
4009,lh_3b,lh_3b
4010,lh_3b,lh_3b
4011,lh_3b,lh_3b
4012,lh_3b,lh_3b
4013,lh_1,lh_1
4014,lh_3b,lh_3b
4015,lh_3a,lh_3a
4016,lh_3b,lh_3b
4017,lh_3b,lh_3b
4018,lh_3b,lh_3b
4019,lh_3b,lh_3b
4020,lh_3b,lh_3b
4021,lh_1,lh_1
4022,lh_3b,lh_3b
4023,lh_1,lh_1
4024,lh_1,lh_1
4025,lh_3b,lh_3b
4026,lh_1,lh_1
4027,lh_1,lh_1
4028,lh_1,lh_1
4029,lh_6mp,lh_6mp
4030,lh_6mp,lh_6mp
4031,lh_6mp,lh_6mp
4032,lh_6mp,lh_6mp
4033,lh_6mp,lh_6mp
4034,lh_6mp,lh_6mp
4035,lh_4,lh_4
4036,lh_4,lh_4
4037,lh_4,lh_4
4038,lh_4,lh_4
4039,lh_4,lh_4
4040,lh_4,lh_4
4041,lh_4,lh_4
4042,lh_4,lh_4
4043,lh_4,lh_4
4044,lh_3a,lh_3a
4045,lh_3a,lh_3a
4046,lh_3a,lh_3a
4047,lh_3b,lh_3b
4048,lh_3b,lh_3b
4049,lh_3b,lh_3b
4050,lh_3b,lh_3b
4051,lh_6a,lh_6a
4052,lh_6a,lh_6a
4053,lh_6a,lh_6a
4054,lh_6a,lh_6a
4055,lh_6a,lh_6a
4056,lh_6a,lh_6a
4057,lh_6a,lh_6a
4058,lh_6a,lh_6a
4059,lh_6a,lh_6a
4060,lh_6a,lh_6a
4061,lh_6a,lh_6a
4062,lh_6a,lh_6a
4063,lh_6a,lh_6a
4064,lh_6a,lh_6a
4065,lh_6a,lh_6a
4066,lh_6a,lh_6a
4067,lh_6a,lh_6a
4068,lh_6mp,lh_6mp
4069,lh_6mp,lh_6mp
4070,lh_6mp,lh_6mp
4071,lh_6mp,lh_6mp
4072,lh_10d,lh_10d
4073,lh_10d,lh_10d
4074,lh_10d,lh_10d
4075,lh_10d,lh_10d
4076,lh_9m,lh_9m
4077,lh_9m,lh_9m
4078,lh_9m,lh_9m
4079,lh_9m,lh_9m
4080,lh_9a,lh_9a
4081,lh_9a,lh_9a
4082,lh_9a,lh_9a
4083,lh_9m,lh_9m
4084,lh_9a,lh_9a
4085,lh_9m,lh_9m
4086,lh_9m,lh_9m
4087,lh_9m,lh_9m
4088,lh_9m,lh_9m
4089,lh_9m,lh_9m
4090,lh_8bl,lh_8BL
4091,lh_9m,lh_9m
4092,lh_8bl,lh_8BL
4093,lh_8bl,lh_8BL
4094,lh_8bl,lh_8BL
4095,lh_a9_46v,lh_a9-46v
4096,lh_a47r,lh_a47r
4097,lh_a9_46v,lh_a9-46v
4098,lh_p10p,lh_p10p
4099,lh_a10p,lh_a10p
4100,lh_a10p,lh_a10p
4101,lh_a10p,lh_a10p
4102,lh_p10p,lh_p10p
4103,lh_p10p,lh_p10p
4104,lh_p10p,lh_p10p
4105,lh_p10p,lh_p10p
4106,lh_p10p,lh_p10p
4107,lh_p10p,lh_p10p
4108,lh_p10p,lh_p10p
4109,lh_p10p,lh_p10p
4110,lh_p10p,lh_p10p
4111,lh_10d,lh_10d
4112,lh_10d,lh_10d
4113,lh_10d,lh_10d
4114,lh_10d,lh_10d
4115,lh_10d,lh_10d
4116,lh_10d,lh_10d
4117,lh_p9_46v,lh_p9-46v
4118,lh_p9_46v,lh_p9-46v
4119,lh_p9_46v,lh_p9-46v
4120,lh_46,lh_46
4121,lh_46,lh_46
4122,lh_46,lh_46
4123,lh_46,lh_46
4124,lh_46,lh_46
4125,lh_46,lh_46
4126,lh_46,lh_46
4127,lh_46,lh_46
4128,lh_a9_46v,lh_a9-46v
4129,lh_a9_46v,lh_a9-46v
4130,lh_a9_46v,lh_a9-46v
4131,lh_a9_46v,lh_a9-46v
4132,lh_a9_46v,lh_a9-46v
4133,lh_a9_46v,lh_a9-46v
4134,lh_a9_46v,lh_a9-46v
4135,lh_a9_46v,lh_a9-46v
4136,lh_a9_46v,lh_a9-46v
4137,lh_a9_46v,lh_a9-46v
4138,lh_a9_46v,lh_a9-46v
4139,lh_op2_3,lh_OP2-3
4140,lh_op2_3,lh_OP2-3
4141,lh_op2_3,lh_OP2-3
4142,lh_op2_3,lh_OP2-3
4143,lh_op2_3,lh_OP2-3
4144,lh_op2_3,lh_OP2-3
4145,lh_op2_3,lh_OP2-3
4146,lh_op2_3,lh_OP2-3
4147,lh_fop2,lh_FOP2
4148,lh_op2_3,lh_OP2-3
4149,lh_fop2,lh_FOP2
4150,lh_fop2,lh_FOP2
4151,lh_fop2,lh_FOP2
4152,lh_fop2,lh_FOP2
4153,lh_fop2,lh_FOP2
4154,lh_fop2,lh_FOP2
4155,lh_fop2,lh_FOP2
4156,lh_fop2,lh_FOP2
4157,lh_fop4,lh_FOP4
4158,lh_fop4,lh_FOP4
4159,lh_fop4,lh_FOP4
4160,lh_fop4,lh_FOP4
4161,lh_fop4,lh_FOP4
4162,lh_pfop,lh_PFop
4163,lh_pfop,lh_PFop
4164,lh_pfop,lh_PFop
4165,lh_pfcm,lh_PFcm
4166,lh_pfop,lh_PFop
4167,lh_pfcm,lh_PFcm
4168,lh_pfcm,lh_PFcm
4169,lh_op1,lh_OP1
4170,lh_op4,lh_OP4
4171,lh_op4,lh_OP4
4172,lh_op1,lh_OP1
4173,lh_op1,lh_OP1
4174,lh_op1,lh_OP1
4175,lh_op1,lh_OP1
4176,lh_op1,lh_OP1
4177,lh_op1,lh_OP1
4178,lh_op1,lh_OP1
4179,lh_op1,lh_OP1
4180,lh_op1,lh_OP1
4181,lh_op1,lh_OP1
4182,lh_op1,lh_OP1
4183,lh_ri,lh_RI
4184,lh_pgs,lh_PGs
4185,lh_pgi,lh_PGi
4186,lh_pgi,lh_PGi
4187,lh_pgi,lh_PGi
4188,lh_pgi,lh_PGi
4189,lh_pgi,lh_PGi
4190,lh_pgi,lh_PGi
4191,lh_pgi,lh_PGi
4192,lh_pfm,lh_PFm
4193,lh_pfm,lh_PFm
4194,lh_pfm,lh_PFm
4195,lh_pfm,lh_PFm
4196,lh_pfm,lh_PFm
4197,lh_pgi,lh_PGi
4198,lh_pgi,lh_PGi
4199,lh_pgi,lh_PGi
4200,lh_pgi,lh_PGi
4201,lh_pfm,lh_PFm
4202,lh_pfm,lh_PFm
4203,lh_pfm,lh_PFm
4204,lh_pfm,lh_PFm
4205,lh_stv,lh_STV
4206,lh_psl,lh_PSL
4207,lh_lipd,lh_LIPd
4208,lh_lipd,lh_LIPd
4209,lh_ip2,lh_IP2
4210,lh_ip2,lh_IP2
4211,lh_ip2,lh_IP2
4212,lh_ip2,lh_IP2
4213,lh_ip2,lh_IP2
4214,lh_pfm,lh_PFm
4215,lh_pfm,lh_PFm
4216,lh_ip2,lh_IP2
4217,lh_pfm,lh_PFm
4218,lh_pfm,lh_PFm
4219,lh_pfm,lh_PFm
4220,lh_pfm,lh_PFm
4221,lh_pfm,lh_PFm
4222,lh_pfm,lh_PFm
4223,lh_pfm,lh_PFm
4224,lh_pfm,lh_PFm
4225,lh_pgs,lh_PGs
4226,lh_pgs,lh_PGs
4227,lh_pgs,lh_PGs
4228,lh_pgs,lh_PGs
4229,lh_pos2,lh_POS2
4230,lh_pos2,lh_POS2
4231,lh_pos2,lh_POS2
4232,lh_pos2,lh_POS2
4233,lh_pos2,lh_POS2
4234,lh_dvt,lh_DVT
4235,lh_dvt,lh_DVT
4236,lh_dvt,lh_DVT
4237,lh_7pl,lh_7PL
4238,lh_7pl,lh_7PL
4239,lh_7pl,lh_7PL
4240,lh_ips1,lh_IPS1
4241,lh_dvt,lh_DVT
4242,lh_ips1,lh_IPS1
4243,lh_v6a,lh_V6A
4244,lh_v6a,lh_V6A
4245,lh_v6a,lh_V6A
4246,lh_ips1,lh_IPS1
4247,lh_ips1,lh_IPS1
4248,lh_v7,lh_V7
4249,lh_v7,lh_V7
4250,lh_v7,lh_V7
4251,lh_ips1,lh_IPS1
4252,lh_5mv,lh_5mv
4253,lh_5mv,lh_5mv
4254,lh_7am,lh_7Am
4255,lh_7am,lh_7Am
4256,lh_pcv,lh_PCV
4257,lh_pcv,lh_PCV
4258,lh_pcv,lh_PCV
4259,lh_pcv,lh_PCV
4260,lh_7am,lh_7Am
4261,lh_7am,lh_7Am
4262,lh_7am,lh_7Am
4263,lh_7pm,lh_7Pm
4264,lh_7pm,lh_7Pm
4265,lh_7pm,lh_7Pm
4266,lh_7pm,lh_7Pm
4267,lh_7pm,lh_7Pm
4268,lh_7pm,lh_7Pm
4269,lh_7pm,lh_7Pm
4270,lh_pos2,lh_POS2
4271,lh_pos2,lh_POS2
4272,lh_pos2,lh_POS2
4273,lh_pos2,lh_POS2
4274,lh_33pr,lh_33pr
4275,lh_33pr,lh_33pr
4276,lh_33pr,lh_33pr
4277,lh_33pr,lh_33pr
4278,lh_33pr,lh_33pr
4279,lh_33pr,lh_33pr
4280,lh_33pr,lh_33pr
4281,lh_33pr,lh_33pr
4282,lh_p24pr,lh_p24pr
4283,lh_p24pr,lh_p24pr
4284,lh_p24pr,lh_p24pr
4285,lh_23d,lh_23d
4286,lh_p24pr,lh_p24pr
4287,lh_23d,lh_23d
4288,lh_rsc,lh_RSC
4289,lh_23d,lh_23d
4290,lh_rsc,lh_RSC
4291,lh_23d,lh_23d
4292,lh_23d,lh_23d
4293,lh_23d,lh_23d
4294,lh_23d,lh_23d
4295,lh_23d,lh_23d
4296,lh_23d,lh_23d
4297,lh_ofc,lh_OFC
4298,lh_ofc,lh_OFC
4299,lh_ofc,lh_OFC
4300,lh_pofc,lh_pOFC
4301,lh_pofc,lh_pOFC
4302,lh_pofc,lh_pOFC
4303,lh_?,lh_?
4304,lh_?,lh_?
4305,lh_?,lh_?
4306,lh_?,lh_?
4307,lh_?,lh_?
4308,lh_?,lh_?
4309,lh_?,lh_?
4310,lh_?,lh_?
4311,lh_?,lh_?
4312,lh_?,lh_?
4313,lh_?,lh_?
4314,lh_?,lh_?
4315,lh_?,lh_?
4316,lh_?,lh_?
4317,lh_?,lh_?
4318,lh_?,lh_?
4319,lh_?,lh_?
4320,lh_pi,lh_PI
4321,lh_pi,lh_PI
4322,lh_pi,lh_PI
4323,lh_poi1,lh_PoI1
4324,lh_pi,lh_PI
4325,lh_pi,lh_PI
4326,lh_pi,lh_PI
4327,lh_pi,lh_PI
4328,lh_poi2,lh_PoI2
4329,lh_poi2,lh_PoI2
4330,lh_poi2,lh_PoI2
4331,lh_poi1,lh_PoI1
4332,lh_poi1,lh_PoI1
4333,lh_poi1,lh_PoI1
4334,lh_pi,lh_PI
4335,lh_pi,lh_PI
4336,lh_tgd,lh_TGd
4337,lh_tgd,lh_TGd
4338,lh_tgd,lh_TGd
4339,lh_tgd,lh_TGd
4340,lh_tgd,lh_TGd
4341,lh_tgd,lh_TGd
4342,lh_tgd,lh_TGd
4343,lh_te1p,lh_TE1p
4344,lh_te1p,lh_TE1p
4345,lh_te1p,lh_TE1p
4346,lh_te1p,lh_TE1p
4347,lh_te1p,lh_TE1p
4348,lh_te1p,lh_TE1p
4349,lh_te1p,lh_TE1p
4350,lh_te1p,lh_TE1p
4351,lh_stsvp,lh_STSvp
4352,lh_stsvp,lh_STSvp
4353,lh_stsvp,lh_STSvp
4354,lh_te1m,lh_TE1m
4355,lh_te1m,lh_TE1m
4356,lh_te1m,lh_TE1m
4357,lh_te1m,lh_TE1m
4358,lh_te1m,lh_TE1m
4359,lh_te1m,lh_TE1m
4360,lh_te1m,lh_TE1m
4361,lh_te1a,lh_TE1a
4362,lh_te1m,lh_TE1m
4363,lh_te1m,lh_TE1m
4364,lh_te1m,lh_TE1m
4365,lh_te1a,lh_TE1a
4366,lh_v1,lh_V1
4367,lh_v1,lh_V1
4368,lh_v1,lh_V1
4369,lh_v1,lh_V1
4370,lh_v1,lh_V1
4371,lh_v1,lh_V1
4372,lh_v2,lh_V2
4373,lh_v2,lh_V2
4374,lh_v1,lh_V1
4375,lh_v1,lh_V1
4376,lh_v1,lh_V1
4377,lh_v3,lh_V3
4378,lh_v2,lh_V2
4379,lh_v3,lh_V3
4380,lh_v3,lh_V3
4381,lh_v3,lh_V3
4382,lh_v3,lh_V3
4383,lh_v4,lh_V4
4384,lh_pit,lh_PIT
4385,lh_pit,lh_PIT
4386,lh_ffc,lh_FFC
4387,lh_ffc,lh_FFC
4388,lh_ffc,lh_FFC
4389,lh_?,lh_?
4390,lh_?,lh_?
4391,lh_?,lh_?
4392,lh_?,lh_?
4393,lh_?,lh_?
4394,lh_rsc,lh_RSC
4395,lh_?,lh_?
4396,lh_rsc,lh_RSC
4397,lh_pos1,lh_POS1
4398,lh_pos1,lh_POS1
4399,lh_pros,lh_ProS
4400,lh_pros,lh_ProS
4401,lh_pros,lh_ProS
4402,lh_pros,lh_ProS
4403,lh_pros,lh_ProS
4404,lh_pros,lh_ProS
4405,lh_pros,lh_ProS
4406,lh_pros,lh_ProS
4407,lh_v2,lh_V2
4408,lh_v2,lh_V2
4409,lh_v2,lh_V2
4410,lh_v2,lh_V2
4411,lh_v2,lh_V2
4412,lh_43,lh_43
4413,lh_43,lh_43
4414,lh_43,lh_43
4415,lh_6r,lh_6r
4416,lh_6r,lh_6r
4417,lh_6r,lh_6r
4418,lh_6r,lh_6r
4419,lh_6r,lh_6r
4420,lh_6r,lh_6r
4421,lh_6r,lh_6r
4422,lh_6r,lh_6r
4423,lh_ifjp,lh_IFJp
4424,lh_ifjp,lh_IFJp
4425,lh_ifjp,lh_IFJp
4426,lh_ifjp,lh_IFJp
4427,lh_ifjp,lh_IFJp
4428,lh_ifja,lh_IFJa
4429,lh_ifjp,lh_IFJp
4430,lh_ifja,lh_IFJa
4431,lh_ifja,lh_IFJa
4432,lh_ifja,lh_IFJa
4433,lh_ifja,lh_IFJa
4434,lh_ifja,lh_IFJa
4435,lh_55b,lh_55b
4436,lh_pef,lh_PEF
4437,lh_pef,lh_PEF
4438,lh_pef,lh_PEF
4439,lh_pef,lh_PEF
4440,lh_8c,lh_8C
4441,lh_pef,lh_PEF
4442,lh_8c,lh_8C
4443,lh_8av,lh_8Av
4444,lh_8av,lh_8Av
4445,lh_8av,lh_8Av
4446,lh_8c,lh_8C
4447,lh_8c,lh_8C
4448,lh_8c,lh_8C
4449,lh_8c,lh_8C
4450,lh_8c,lh_8C
4451,lh_8c,lh_8C
4452,lh_8c,lh_8C
4453,lh_8c,lh_8C
4454,lh_8c,lh_8C
4455,lh_8c,lh_8C
4456,lh_8c,lh_8C
4457,lh_p9_46v,lh_p9-46v
4458,lh_p9_46v,lh_p9-46v
4459,lh_p9_46v,lh_p9-46v
4460,lh_p9_46v,lh_p9-46v
4461,lh_p9_46v,lh_p9-46v
4462,lh_p9_46v,lh_p9-46v
4463,lh_p9_46v,lh_p9-46v
4464,lh_p9_46v,lh_p9-46v
4465,lh_8av,lh_8Av
4466,lh_8av,lh_8Av
4467,lh_46,lh_46
4468,lh_46,lh_46
4469,lh_46,lh_46
4470,lh_46,lh_46
4471,lh_46,lh_46
4472,lh_46,lh_46
4473,lh_46,lh_46
4474,lh_46,lh_46
4475,lh_9_46d,lh_9-46d
4476,lh_9_46d,lh_9-46d
4477,lh_9_46d,lh_9-46d
4478,lh_9_46d,lh_9-46d
4479,lh_9_46d,lh_9-46d
4480,lh_ip2,lh_IP2
4481,lh_pf,lh_PF
4482,lh_pf,lh_PF
4483,lh_pft,lh_PFt
4484,lh_pf,lh_PF
4485,lh_pf,lh_PF
4486,lh_pf,lh_PF
4487,lh_pft,lh_PFt
4488,lh_pft,lh_PFt
4489,lh_pft,lh_PFt
4490,lh_pft,lh_PFt
4491,lh_pft,lh_PFt
4492,lh_pft,lh_PFt
4493,lh_pft,lh_PFt
4494,lh_pft,lh_PFt
4495,lh_pft,lh_PFt
4496,lh_pft,lh_PFt
4497,lh_pft,lh_PFt
4498,lh_pft,lh_PFt
4499,lh_pft,lh_PFt
4500,lh_pft,lh_PFt
4501,lh_pft,lh_PFt
4502,lh_pft,lh_PFt
4503,lh_1,lh_1
4504,lh_1,lh_1
4505,lh_1,lh_1
4506,lh_1,lh_1
4507,lh_1,lh_1
4508,lh_1,lh_1
4509,lh_1,lh_1
4510,lh_1,lh_1
4511,lh_3b,lh_3b
4512,lh_3b,lh_3b
4513,lh_3b,lh_3b
4514,lh_3b,lh_3b
4515,lh_3b,lh_3b
4516,lh_1,lh_1
4517,lh_2,lh_2
4518,lh_2,lh_2
4519,lh_2,lh_2
4520,lh_2,lh_2
4521,lh_2,lh_2
4522,lh_2,lh_2
4523,lh_pft,lh_PFt
4524,lh_pft,lh_PFt
4525,lh_pft,lh_PFt
4526,lh_pfop,lh_PFop
4527,lh_pfop,lh_PFop
4528,lh_1,lh_1
4529,lh_pfop,lh_PFop
4530,lh_1,lh_1
4531,lh_op4,lh_OP4
4532,lh_1,lh_1
4533,lh_3a,lh_3a
4534,lh_3a,lh_3a
4535,lh_3a,lh_3a
4536,lh_3a,lh_3a
4537,lh_3b,lh_3b
4538,lh_3a,lh_3a
4539,lh_3b,lh_3b
4540,lh_3b,lh_3b
4541,lh_1,lh_1
4542,lh_3a,lh_3a
4543,lh_4,lh_4
4544,lh_3a,lh_3a
4545,lh_4,lh_4
4546,lh_43,lh_43
4547,lh_vip,lh_VIP
4548,lh_vip,lh_VIP
4549,lh_vip,lh_VIP
4550,lh_vip,lh_VIP
4551,lh_vip,lh_VIP
4552,lh_vip,lh_VIP
4553,lh_vip,lh_VIP
4554,lh_lipv,lh_LIPv
4555,lh_7al,lh_7AL
4556,lh_7al,lh_7AL
4557,lh_7al,lh_7AL
4558,lh_7pc,lh_7PC
4559,lh_7pc,lh_7PC
4560,lh_7pc,lh_7PC
4561,lh_lipv,lh_LIPv
4562,lh_lipv,lh_LIPv
4563,lh_lipv,lh_LIPv
4564,lh_lipv,lh_LIPv
4565,lh_7pc,lh_7PC
4566,lh_lipv,lh_LIPv
4567,lh_lipv,lh_LIPv
4568,lh_lipv,lh_LIPv
4569,lh_aip,lh_AIP
4570,lh_1,lh_1
4571,lh_1,lh_1
4572,lh_2,lh_2
4573,lh_2,lh_2
4574,lh_2,lh_2
4575,lh_2,lh_2
4576,lh_2,lh_2
4577,lh_2,lh_2
4578,lh_2,lh_2
4579,lh_2,lh_2
4580,lh_2,lh_2
4581,lh_7pc,lh_7PC
4582,lh_2,lh_2
4583,lh_7pc,lh_7PC
4584,lh_7pc,lh_7PC
4585,lh_7pc,lh_7PC
4586,lh_7pc,lh_7PC
4587,lh_7pc,lh_7PC
4588,lh_aip,lh_AIP
4589,lh_aip,lh_AIP
4590,lh_aip,lh_AIP
4591,lh_aip,lh_AIP
4592,lh_aip,lh_AIP
4593,lh_aip,lh_AIP
4594,lh_aip,lh_AIP
4595,lh_aip,lh_AIP
4596,lh_aip,lh_AIP
4597,lh_aip,lh_AIP
4598,lh_aip,lh_AIP
4599,lh_aip,lh_AIP
4600,lh_aip,lh_AIP
4601,lh_aip,lh_AIP
4602,lh_aip,lh_AIP
4603,lh_aip,lh_AIP
4604,lh_aip,lh_AIP
4605,lh_aip,lh_AIP
4606,lh_aip,lh_AIP
4607,lh_aip,lh_AIP
4608,lh_ip2,lh_IP2
4609,lh_aip,lh_AIP
4610,lh_aip,lh_AIP
4611,lh_ip2,lh_IP2
4612,lh_ip2,lh_IP2
4613,lh_ip2,lh_IP2
4614,lh_24dd,lh_24dd
4615,lh_24dd,lh_24dd
4616,lh_24dd,lh_24dd
4617,lh_24dd,lh_24dd
4618,lh_24dd,lh_24dd
4619,lh_24dd,lh_24dd
4620,lh_24dd,lh_24dd
4621,lh_24dd,lh_24dd
4622,lh_6mp,lh_6mp
4623,lh_4,lh_4
4624,lh_4,lh_4
4625,lh_4,lh_4
4626,lh_4,lh_4
4627,lh_4,lh_4
4628,lh_24dd,lh_24dd
4629,lh_24dd,lh_24dd
4630,lh_24dd,lh_24dd
4631,lh_24dd,lh_24dd
4632,lh_5m,lh_5m
4633,lh_5m,lh_5m
4634,lh_5m,lh_5m
4635,lh_5mv,lh_5mv
4636,lh_5m,lh_5m
4637,lh_6mp,lh_6mp
4638,lh_6mp,lh_6mp
4639,lh_6mp,lh_6mp
4640,lh_4,lh_4
4641,lh_4,lh_4
4642,lh_4,lh_4
4643,lh_4,lh_4
4644,lh_4,lh_4
4645,lh_3a,lh_3a
4646,lh_3a,lh_3a
4647,lh_3a,lh_3a
4648,lh_5m,lh_5m
4649,lh_5m,lh_5m
4650,lh_5m,lh_5m
4651,lh_5m,lh_5m
4652,lh_5m,lh_5m
4653,lh_5m,lh_5m
4654,lh_5m,lh_5m
4655,lh_5l,lh_5L
4656,lh_5m,lh_5m
4657,lh_5l,lh_5L
4658,lh_5l,lh_5L
4659,lh_5l,lh_5L
4660,lh_5l,lh_5L
4661,lh_5l,lh_5L
4662,lh_5l,lh_5L
4663,lh_5l,lh_5L
4664,lh_5l,lh_5L
4665,lh_5l,lh_5L
4666,lh_5l,lh_5L
4667,lh_5l,lh_5L
4668,lh_5l,lh_5L
4669,lh_5l,lh_5L
4670,lh_7al,lh_7AL
4671,lh_7al,lh_7AL
4672,lh_7al,lh_7AL
4673,lh_7al,lh_7AL
4674,lh_7al,lh_7AL
4675,lh_7al,lh_7AL
4676,lh_7al,lh_7AL
4677,lh_7al,lh_7AL
4678,lh_7al,lh_7AL
4679,lh_7al,lh_7AL
4680,lh_vip,lh_VIP
4681,lh_9_46d,lh_9-46d
4682,lh_9_46d,lh_9-46d
4683,lh_9p,lh_9p
4684,lh_9p,lh_9p
4685,lh_9p,lh_9p
4686,lh_9p,lh_9p
4687,lh_9p,lh_9p
4688,lh_8ad,lh_8Ad
4689,lh_8ad,lh_8Ad
4690,lh_8ad,lh_8Ad
4691,lh_8ad,lh_8Ad
4692,lh_8ad,lh_8Ad
4693,lh_8ad,lh_8Ad
4694,lh_9p,lh_9p
4695,lh_8ad,lh_8Ad
4696,lh_8ad,lh_8Ad
4697,lh_8ad,lh_8Ad
4698,lh_8bl,lh_8BL
4699,lh_8bl,lh_8BL
4700,lh_8bl,lh_8BL
4701,lh_8bl,lh_8BL
4702,lh_8bl,lh_8BL
4703,lh_6a,lh_6a
4704,lh_i6_8,lh_i6-8
4705,lh_6a,lh_6a
4706,lh_6a,lh_6a
4707,lh_6a,lh_6a
4708,lh_6a,lh_6a
4709,lh_s6_8,lh_s6-8
4710,lh_s6_8,lh_s6-8
4711,lh_6ma,lh_6ma
4712,lh_6ma,lh_6ma
4713,lh_6ma,lh_6ma
4714,lh_sfl,lh_SFL
4715,lh_6ma,lh_6ma
4716,lh_s6_8,lh_s6-8
4717,lh_s6_8,lh_s6-8
4718,lh_s6_8,lh_s6-8
4719,lh_s6_8,lh_s6-8
4720,lh_s6_8,lh_s6-8
4721,lh_sfl,lh_SFL
4722,lh_sfl,lh_SFL
4723,lh_sfl,lh_SFL
4724,lh_sfl,lh_SFL
4725,lh_sfl,lh_SFL
4726,lh_sfl,lh_SFL
4727,lh_sfl,lh_SFL
4728,lh_sfl,lh_SFL
4729,lh_sfl,lh_SFL
4730,lh_sfl,lh_SFL
4731,lh_sfl,lh_SFL
4732,lh_sfl,lh_SFL
4733,lh_sfl,lh_SFL
4734,lh_sfl,lh_SFL
4735,lh_scef,lh_SCEF
4736,lh_scef,lh_SCEF
4737,lh_scef,lh_SCEF
4738,lh_scef,lh_SCEF
4739,lh_scef,lh_SCEF
4740,lh_scef,lh_SCEF
4741,lh_scef,lh_SCEF
4742,lh_scef,lh_SCEF
4743,lh_24dd,lh_24dd
4744,lh_scef,lh_SCEF
4745,lh_24dd,lh_24dd
4746,lh_24dd,lh_24dd
4747,lh_?,lh_?
4748,lh_?,lh_?
4749,lh_?,lh_?
4750,lh_?,lh_?
4751,lh_?,lh_?
4752,lh_?,lh_?
4753,lh_?,lh_?
4754,lh_?,lh_?
4755,lh_a24,lh_a24
4756,lh_a24,lh_a24
4757,lh_a24,lh_a24
4758,lh_?,lh_?
4759,lh_?,lh_?
4760,lh_?,lh_?
4761,lh_?,lh_?
4762,lh_?,lh_?
4763,lh_?,lh_?
4764,lh_?,lh_?
4765,lh_?,lh_?
4766,lh_?,lh_?
4767,lh_?,lh_?
4768,lh_?,lh_?
4769,lh_33pr,lh_33pr
4770,lh_9m,lh_9m
4771,lh_9m,lh_9m
4772,lh_9m,lh_9m
4773,lh_d32,lh_d32
4774,lh_9m,lh_9m
4775,lh_d32,lh_d32
4776,lh_d32,lh_d32
4777,lh_d32,lh_d32
4778,lh_d32,lh_d32
4779,lh_d32,lh_d32
4780,lh_d32,lh_d32
4781,lh_a32pr,lh_a32pr
4782,lh_a32pr,lh_a32pr
4783,lh_a32pr,lh_a32pr
4784,lh_a32pr,lh_a32pr
4785,lh_a32pr,lh_a32pr
4786,lh_a32pr,lh_a32pr
4787,lh_a32pr,lh_a32pr
4788,lh_p32pr,lh_p32pr
4789,lh_a24pr,lh_a24pr
4790,lh_a24pr,lh_a24pr
4791,lh_a24pr,lh_a24pr
4792,lh_a24pr,lh_a24pr
4793,lh_a24pr,lh_a24pr
4794,lh_a24pr,lh_a24pr
4795,lh_p32pr,lh_p32pr
4796,lh_p32pr,lh_p32pr
4797,lh_p32pr,lh_p32pr
4798,lh_a24pr,lh_a24pr
4799,lh_p32pr,lh_p32pr
4800,lh_p32pr,lh_p32pr
4801,lh_p32pr,lh_p32pr
4802,lh_p32pr,lh_p32pr
4803,lh_p32pr,lh_p32pr
4804,lh_p32pr,lh_p32pr
4805,lh_p32pr,lh_p32pr
4806,lh_p32pr,lh_p32pr
4807,lh_p32pr,lh_p32pr
4808,lh_24dv,lh_24dv
4809,lh_p32pr,lh_p32pr
4810,lh_24dv,lh_24dv
4811,lh_24dv,lh_24dv
4812,lh_24dv,lh_24dv
4813,lh_24dv,lh_24dv
4814,lh_24dv,lh_24dv
4815,lh_avi,lh_AVI
4816,lh_avi,lh_AVI
4817,lh_47l,lh_47l
4818,lh_47m,lh_47m
4819,lh_47s,lh_47s
4820,lh_47s,lh_47s
4821,lh_47s,lh_47s
4822,lh_47m,lh_47m
4823,lh_a47r,lh_a47r
4824,lh_a47r,lh_a47r
4825,lh_11l,lh_11l
4826,lh_11l,lh_11l
4827,lh_47m,lh_47m
4828,lh_47m,lh_47m
4829,lh_13l,lh_13l
4830,lh_13l,lh_13l
4831,lh_13l,lh_13l
4832,lh_13l,lh_13l
4833,lh_13l,lh_13l
4834,lh_13l,lh_13l
4835,lh_13l,lh_13l
4836,lh_13l,lh_13l
4837,lh_13l,lh_13l
4838,lh_a10p,lh_a10p
4839,lh_a47r,lh_a47r
4840,lh_a10p,lh_a10p
4841,lh_a10p,lh_a10p
4842,lh_a10p,lh_a10p
4843,lh_11l,lh_11l
4844,lh_11l,lh_11l
4845,lh_11l,lh_11l
4846,lh_10pp,lh_10pp
4847,lh_10pp,lh_10pp
4848,lh_10pp,lh_10pp
4849,lh_10pp,lh_10pp
4850,lh_10pp,lh_10pp
4851,lh_10pp,lh_10pp
4852,lh_11l,lh_11l
4853,lh_11l,lh_11l
4854,lh_11l,lh_11l
4855,lh_ofc,lh_OFC
4856,lh_ofc,lh_OFC
4857,lh_ofc,lh_OFC
4858,lh_ofc,lh_OFC
4859,lh_ofc,lh_OFC
4860,lh_ofc,lh_OFC
4861,lh_ofc,lh_OFC
4862,lh_ofc,lh_OFC
4863,lh_10v,lh_10v
4864,lh_ofc,lh_OFC
4865,lh_10v,lh_10v
4866,lh_ofc,lh_OFC
4867,lh_10v,lh_10v
4868,lh_10r,lh_10r
4869,lh_10r,lh_10r
4870,lh_10r,lh_10r
4871,lh_s32,lh_s32
4872,lh_s32,lh_s32
4873,lh_s32,lh_s32
4874,lh_s32,lh_s32
4875,lh_s32,lh_s32
4876,lh_25,lh_25
4877,lh_25,lh_25
4878,lh_25,lh_25
4879,lh_25,lh_25
4880,lh_?,lh_?
4881,lh_?,lh_?
4882,lh_6r,lh_6r
4883,lh_6r,lh_6r
4884,lh_6r,lh_6r
4885,lh_6r,lh_6r
4886,lh_6r,lh_6r
4887,lh_6r,lh_6r
4888,lh_6r,lh_6r
4889,lh_6r,lh_6r
4890,lh_ifja,lh_IFJa
4891,lh_44,lh_44
4892,lh_44,lh_44
4893,lh_44,lh_44
4894,lh_44,lh_44
4895,lh_44,lh_44
4896,lh_6r,lh_6r
4897,lh_44,lh_44
4898,lh_fop4,lh_FOP4
4899,lh_44,lh_44
4900,lh_44,lh_44
4901,lh_44,lh_44
4902,lh_44,lh_44
4903,lh_44,lh_44
4904,lh_44,lh_44
4905,lh_p9_46v,lh_p9-46v
4906,lh_p9_46v,lh_p9-46v
4907,lh_p9_46v,lh_p9-46v
4908,lh_ifsa,lh_IFSa
4909,lh_ifsa,lh_IFSa
4910,lh_ifsa,lh_IFSa
4911,lh_ifsp,lh_IFSp
4912,lh_ifsa,lh_IFSa
4913,lh_p47r,lh_p47r
4914,lh_ifsa,lh_IFSa
4915,lh_ifsa,lh_IFSa
4916,lh_ifsa,lh_IFSa
4917,lh_ifsa,lh_IFSa
4918,lh_ifsa,lh_IFSa
4919,lh_45,lh_45
4920,lh_45,lh_45
4921,lh_45,lh_45
4922,lh_45,lh_45
4923,lh_45,lh_45
4924,lh_45,lh_45
4925,lh_45,lh_45
4926,lh_45,lh_45
4927,lh_fop5,lh_FOP5
4928,lh_fop5,lh_FOP5
4929,lh_fop5,lh_FOP5
4930,lh_45,lh_45
4931,lh_fop5,lh_FOP5
4932,lh_fop5,lh_FOP5
4933,lh_fop5,lh_FOP5
4934,lh_fop5,lh_FOP5
4935,lh_45,lh_45
4936,lh_45,lh_45
4937,lh_45,lh_45
4938,lh_47l,lh_47l
4939,lh_47l,lh_47l
4940,lh_fop5,lh_FOP5
4941,lh_fop5,lh_FOP5
4942,lh_fop5,lh_FOP5
4943,lh_fop5,lh_FOP5
4944,lh_fop5,lh_FOP5
4945,lh_47l,lh_47l
4946,lh_fop5,lh_FOP5
4947,lh_fop5,lh_FOP5
4948,lh_avi,lh_AVI
4949,lh_a5,lh_A5
4950,lh_a5,lh_A5
4951,lh_a5,lh_A5
4952,lh_a4,lh_A4
4953,lh_a4,lh_A4
4954,lh_a4,lh_A4
4955,lh_a4,lh_A4
4956,lh_a4,lh_A4
4957,lh_lbelt,lh_LBelt
4958,lh_lbelt,lh_LBelt
4959,lh_lbelt,lh_LBelt
4960,lh_lbelt,lh_LBelt
4961,lh_lbelt,lh_LBelt
4962,lh_lbelt,lh_LBelt
4963,lh_a4,lh_A4
4964,lh_pbelt,lh_PBelt
4965,lh_pbelt,lh_PBelt
4966,lh_mbelt,lh_MBelt
4967,lh_mbelt,lh_MBelt
4968,lh_mbelt,lh_MBelt
4969,lh_mbelt,lh_MBelt
4970,lh_mbelt,lh_MBelt
4971,lh_mbelt,lh_MBelt
4972,lh_op2_3,lh_OP2-3
4973,lh_ri,lh_RI
4974,lh_op2_3,lh_OP2-3
4975,lh_ig,lh_Ig
4976,lh_ig,lh_Ig
4977,lh_ig,lh_Ig
4978,lh_52,lh_52
4979,lh_ig,lh_Ig
4980,lh_ig,lh_Ig
4981,lh_ig,lh_Ig
4982,lh_ig,lh_Ig
4983,lh_poi1,lh_PoI1
4984,lh_poi1,lh_PoI1
4985,lh_poi1,lh_PoI1
4986,lh_poi1,lh_PoI1
4987,lh_poi1,lh_PoI1
4988,lh_52,lh_52
4989,lh_poi1,lh_PoI1
4990,lh_poi1,lh_PoI1
4991,lh_poi1,lh_PoI1
4992,lh_52,lh_52
4993,lh_52,lh_52
4994,lh_52,lh_52
4995,lh_pi,lh_PI
4996,lh_poi1,lh_PoI1
4997,lh_poi2,lh_PoI2
4998,lh_poi2,lh_PoI2
4999,lh_poi2,lh_PoI2
5000,lh_poi2,lh_PoI2
5001,lh_poi2,lh_PoI2
5002,lh_mi,lh_MI
5003,lh_mi,lh_MI
5004,lh_mi,lh_MI
5005,lh_mi,lh_MI
5006,lh_mi,lh_MI
5007,lh_mi,lh_MI
5008,lh_mi,lh_MI
5009,lh_mi,lh_MI
5010,lh_mi,lh_MI
5011,lh_mi,lh_MI
5012,lh_avi,lh_AVI
5013,lh_avi,lh_AVI
5014,lh_avi,lh_AVI
5015,lh_avi,lh_AVI
5016,lh_avi,lh_AVI
5017,lh_pf,lh_PF
5018,lh_pf,lh_PF
5019,lh_pf,lh_PF
5020,lh_pf,lh_PF
5021,lh_pf,lh_PF
5022,lh_pf,lh_PF
5023,lh_pf,lh_PF
5024,lh_pf,lh_PF
5025,lh_pf,lh_PF
5026,lh_pf,lh_PF
5027,lh_pf,lh_PF
5028,lh_pf,lh_PF
5029,lh_pf,lh_PF
5030,lh_pf,lh_PF
5031,lh_pf,lh_PF
5032,lh_pf,lh_PF
5033,lh_psl,lh_PSL
5034,lh_pf,lh_PF
5035,lh_psl,lh_PSL
5036,lh_psl,lh_PSL
5037,lh_psl,lh_PSL
5038,lh_psl,lh_PSL
5039,lh_psl,lh_PSL
5040,lh_pfop,lh_PFop
5041,lh_pfop,lh_PFop
5042,lh_pfop,lh_PFop
5043,lh_pfcm,lh_PFcm
5044,lh_pf,lh_PF
5045,lh_pf,lh_PF
5046,lh_pf,lh_PF
5047,lh_pf,lh_PF
5048,lh_ri,lh_RI
5049,lh_pfcm,lh_PFcm
5050,lh_ri,lh_RI
5051,lh_pfcm,lh_PFcm
5052,lh_pfcm,lh_PFcm
5053,lh_pfcm,lh_PFcm
5054,lh_pf,lh_PF
5055,lh_pfcm,lh_PFcm
5056,lh_pfcm,lh_PFcm
5057,lh_pfcm,lh_PFcm
5058,lh_psl,lh_PSL
5059,lh_psl,lh_PSL
5060,lh_psl,lh_PSL
5061,lh_psl,lh_PSL
5062,lh_psl,lh_PSL
5063,lh_stv,lh_STV
5064,lh_psl,lh_PSL
5065,lh_a4,lh_A4
5066,lh_a4,lh_A4
5067,lh_a4,lh_A4
5068,lh_a4,lh_A4
5069,lh_a4,lh_A4
5070,lh_pbelt,lh_PBelt
5071,lh_pbelt,lh_PBelt
5072,lh_pbelt,lh_PBelt
5073,lh_a4,lh_A4
5074,lh_a4,lh_A4
5075,lh_a4,lh_A4
5076,lh_a4,lh_A4
5077,lh_a4,lh_A4
5078,lh_a5,lh_A5
5079,lh_a4,lh_A4
5080,lh_a4,lh_A4
5081,lh_a5,lh_A5
5082,lh_a5,lh_A5
5083,lh_a5,lh_A5
5084,lh_lo1,lh_LO1
5085,lh_lo1,lh_LO1
5086,lh_lo3,lh_LO3
5087,lh_lo3,lh_LO3
5088,lh_lo3,lh_LO3
5089,lh_mt,lh_MT
5090,lh_mt,lh_MT
5091,lh_mt,lh_MT
5092,lh_tpoj3,lh_TPOJ3
5093,lh_tpoj3,lh_TPOJ3
5094,lh_tpoj3,lh_TPOJ3
5095,lh_mst,lh_MST
5096,lh_mt,lh_MT
5097,lh_mst,lh_MST
5098,lh_mst,lh_MST
5099,lh_mst,lh_MST
5100,lh_mst,lh_MST
5101,lh_mst,lh_MST
5102,lh_fst,lh_FST
5103,lh_fst,lh_FST
5104,lh_fst,lh_FST
5105,lh_pht,lh_PHT
5106,lh_pht,lh_PHT
5107,lh_pgi,lh_PGi
5108,lh_pgi,lh_PGi
5109,lh_pgi,lh_PGi
5110,lh_pgi,lh_PGi
5111,lh_pgi,lh_PGi
5112,lh_pgi,lh_PGi
5113,lh_pgi,lh_PGi
5114,lh_pgi,lh_PGi
5115,lh_pgi,lh_PGi
5116,lh_pgi,lh_PGi
5117,lh_pgi,lh_PGi
5118,lh_tpoj2,lh_TPOJ2
5119,lh_tpoj2,lh_TPOJ2
5120,lh_tpoj2,lh_TPOJ2
5121,lh_tpoj2,lh_TPOJ2
5122,lh_tpoj2,lh_TPOJ2
5123,lh_tpoj2,lh_TPOJ2
5124,lh_tpoj2,lh_TPOJ2
5125,lh_pht,lh_PHT
5126,lh_pht,lh_PHT
5127,lh_pht,lh_PHT
5128,lh_pht,lh_PHT
5129,lh_pht,lh_PHT
5130,lh_pht,lh_PHT
5131,lh_pht,lh_PHT
5132,lh_stsvp,lh_STSvp
5133,lh_stsvp,lh_STSvp
5134,lh_stsvp,lh_STSvp
5135,lh_stsvp,lh_STSvp
5136,lh_stsvp,lh_STSvp
5137,lh_stsdp,lh_STSdp
5138,lh_stsdp,lh_STSdp
5139,lh_stsdp,lh_STSdp
5140,lh_stsdp,lh_STSdp
5141,lh_stsdp,lh_STSdp
5142,lh_stsdp,lh_STSdp
5143,lh_stsdp,lh_STSdp
5144,lh_stsdp,lh_STSdp
5145,lh_stsdp,lh_STSdp
5146,lh_stsdp,lh_STSdp
5147,lh_stsdp,lh_STSdp
5148,lh_stsdp,lh_STSdp
5149,lh_stsdp,lh_STSdp
5150,lh_stsdp,lh_STSdp
5151,lh_stsdp,lh_STSdp
5152,lh_vip,lh_VIP
5153,lh_vip,lh_VIP
5154,lh_vip,lh_VIP
5155,lh_mip,lh_MIP
5156,lh_mip,lh_MIP
5157,lh_mip,lh_MIP
5158,lh_mip,lh_MIP
5159,lh_mip,lh_MIP
5160,lh_mip,lh_MIP
5161,lh_lipv,lh_LIPv
5162,lh_mip,lh_MIP
5163,lh_mip,lh_MIP
5164,lh_mip,lh_MIP
5165,lh_mip,lh_MIP
5166,lh_mip,lh_MIP
5167,lh_mip,lh_MIP
5168,lh_ips1,lh_IPS1
5169,lh_mip,lh_MIP
5170,lh_ip0,lh_IP0
5171,lh_ips1,lh_IPS1
5172,lh_ips1,lh_IPS1
5173,lh_ips1,lh_IPS1
5174,lh_ips1,lh_IPS1
5175,lh_ip2,lh_IP2
5176,lh_ip2,lh_IP2
5177,lh_ip2,lh_IP2
5178,lh_ip1,lh_IP1
5179,lh_ip1,lh_IP1
5180,lh_ip1,lh_IP1
5181,lh_ip1,lh_IP1
5182,lh_ip1,lh_IP1
5183,lh_pgs,lh_PGs
5184,lh_pgs,lh_PGs
5185,lh_pgs,lh_PGs
5186,lh_ip1,lh_IP1
5187,lh_ip1,lh_IP1
5188,lh_ip1,lh_IP1
5189,lh_ip1,lh_IP1
5190,lh_ip1,lh_IP1
5191,lh_ip1,lh_IP1
5192,lh_ip0,lh_IP0
5193,lh_ip0,lh_IP0
5194,lh_ip0,lh_IP0
5195,lh_ip0,lh_IP0
5196,lh_v3b,lh_V3B
5197,lh_v3b,lh_V3B
5198,lh_v3b,lh_V3B
5199,lh_v3b,lh_V3B
5200,lh_ip0,lh_IP0
5201,lh_v3b,lh_V3B
5202,lh_v3cd,lh_V3CD
5203,lh_v3cd,lh_V3CD
5204,lh_v3cd,lh_V3CD
5205,lh_pgp,lh_PGp
5206,lh_pgp,lh_PGp
5207,lh_pgp,lh_PGp
5208,lh_pgp,lh_PGp
5209,lh_v3cd,lh_V3CD
5210,lh_v3cd,lh_V3CD
5211,lh_v3cd,lh_V3CD
5212,lh_v3cd,lh_V3CD
5213,lh_v3cd,lh_V3CD
5214,lh_v3cd,lh_V3CD
5215,lh_lo3,lh_LO3
5216,lh_lo1,lh_LO1
5217,lh_lo1,lh_LO1
5218,lh_lo1,lh_LO1
5219,lh_dvt,lh_DVT
5220,lh_v2,lh_V2
5221,lh_v2,lh_V2
5222,lh_v2,lh_V2
5223,lh_v1,lh_V1
5224,lh_v1,lh_V1
5225,lh_v1,lh_V1
5226,lh_v1,lh_V1
5227,lh_v6,lh_V6
5228,lh_v2,lh_V2
5229,lh_v2,lh_V2
5230,lh_v2,lh_V2
5231,lh_v2,lh_V2
5232,lh_v1,lh_V1
5233,lh_v1,lh_V1
5234,lh_v1,lh_V1
5235,lh_v1,lh_V1
5236,lh_v1,lh_V1
5237,lh_v1,lh_V1
5238,lh_v1,lh_V1
5239,lh_v1,lh_V1
5240,lh_v1,lh_V1
5241,lh_v1,lh_V1
5242,lh_dvt,lh_DVT
5243,lh_dvt,lh_DVT
5244,lh_v6,lh_V6
5245,lh_v6,lh_V6
5246,lh_v6,lh_V6
5247,lh_v3,lh_V3
5248,lh_v3,lh_V3
5249,lh_v3,lh_V3
5250,lh_v3a,lh_V3A
5251,lh_v3,lh_V3
5252,lh_v3,lh_V3
5253,lh_v3,lh_V3
5254,lh_v3,lh_V3
5255,lh_v2,lh_V2
5256,lh_v2,lh_V2
5257,lh_v2,lh_V2
5258,lh_v2,lh_V2
5259,lh_v2,lh_V2
5260,lh_v2,lh_V2
5261,lh_v2,lh_V2
5262,lh_v1,lh_V1
5263,lh_v1,lh_V1
5264,lh_v1,lh_V1
5265,lh_v1,lh_V1
5266,lh_v1,lh_V1
5267,lh_v2,lh_V2
5268,lh_v1,lh_V1
5269,lh_v1,lh_V1
5270,lh_v1,lh_V1
5271,lh_v1,lh_V1
5272,lh_v3,lh_V3
5273,lh_v2,lh_V2
5274,lh_v3,lh_V3
5275,lh_v3,lh_V3
5276,lh_v2,lh_V2
5277,lh_v2,lh_V2
5278,lh_v2,lh_V2
5279,lh_v2,lh_V2
5280,lh_v2,lh_V2
5281,lh_v2,lh_V2
5282,lh_v4,lh_V4
5283,lh_v3,lh_V3
5284,lh_v4,lh_V4
5285,lh_v4,lh_V4
5286,lh_v4,lh_V4
5287,lh_24dd,lh_24dd
5288,lh_24dd,lh_24dd
5289,lh_24dd,lh_24dd
5290,lh_5mv,lh_5mv
5291,lh_24dd,lh_24dd
5292,lh_23c,lh_23c
5293,lh_23c,lh_23c
5294,lh_23c,lh_23c
5295,lh_5mv,lh_5mv
5296,lh_5mv,lh_5mv
5297,lh_5mv,lh_5mv
5298,lh_23c,lh_23c
5299,lh_23c,lh_23c
5300,lh_23c,lh_23c
5301,lh_23c,lh_23c
5302,lh_23c,lh_23c
5303,lh_23c,lh_23c
5304,lh_23c,lh_23c
5305,lh_31a,lh_31a
5306,lh_31a,lh_31a
5307,lh_31a,lh_31a
5308,lh_d23ab,lh_d23ab
5309,lh_d23ab,lh_d23ab
5310,lh_pcv,lh_PCV
5311,lh_pcv,lh_PCV
5312,lh_pcv,lh_PCV
5313,lh_pcv,lh_PCV
5314,lh_pcv,lh_PCV
5315,lh_pcv,lh_PCV
5316,lh_31a,lh_31a
5317,lh_pcv,lh_PCV
5318,lh_7m,lh_7m
5319,lh_31pd,lh_31pd
5320,lh_31pd,lh_31pd
5321,lh_31pd,lh_31pd
5322,lh_31pd,lh_31pd
5323,lh_31pd,lh_31pd
5324,lh_31pd,lh_31pd
5325,lh_31pd,lh_31pd
5326,lh_31a,lh_31a
5327,lh_31pd,lh_31pd
5328,lh_31pv,lh_31pv
5329,lh_31pv,lh_31pv
5330,lh_31pv,lh_31pv
5331,lh_d23ab,lh_d23ab
5332,lh_31pv,lh_31pv
5333,lh_d23ab,lh_d23ab
5334,lh_31pv,lh_31pv
5335,lh_31pv,lh_31pv
5336,lh_31pv,lh_31pv
5337,lh_31pv,lh_31pv
5338,lh_d23ab,lh_d23ab
5339,lh_v23ab,lh_v23ab
5340,lh_7m,lh_7m
5341,lh_v23ab,lh_v23ab
5342,lh_7m,lh_7m
5343,lh_pos1,lh_POS1
5344,lh_v23ab,lh_v23ab
5345,lh_v23ab,lh_v23ab
5346,lh_v23ab,lh_v23ab
5347,lh_pos1,lh_POS1
5348,lh_pos1,lh_POS1
5349,lh_pos1,lh_POS1
5350,lh_pos1,lh_POS1
5351,lh_pos1,lh_POS1
5352,lh_pos1,lh_POS1
5353,lh_pos1,lh_POS1
5354,lh_?,lh_?
5355,lh_?,lh_?
5356,lh_?,lh_?
5357,lh_?,lh_?
5358,lh_?,lh_?
5359,lh_?,lh_?
5360,lh_?,lh_?
5361,lh_?,lh_?
5362,lh_?,lh_?
5363,lh_?,lh_?
5364,lh_?,lh_?
5365,lh_?,lh_?
5366,lh_?,lh_?
5367,lh_?,lh_?
5368,lh_?,lh_?
5369,lh_?,lh_?
5370,lh_?,lh_?
5371,lh_?,lh_?
5372,lh_?,lh_?
5373,lh_?,lh_?
5374,lh_?,lh_?
5375,lh_?,lh_?
5376,lh_?,lh_?
5377,lh_?,lh_?
5378,lh_?,lh_?
5379,lh_?,lh_?
5380,lh_?,lh_?
5381,lh_?,lh_?
5382,lh_?,lh_?
5383,lh_?,lh_?
5384,lh_?,lh_?
5385,lh_?,lh_?
5386,lh_?,lh_?
5387,lh_?,lh_?
5388,lh_?,lh_?
5389,lh_?,lh_?
5390,lh_?,lh_?
5391,lh_?,lh_?
5392,lh_?,lh_?
5393,lh_?,lh_?
5394,lh_?,lh_?
5395,lh_?,lh_?
5396,lh_?,lh_?
5397,lh_?,lh_?
5398,lh_?,lh_?
5399,lh_?,lh_?
5400,lh_?,lh_?
5401,lh_?,lh_?
5402,lh_?,lh_?
5403,lh_?,lh_?
5404,lh_?,lh_?
5405,lh_?,lh_?
5406,lh_?,lh_?
5407,lh_?,lh_?
5408,lh_?,lh_?
5409,lh_?,lh_?
5410,lh_?,lh_?
5411,lh_?,lh_?
5412,lh_rsc,lh_RSC
5413,lh_?,lh_?
5414,lh_rsc,lh_RSC
5415,lh_rsc,lh_RSC
5416,lh_pos1,lh_POS1
5417,lh_pos1,lh_POS1
5418,lh_pos1,lh_POS1
5419,lh_pos1,lh_POS1
5420,lh_pos1,lh_POS1
5421,lh_pos1,lh_POS1
5422,lh_47s,lh_47s
5423,lh_avi,lh_AVI
5424,lh_47s,lh_47s
5425,lh_47s,lh_47s
5426,lh_47s,lh_47s
5427,lh_47s,lh_47s
5428,lh_aaic,lh_AAIC
5429,lh_aaic,lh_AAIC
5430,lh_47s,lh_47s
5431,lh_47s,lh_47s
5432,lh_47s,lh_47s
5433,lh_pir,lh_Pir
5434,lh_aaic,lh_AAIC
5435,lh_pir,lh_Pir
5436,lh_aaic,lh_AAIC
5437,lh_pir,lh_Pir
5438,lh_pir,lh_Pir
5439,lh_?,lh_?
5440,lh_?,lh_?
5441,lh_?,lh_?
5442,lh_?,lh_?
5443,lh_pir,lh_Pir
5444,lh_pir,lh_Pir
5445,lh_pofc,lh_pOFC
5446,lh_pofc,lh_pOFC
5447,lh_pofc,lh_pOFC
5448,lh_?,lh_?
5449,lh_?,lh_?
5450,lh_?,lh_?
5451,lh_?,lh_?
5452,lh_?,lh_?
5453,lh_?,lh_?
5454,lh_?,lh_?
5455,lh_?,lh_?
5456,lh_?,lh_?
5457,lh_?,lh_?
5458,lh_?,lh_?
5459,lh_?,lh_?
5460,lh_?,lh_?
5461,lh_?,lh_?
5462,lh_?,lh_?
5463,lh_?,lh_?
5464,lh_?,lh_?
5465,lh_?,lh_?
5466,lh_peec,lh_PeEc
5467,lh_peec,lh_PeEc
5468,lh_peec,lh_PeEc
5469,lh_peec,lh_PeEc
5470,lh_ec,lh_EC
5471,lh_ec,lh_EC
5472,lh_ec,lh_EC
5473,lh_peec,lh_PeEc
5474,lh_ec,lh_EC
5475,lh_h,lh_H
5476,lh_h,lh_H
5477,lh_h,lh_H
5478,lh_ec,lh_EC
5479,lh_ec,lh_EC
5480,lh_ec,lh_EC
5481,lh_ec,lh_EC
5482,lh_ec,lh_EC
5483,lh_peec,lh_PeEc
5484,lh_peec,lh_PeEc
5485,lh_peec,lh_PeEc
5486,lh_peec,lh_PeEc
5487,lh_peec,lh_PeEc
5488,lh_peec,lh_PeEc
5489,lh_peec,lh_PeEc
5490,lh_stsda,lh_STSda
5491,lh_stsda,lh_STSda
5492,lh_stsda,lh_STSda
5493,lh_stsda,lh_STSda
5494,lh_stsda,lh_STSda
5495,lh_stsva,lh_STSva
5496,lh_stsva,lh_STSva
5497,lh_stsva,lh_STSva
5498,lh_stsda,lh_STSda
5499,lh_stsda,lh_STSda
5500,lh_stsda,lh_STSda
5501,lh_stsva,lh_STSva
5502,lh_stsva,lh_STSva
5503,lh_stsva,lh_STSva
5504,lh_stsva,lh_STSva
5505,lh_stsva,lh_STSva
5506,lh_te1a,lh_TE1a
5507,lh_te1a,lh_TE1a
5508,lh_te1a,lh_TE1a
5509,lh_te1a,lh_TE1a
5510,lh_te1a,lh_TE1a
5511,lh_te1a,lh_TE1a
5512,lh_te1a,lh_TE1a
5513,lh_ta2,lh_TA2
5514,lh_ta2,lh_TA2
5515,lh_ta2,lh_TA2
5516,lh_stga,lh_STGa
5517,lh_stga,lh_STGa
5518,lh_stga,lh_STGa
5519,lh_stga,lh_STGa
5520,lh_stga,lh_STGa
5521,lh_tgd,lh_TGd
5522,lh_tgd,lh_TGd
5523,lh_tgd,lh_TGd
5524,lh_tgd,lh_TGd
5525,lh_tgd,lh_TGd
5526,lh_tgd,lh_TGd
5527,lh_tgd,lh_TGd
5528,lh_tgd,lh_TGd
5529,lh_tgd,lh_TGd
5530,lh_tgd,lh_TGd
5531,lh_te2a,lh_TE2a
5532,lh_te1a,lh_TE1a
5533,lh_te2a,lh_TE2a
5534,lh_te2a,lh_TE2a
5535,lh_te2a,lh_TE2a
5536,lh_te2a,lh_TE2a
5537,lh_te2a,lh_TE2a
5538,lh_tgv,lh_TGv
5539,lh_te2a,lh_TE2a
5540,lh_tgv,lh_TGv
5541,lh_te2a,lh_TE2a
5542,lh_tgv,lh_TGv
5543,lh_tgv,lh_TGv
5544,lh_tgv,lh_TGv
5545,lh_tgv,lh_TGv
5546,lh_tf,lh_TF
5547,lh_tf,lh_TF
5548,lh_tf,lh_TF
5549,lh_tf,lh_TF
5550,lh_tf,lh_TF
5551,lh_tf,lh_TF
5552,lh_tf,lh_TF
5553,lh_peec,lh_PeEc
5554,lh_tf,lh_TF
5555,lh_peec,lh_PeEc
5556,lh_peec,lh_PeEc
5557,lh_peec,lh_PeEc
5558,lh_lo2,lh_LO2
5559,lh_lo2,lh_LO2
5560,lh_lo2,lh_LO2
5561,lh_v4t,lh_V4t
5562,lh_lo2,lh_LO2
5563,lh_lo2,lh_LO2
5564,lh_lo2,lh_LO2
5565,lh_lo2,lh_LO2
5566,lh_fst,lh_FST
5567,lh_fst,lh_FST
5568,lh_fst,lh_FST
5569,lh_ph,lh_PH
5570,lh_ph,lh_PH
5571,lh_ph,lh_PH
5572,lh_lo2,lh_LO2
5573,lh_ph,lh_PH
5574,lh_pit,lh_PIT
5575,lh_ph,lh_PH
5576,lh_ph,lh_PH
5577,lh_ph,lh_PH
5578,lh_ph,lh_PH
5579,lh_ffc,lh_FFC
5580,lh_ph,lh_PH
5581,lh_te1p,lh_TE1p
5582,lh_pht,lh_PHT
5583,lh_te1p,lh_TE1p
5584,lh_te1p,lh_TE1p
5585,lh_te1p,lh_TE1p
5586,lh_te1p,lh_TE1p
5587,lh_pht,lh_PHT
5588,lh_te1p,lh_TE1p
5589,lh_te1p,lh_TE1p
5590,lh_te1p,lh_TE1p
5591,lh_te1p,lh_TE1p
5592,lh_te2p,lh_TE2p
5593,lh_te1p,lh_TE1p
5594,lh_ph,lh_PH
5595,lh_ph,lh_PH
5596,lh_ph,lh_PH
5597,lh_ph,lh_PH
5598,lh_ph,lh_PH
5599,lh_te2p,lh_TE2p
5600,lh_te2p,lh_TE2p
5601,lh_te2p,lh_TE2p
5602,lh_ffc,lh_FFC
5603,lh_ffc,lh_FFC
5604,lh_ffc,lh_FFC
5605,lh_ffc,lh_FFC
5606,lh_te2p,lh_TE2p
5607,lh_ffc,lh_FFC
5608,lh_ffc,lh_FFC
5609,lh_ffc,lh_FFC
5610,lh_ffc,lh_FFC
5611,lh_te2p,lh_TE2p
5612,lh_te2p,lh_TE2p
5613,lh_te2p,lh_TE2p
5614,lh_tf,lh_TF
5615,lh_tf,lh_TF
5616,lh_tf,lh_TF
5617,lh_tf,lh_TF
5618,lh_tf,lh_TF
5619,lh_tf,lh_TF
5620,lh_tf,lh_TF
5621,lh_tf,lh_TF
5622,lh_tf,lh_TF
5623,lh_tf,lh_TF
5624,lh_tf,lh_TF
5625,lh_tf,lh_TF
5626,lh_v1,lh_V1
5627,lh_v1,lh_V1
5628,lh_v1,lh_V1
5629,lh_v1,lh_V1
5630,lh_v1,lh_V1
5631,lh_v1,lh_V1
5632,lh_v1,lh_V1
5633,lh_v1,lh_V1
5634,lh_v1,lh_V1
5635,lh_v1,lh_V1
5636,lh_v1,lh_V1
5637,lh_v1,lh_V1
5638,lh_v1,lh_V1
5639,lh_v1,lh_V1
5640,lh_v1,lh_V1
5641,lh_v1,lh_V1
5642,lh_v1,lh_V1
5643,lh_v1,lh_V1
5644,lh_v2,lh_V2
5645,lh_v2,lh_V2
5646,lh_v2,lh_V2
5647,lh_v2,lh_V2
5648,lh_v3,lh_V3
5649,lh_v1,lh_V1
5650,lh_v1,lh_V1
5651,lh_v1,lh_V1
5652,lh_v2,lh_V2
5653,lh_v2,lh_V2
5654,lh_v2,lh_V2
5655,lh_v2,lh_V2
5656,lh_v2,lh_V2
5657,lh_v3,lh_V3
5658,lh_v3,lh_V3
5659,lh_v3,lh_V3
5660,lh_v3,lh_V3
5661,lh_v3,lh_V3
5662,lh_v3,lh_V3
5663,lh_v2,lh_V2
5664,lh_v2,lh_V2
5665,lh_v2,lh_V2
5666,lh_v3,lh_V3
5667,lh_v3,lh_V3
5668,lh_v3,lh_V3
5669,lh_v3,lh_V3
5670,lh_v3,lh_V3
5671,lh_vmv1,lh_VMV1
5672,lh_vmv2,lh_VMV2
5673,lh_vmv2,lh_VMV2
5674,lh_vmv2,lh_VMV2
5675,lh_vmv2,lh_VMV2
5676,lh_vmv2,lh_VMV2
5677,lh_pha3,lh_PHA3
5678,lh_pha3,lh_PHA3
5679,lh_vmv3,lh_VMV3
5680,lh_vmv3,lh_VMV3
5681,lh_vmv3,lh_VMV3
5682,lh_vvc,lh_VVC
5683,lh_pha3,lh_PHA3
5684,lh_pha3,lh_PHA3
5685,lh_pha3,lh_PHA3
5686,lh_pha3,lh_PHA3
5687,lh_pha3,lh_PHA3
5688,lh_pha3,lh_PHA3
5689,lh_vvc,lh_VVC
5690,lh_vvc,lh_VVC
5691,lh_pha3,lh_PHA3
5692,lh_pha3,lh_PHA3
5693,lh_pha3,lh_PHA3
5694,lh_?,lh_?
5695,lh_?,lh_?
5696,lh_?,lh_?
5697,lh_?,lh_?
5698,lh_?,lh_?
5699,lh_?,lh_?
5700,lh_?,lh_?
5701,lh_?,lh_?
5702,lh_?,lh_?
5703,lh_?,lh_?
5704,lh_?,lh_?
5705,lh_?,lh_?
5706,lh_?,lh_?
5707,lh_?,lh_?
5708,lh_?,lh_?
5709,lh_?,lh_?
5710,lh_?,lh_?
5711,lh_?,lh_?
5712,lh_?,lh_?
5713,lh_?,lh_?
5714,lh_?,lh_?
5715,lh_?,lh_?
5716,lh_?,lh_?
5717,lh_?,lh_?
5718,lh_?,lh_?
5719,lh_?,lh_?
5720,lh_?,lh_?
5721,lh_?,lh_?
5722,lh_?,lh_?
5723,lh_?,lh_?
5724,lh_?,lh_?
5725,lh_pres,lh_PreS
5726,lh_h,lh_H
5727,lh_h,lh_H
5728,lh_?,lh_?
5729,lh_?,lh_?
5730,lh_?,lh_?
5731,lh_?,lh_?
5732,lh_?,lh_?
5733,lh_?,lh_?
5734,lh_?,lh_?
5735,lh_h,lh_H
5736,lh_?,lh_?
5737,lh_?,lh_?
5738,lh_?,lh_?
5739,lh_h,lh_H
5740,lh_h,lh_H
5741,lh_h,lh_H
5742,lh_h,lh_H
5743,lh_h,lh_H
5744,lh_h,lh_H
5745,lh_h,lh_H
5746,lh_pres,lh_PreS
5747,lh_pha1,lh_PHA1
5748,lh_pha1,lh_PHA1
5749,lh_pha1,lh_PHA1
5750,lh_pha1,lh_PHA1
5751,lh_pha1,lh_PHA1
5752,lh_pha1,lh_PHA1
5753,lh_pres,lh_PreS
5754,lh_pha1,lh_PHA1
5755,lh_pha1,lh_PHA1
5756,lh_pha1,lh_PHA1
5757,lh_pha3,lh_PHA3
5758,lh_pha2,lh_PHA2
5759,lh_pha3,lh_PHA3
5760,lh_pha3,lh_PHA3
5761,lh_pha3,lh_PHA3
5762,lh_6d,lh_6d
5763,lh_6d,lh_6d
5764,lh_6d,lh_6d
5765,lh_6d,lh_6d
5766,lh_6d,lh_6d
5767,lh_4,lh_4
5768,lh_4,lh_4
5769,lh_4,lh_4
5770,lh_4,lh_4
5771,lh_4,lh_4
5772,lh_4,lh_4
5773,lh_4,lh_4
5774,lh_4,lh_4
5775,lh_6d,lh_6d
5776,lh_6d,lh_6d
5777,lh_4,lh_4
5778,lh_4,lh_4
5779,lh_6d,lh_6d
5780,lh_6d,lh_6d
5781,lh_6d,lh_6d
5782,lh_9a,lh_9a
5783,lh_9a,lh_9a
5784,lh_9a,lh_9a
5785,lh_9a,lh_9a
5786,lh_9p,lh_9p
5787,lh_9_46d,lh_9-46d
5788,lh_9_46d,lh_9-46d
5789,lh_9_46d,lh_9-46d
5790,lh_9a,lh_9a
5791,lh_9_46d,lh_9-46d
5792,lh_9_46d,lh_9-46d
5793,lh_9_46d,lh_9-46d
5794,lh_9_46d,lh_9-46d
5795,lh_43,lh_43
5796,lh_43,lh_43
5797,lh_43,lh_43
5798,lh_43,lh_43
5799,lh_43,lh_43
5800,lh_op4,lh_OP4
5801,lh_op4,lh_OP4
5802,lh_op4,lh_OP4
5803,lh_43,lh_43
5804,lh_pfm,lh_PFm
5805,lh_pfm,lh_PFm
5806,lh_pfm,lh_PFm
5807,lh_pfm,lh_PFm
5808,lh_pfm,lh_PFm
5809,lh_pfm,lh_PFm
5810,lh_pfm,lh_PFm
5811,lh_pfm,lh_PFm
5812,lh_pfm,lh_PFm
5813,lh_7pl,lh_7PL
5814,lh_7pl,lh_7PL
5815,lh_7pl,lh_7PL
5816,lh_7pl,lh_7PL
5817,lh_7pl,lh_7PL
5818,lh_7am,lh_7Am
5819,lh_7am,lh_7Am
5820,lh_7am,lh_7Am
5821,lh_7pl,lh_7PL
5822,lh_24dv,lh_24dv
5823,lh_24dv,lh_24dv
5824,lh_24dv,lh_24dv
5825,lh_24dv,lh_24dv
5826,lh_24dv,lh_24dv
5827,lh_?,lh_?
5828,lh_?,lh_?
5829,lh_?,lh_?
5830,lh_?,lh_?
5831,lh_?,lh_?
5832,lh_aaic,lh_AAIC
5833,lh_mi,lh_MI
5834,lh_aaic,lh_AAIC
5835,lh_avi,lh_AVI
5836,lh_aaic,lh_AAIC
5837,lh_stsdp,lh_STSdp
5838,lh_stsvp,lh_STSvp
5839,lh_stsdp,lh_STSdp
5840,lh_stsdp,lh_STSdp
5841,lh_stsdp,lh_STSdp
5842,lh_v3,lh_V3
5843,lh_v3,lh_V3
5844,lh_v3,lh_V3
5845,lh_v4,lh_V4
5846,lh_v4,lh_V4
5847,lh_pos1,lh_POS1
5848,lh_pros,lh_ProS
5849,lh_pros,lh_ProS
5850,lh_pros,lh_ProS
5851,lh_pros,lh_ProS
5852,lh_4,lh_4
5853,lh_6v,lh_6v
5854,lh_6v,lh_6v
5855,lh_6v,lh_6v
5856,lh_pef,lh_PEF
5857,lh_i6_8,lh_i6-8
5858,lh_8av,lh_8Av
5859,lh_8av,lh_8Av
5860,lh_8av,lh_8Av
5861,lh_8av,lh_8Av
5862,lh_8av,lh_8Av
5863,lh_8av,lh_8Av
5864,lh_8av,lh_8Av
5865,lh_8ad,lh_8Ad
5866,lh_2,lh_2
5867,lh_2,lh_2
5868,lh_2,lh_2
5869,lh_2,lh_2
5870,lh_1,lh_1
5871,lh_4,lh_4
5872,lh_4,lh_4
5873,lh_4,lh_4
5874,lh_4,lh_4
5875,lh_4,lh_4
5876,lh_4,lh_4
5877,lh_4,lh_4
5878,lh_4,lh_4
5879,lh_2,lh_2
5880,lh_2,lh_2
5881,lh_2,lh_2
5882,lh_2,lh_2
5883,lh_2,lh_2
5884,lh_1,lh_1
5885,lh_2,lh_2
5886,lh_2,lh_2
5887,lh_2,lh_2
5888,lh_2,lh_2
5889,lh_2,lh_2
5890,lh_2,lh_2
5891,lh_2,lh_2
5892,lh_6mp,lh_6mp
5893,lh_6mp,lh_6mp
5894,lh_6mp,lh_6mp
5895,lh_6mp,lh_6mp
5896,lh_6mp,lh_6mp
5897,lh_3b,lh_3b
5898,lh_3b,lh_3b
5899,lh_3b,lh_3b
5900,lh_1,lh_1
5901,lh_2,lh_2
5902,lh_2,lh_2
5903,lh_2,lh_2
5904,lh_2,lh_2
5905,lh_8ad,lh_8Ad
5906,lh_8ad,lh_8Ad
5907,lh_8ad,lh_8Ad
5908,lh_i6_8,lh_i6-8
5909,lh_6mp,lh_6mp
5910,lh_6ma,lh_6ma
5911,lh_6ma,lh_6ma
5912,lh_6ma,lh_6ma
5913,lh_6ma,lh_6ma
5914,lh_6ma,lh_6ma
5915,lh_6ma,lh_6ma
5916,lh_6ma,lh_6ma
5917,lh_p32,lh_p32
5918,lh_p32,lh_p32
5919,lh_p32,lh_p32
5920,lh_p32,lh_p32
5921,lh_9m,lh_9m
5922,lh_8bm,lh_8BM
5923,lh_8bm,lh_8BM
5924,lh_8bm,lh_8BM
5925,lh_8bm,lh_8BM
5926,lh_8bm,lh_8BM
5927,lh_8bm,lh_8BM
5928,lh_8bm,lh_8BM
5929,lh_8bm,lh_8BM
5930,lh_8bm,lh_8BM
5931,lh_a47r,lh_a47r
5932,lh_a47r,lh_a47r
5933,lh_a47r,lh_a47r
5934,lh_a47r,lh_a47r
5935,lh_a47r,lh_a47r
5936,lh_10d,lh_10d
5937,lh_10v,lh_10v
5938,lh_10r,lh_10r
5939,lh_10r,lh_10r
5940,lh_10r,lh_10r
5941,lh_10r,lh_10r
5942,lh_10r,lh_10r
5943,lh_p32,lh_p32
5944,lh_ifja,lh_IFJa
5945,lh_ifsp,lh_IFSp
5946,lh_ifsp,lh_IFSp
5947,lh_ifsp,lh_IFSp
5948,lh_ifsp,lh_IFSp
5949,lh_p47r,lh_p47r
5950,lh_p47r,lh_p47r
5951,lh_p47r,lh_p47r
5952,lh_p47r,lh_p47r
5953,lh_p47r,lh_p47r
5954,lh_p47r,lh_p47r
5955,lh_p47r,lh_p47r
5956,lh_a47r,lh_a47r
5957,lh_lbelt,lh_LBelt
5958,lh_lbelt,lh_LBelt
5959,lh_a1,lh_A1
5960,lh_a1,lh_A1
5961,lh_mbelt,lh_MBelt
5962,lh_fop3,lh_FOP3
5963,lh_fop3,lh_FOP3
5964,lh_fop3,lh_FOP3
5965,lh_fop3,lh_FOP3
5966,lh_fop4,lh_FOP4
5967,lh_fop4,lh_FOP4
5968,lh_fop4,lh_FOP4
5969,lh_fop4,lh_FOP4
5970,lh_fop4,lh_FOP4
5971,lh_pfop,lh_PFop
5972,lh_pf,lh_PF
5973,lh_pfop,lh_PFop
5974,lh_pfop,lh_PFop
5975,lh_pf,lh_PF
5976,lh_ri,lh_RI
5977,lh_ri,lh_RI
5978,lh_ri,lh_RI
5979,lh_ri,lh_RI
5980,lh_lbelt,lh_LBelt
5981,lh_lbelt,lh_LBelt
5982,lh_lbelt,lh_LBelt
5983,lh_lbelt,lh_LBelt
5984,lh_pgi,lh_PGi
5985,lh_pgi,lh_PGi
5986,lh_pgi,lh_PGi
5987,lh_pgi,lh_PGi
5988,lh_pgi,lh_PGi
5989,lh_stv,lh_STV
5990,lh_stv,lh_STV
5991,lh_stv,lh_STV
5992,lh_stv,lh_STV
5993,lh_stv,lh_STV
5994,lh_tpoj1,lh_TPOJ1
5995,lh_stv,lh_STV
5996,lh_stv,lh_STV
5997,lh_stv,lh_STV
5998,lh_lipv,lh_LIPv
5999,lh_lipv,lh_LIPv
6000,lh_lipd,lh_LIPd
6001,lh_lipd,lh_LIPd
6002,lh_lipd,lh_LIPd
6003,lh_pgs,lh_PGs
6004,lh_pgs,lh_PGs
6005,lh_pgs,lh_PGs
6006,lh_pgs,lh_PGs
6007,lh_pgs,lh_PGs
6008,lh_pgs,lh_PGs
6009,lh_pgs,lh_PGs
6010,lh_pgs,lh_PGs
6011,lh_pos2,lh_POS2
6012,lh_pos2,lh_POS2
6013,lh_pos2,lh_POS2
6014,lh_dvt,lh_DVT
6015,lh_dvt,lh_DVT
6016,lh_v7,lh_V7
6017,lh_v3a,lh_V3A
6018,lh_v3a,lh_V3A
6019,lh_v3a,lh_V3A
6020,lh_v3a,lh_V3A
6021,lh_v3a,lh_V3A
6022,lh_v3a,lh_V3A
6023,lh_v3a,lh_V3A
6024,lh_v3b,lh_V3B
6025,lh_5mv,lh_5mv
6026,lh_5mv,lh_5mv
6027,lh_5mv,lh_5mv
6028,lh_5mv,lh_5mv
6029,lh_23c,lh_23c
6030,lh_pos2,lh_POS2
6031,lh_7m,lh_7m
6032,lh_pos2,lh_POS2
6033,lh_pos2,lh_POS2
6034,lh_pos2,lh_POS2
6035,lh_pos2,lh_POS2
6036,lh_pos2,lh_POS2
6037,lh_pos2,lh_POS2
6038,lh_?,lh_?
6039,lh_?,lh_?
6040,lh_?,lh_?
6041,lh_?,lh_?
6042,lh_?,lh_?
6043,lh_rsc,lh_RSC
6044,lh_rsc,lh_RSC
6045,lh_rsc,lh_RSC
6046,lh_rsc,lh_RSC
6047,lh_rsc,lh_RSC
6048,lh_?,lh_?
6049,lh_rsc,lh_RSC
6050,lh_rsc,lh_RSC
6051,lh_d23ab,lh_d23ab
6052,lh_13l,lh_13l
6053,lh_13l,lh_13l
6054,lh_13l,lh_13l
6055,lh_13l,lh_13l
6056,lh_ofc,lh_OFC
6057,lh_?,lh_?
6058,lh_?,lh_?
6059,lh_?,lh_?
6060,lh_?,lh_?
6061,lh_?,lh_?
6062,lh_h,lh_H
6063,lh_?,lh_?
6064,lh_?,lh_?
6065,lh_h,lh_H
6066,lh_ta2,lh_TA2
6067,lh_ta2,lh_TA2
6068,lh_ta2,lh_TA2
6069,lh_ta2,lh_TA2
6070,lh_ta2,lh_TA2
6071,lh_tgd,lh_TGd
6072,lh_tgd,lh_TGd
6073,lh_tgd,lh_TGd
6074,lh_tgd,lh_TGd
6075,lh_tgd,lh_TGd
6076,lh_tgd,lh_TGd
6077,lh_tgd,lh_TGd
6078,lh_tgv,lh_TGv
6079,lh_tgv,lh_TGv
6080,lh_pht,lh_PHT
6081,lh_pht,lh_PHT
6082,lh_pht,lh_PHT
6083,lh_pht,lh_PHT
6084,lh_pht,lh_PHT
6085,lh_te1m,lh_TE1m
6086,lh_te1m,lh_TE1m
6087,lh_te2a,lh_TE2a
6088,lh_te2a,lh_TE2a
6089,lh_te2a,lh_TE2a
6090,lh_te2a,lh_TE2a
6091,lh_te2a,lh_TE2a
6092,lh_te2a,lh_TE2a
6093,lh_te2a,lh_TE2a
6094,lh_v1,lh_V1
6095,lh_v1,lh_V1
6096,lh_v1,lh_V1
6097,lh_v1,lh_V1
6098,lh_v1,lh_V1
6099,lh_v8,lh_V8
6100,lh_v8,lh_V8
6101,lh_v8,lh_V8
6102,lh_v8,lh_V8
6103,lh_v8,lh_V8
6104,lh_vvc,lh_VVC
6105,lh_vvc,lh_VVC
6106,lh_vvc,lh_VVC
6107,lh_vvc,lh_VVC
6108,lh_?,lh_?
6109,lh_?,lh_?
6110,lh_?,lh_?
6111,lh_?,lh_?
6112,lh_?,lh_?
6113,lh_vmv1,lh_VMV1
6114,lh_v2,lh_V2
6115,lh_vmv1,lh_VMV1
6116,lh_pha1,lh_PHA1
6117,lh_pha1,lh_PHA1
6118,lh_pha1,lh_PHA1
6119,lh_vmv1,lh_VMV1
6120,lh_vmv1,lh_VMV1
6121,lh_vmv1,lh_VMV1
6122,lh_4,lh_4
6123,lh_55b,lh_55b
6124,lh_fef,lh_FEF
6125,lh_fef,lh_FEF
6126,lh_fef,lh_FEF
6127,lh_fef,lh_FEF
6128,lh_fef,lh_FEF
6129,lh_fef,lh_FEF
6130,lh_fef,lh_FEF
6131,lh_fef,lh_FEF
6132,lh_fef,lh_FEF
6133,lh_fef,lh_FEF
6134,lh_fef,lh_FEF
6135,lh_6a,lh_6a
6136,lh_3b,lh_3b
6137,lh_3b,lh_3b
6138,lh_3b,lh_3b
6139,lh_3b,lh_3b
6140,lh_3b,lh_3b
6141,lh_4,lh_4
6142,lh_4,lh_4
6143,lh_4,lh_4
6144,lh_4,lh_4
6145,lh_4,lh_4
6146,lh_4,lh_4
6147,lh_4,lh_4
6148,lh_4,lh_4
6149,lh_3b,lh_3b
6150,lh_3b,lh_3b
6151,lh_3b,lh_3b
6152,lh_3b,lh_3b
6153,lh_3b,lh_3b
6154,lh_3a,lh_3a
6155,lh_3b,lh_3b
6156,lh_3b,lh_3b
6157,lh_3b,lh_3b
6158,lh_3b,lh_3b
6159,lh_3b,lh_3b
6160,lh_3b,lh_3b
6161,lh_3b,lh_3b
6162,lh_6mp,lh_6mp
6163,lh_6mp,lh_6mp
6164,lh_6mp,lh_6mp
6165,lh_6mp,lh_6mp
6166,lh_6mp,lh_6mp
6167,lh_4,lh_4
6168,lh_4,lh_4
6169,lh_4,lh_4
6170,lh_3a,lh_3a
6171,lh_3a,lh_3a
6172,lh_3a,lh_3a
6173,lh_3b,lh_3b
6174,lh_3b,lh_3b
6175,lh_6a,lh_6a
6176,lh_6a,lh_6a
6177,lh_6a,lh_6a
6178,lh_6a,lh_6a
6179,lh_6d,lh_6d
6180,lh_6a,lh_6a
6181,lh_6d,lh_6d
6182,lh_6d,lh_6d
6183,lh_6a,lh_6a
6184,lh_6mp,lh_6mp
6185,lh_6mp,lh_6mp
6186,lh_6mp,lh_6mp
6187,lh_10d,lh_10d
6188,lh_10d,lh_10d
6189,lh_10d,lh_10d
6190,lh_10d,lh_10d
6191,lh_10d,lh_10d
6192,lh_9a,lh_9a
6193,lh_9a,lh_9a
6194,lh_9a,lh_9a
6195,lh_9p,lh_9p
6196,lh_9m,lh_9m
6197,lh_9m,lh_9m
6198,lh_9p,lh_9p
6199,lh_9p,lh_9p
6200,lh_9p,lh_9p
6201,lh_a9_46v,lh_a9-46v
6202,lh_a9_46v,lh_a9-46v
6203,lh_a9_46v,lh_a9-46v
6204,lh_p10p,lh_p10p
6205,lh_p10p,lh_p10p
6206,lh_p10p,lh_p10p
6207,lh_p10p,lh_p10p
6208,lh_p10p,lh_p10p
6209,lh_p10p,lh_p10p
6210,lh_p10p,lh_p10p
6211,lh_10d,lh_10d
6212,lh_10d,lh_10d
6213,lh_10d,lh_10d
6214,lh_p9_46v,lh_p9-46v
6215,lh_p9_46v,lh_p9-46v
6216,lh_p9_46v,lh_p9-46v
6217,lh_46,lh_46
6218,lh_46,lh_46
6219,lh_9_46d,lh_9-46d
6220,lh_9_46d,lh_9-46d
6221,lh_9_46d,lh_9-46d
6222,lh_9_46d,lh_9-46d
6223,lh_a9_46v,lh_a9-46v
6224,lh_a9_46v,lh_a9-46v
6225,lh_a9_46v,lh_a9-46v
6226,lh_a9_46v,lh_a9-46v
6227,lh_op2_3,lh_OP2-3
6228,lh_op2_3,lh_OP2-3
6229,lh_op2_3,lh_OP2-3
6230,lh_op2_3,lh_OP2-3
6231,lh_op2_3,lh_OP2-3
6232,lh_fop1,lh_FOP1
6233,lh_fop2,lh_FOP2
6234,lh_fop1,lh_FOP1
6235,lh_fop1,lh_FOP1
6236,lh_fop1,lh_FOP1
6237,lh_fop1,lh_FOP1
6238,lh_fop4,lh_FOP4
6239,lh_fop4,lh_FOP4
6240,lh_fop4,lh_FOP4
6241,lh_pfop,lh_PFop
6242,lh_pfop,lh_PFop
6243,lh_op4,lh_OP4
6244,lh_op4,lh_OP4
6245,lh_op4,lh_OP4
6246,lh_op4,lh_OP4
6247,lh_op1,lh_OP1
6248,lh_op1,lh_OP1
6249,lh_op1,lh_OP1
6250,lh_op1,lh_OP1
6251,lh_op1,lh_OP1
6252,lh_op1,lh_OP1
6253,lh_op1,lh_OP1
6254,lh_pgs,lh_PGs
6255,lh_pgs,lh_PGs
6256,lh_pgs,lh_PGs
6257,lh_pgi,lh_PGi
6258,lh_pgi,lh_PGi
6259,lh_pfm,lh_PFm
6260,lh_pfm,lh_PFm
6261,lh_pfm,lh_PFm
6262,lh_pfm,lh_PFm
6263,lh_pfm,lh_PFm
6264,lh_pfm,lh_PFm
6265,lh_pfm,lh_PFm
6266,lh_psl,lh_PSL
6267,lh_psl,lh_PSL
6268,lh_ip2,lh_IP2
6269,lh_ip2,lh_IP2
6270,lh_ip2,lh_IP2
6271,lh_ip2,lh_IP2
6272,lh_ip2,lh_IP2
6273,lh_pfm,lh_PFm
6274,lh_pfm,lh_PFm
6275,lh_pfm,lh_PFm
6276,lh_pfm,lh_PFm
6277,lh_pfm,lh_PFm
6278,lh_pfm,lh_PFm
6279,lh_pfm,lh_PFm
6280,lh_pgs,lh_PGs
6281,lh_pos2,lh_POS2
6282,lh_pos2,lh_POS2
6283,lh_pos2,lh_POS2
6284,lh_pos2,lh_POS2
6285,lh_pos2,lh_POS2
6286,lh_7pl,lh_7PL
6287,lh_dvt,lh_DVT
6288,lh_ips1,lh_IPS1
6289,lh_ips1,lh_IPS1
6290,lh_ips1,lh_IPS1
6291,lh_ips1,lh_IPS1
6292,lh_ips1,lh_IPS1
6293,lh_ips1,lh_IPS1
6294,lh_ips1,lh_IPS1
6295,lh_7am,lh_7Am
6296,lh_7am,lh_7Am
6297,lh_7am,lh_7Am
6298,lh_7am,lh_7Am
6299,lh_7am,lh_7Am
6300,lh_7am,lh_7Am
6301,lh_7am,lh_7Am
6302,lh_7pm,lh_7Pm
6303,lh_7pm,lh_7Pm
6304,lh_7pm,lh_7Pm
6305,lh_7pm,lh_7Pm
6306,lh_7pm,lh_7Pm
6307,lh_pos2,lh_POS2
6308,lh_a24pr,lh_a24pr
6309,lh_33pr,lh_33pr
6310,lh_p24pr,lh_p24pr
6311,lh_p24pr,lh_p24pr
6312,lh_p24pr,lh_p24pr
6313,lh_p24pr,lh_p24pr
6314,lh_p24pr,lh_p24pr
6315,lh_p24pr,lh_p24pr
6316,lh_p24pr,lh_p24pr
6317,lh_23d,lh_23d
6318,lh_23d,lh_23d
6319,lh_23d,lh_23d
6320,lh_23d,lh_23d
6321,lh_23d,lh_23d
6322,lh_ofc,lh_OFC
6323,lh_ofc,lh_OFC
6324,lh_ofc,lh_OFC
6325,lh_pofc,lh_pOFC
6326,lh_pofc,lh_pOFC
6327,lh_?,lh_?
6328,lh_?,lh_?
6329,lh_?,lh_?
6330,lh_?,lh_?
6331,lh_?,lh_?
6332,lh_?,lh_?
6333,lh_?,lh_?
6334,lh_?,lh_?
6335,lh_?,lh_?
6336,lh_poi1,lh_PoI1
6337,lh_pi,lh_PI
6338,lh_poi1,lh_PoI1
6339,lh_poi1,lh_PoI1
6340,lh_poi1,lh_PoI1
6341,lh_poi2,lh_PoI2
6342,lh_poi2,lh_PoI2
6343,lh_poi2,lh_PoI2
6344,lh_pir,lh_Pir
6345,lh_pir,lh_Pir
6346,lh_pir,lh_Pir
6347,lh_pir,lh_Pir
6348,lh_pir,lh_Pir
6349,lh_pir,lh_Pir
6350,lh_stsvp,lh_STSvp
6351,lh_te1p,lh_TE1p
6352,lh_te1p,lh_TE1p
6353,lh_te1p,lh_TE1p
6354,lh_te1p,lh_TE1p
6355,lh_stsvp,lh_STSvp
6356,lh_stsvp,lh_STSvp
6357,lh_stsvp,lh_STSvp
6358,lh_te1m,lh_TE1m
6359,lh_te1m,lh_TE1m
6360,lh_te1m,lh_TE1m
6361,lh_te1m,lh_TE1m
6362,lh_te1a,lh_TE1a
6363,lh_te1a,lh_TE1a
6364,lh_v1,lh_V1
6365,lh_v1,lh_V1
6366,lh_v1,lh_V1
6367,lh_v1,lh_V1
6368,lh_v1,lh_V1
6369,lh_v3,lh_V3
6370,lh_v2,lh_V2
6371,lh_v3,lh_V3
6372,lh_v4,lh_V4
6373,lh_v4,lh_V4
6374,lh_v4,lh_V4
6375,lh_v4,lh_V4
6376,lh_pit,lh_PIT
6377,lh_pit,lh_PIT
6378,lh_?,lh_?
6379,lh_?,lh_?
6380,lh_?,lh_?
6381,lh_?,lh_?
6382,lh_rsc,lh_RSC
6383,lh_pros,lh_ProS
6384,lh_pros,lh_ProS
6385,lh_pros,lh_ProS
6386,lh_pros,lh_ProS
6387,lh_pros,lh_ProS
6388,lh_v1,lh_V1
6389,lh_v1,lh_V1
6390,lh_v1,lh_V1
6391,lh_v2,lh_V2
6392,lh_6v,lh_6v
6393,lh_6v,lh_6v
6394,lh_6v,lh_6v
6395,lh_6v,lh_6v
6396,lh_6r,lh_6r
6397,lh_ifjp,lh_IFJp
6398,lh_6r,lh_6r
6399,lh_ifjp,lh_IFJp
6400,lh_ifjp,lh_IFJp
6401,lh_ifjp,lh_IFJp
6402,lh_ifjp,lh_IFJp
6403,lh_ifjp,lh_IFJp
6404,lh_ifjp,lh_IFJp
6405,lh_ifja,lh_IFJa
6406,lh_55b,lh_55b
6407,lh_55b,lh_55b
6408,lh_55b,lh_55b
6409,lh_55b,lh_55b
6410,lh_55b,lh_55b
6411,lh_8av,lh_8Av
6412,lh_8av,lh_8Av
6413,lh_8c,lh_8C
6414,lh_8c,lh_8C
6415,lh_8c,lh_8C
6416,lh_8c,lh_8C
6417,lh_8c,lh_8C
6418,lh_8c,lh_8C
6419,lh_8c,lh_8C
6420,lh_8c,lh_8C
6421,lh_8c,lh_8C
6422,lh_8c,lh_8C
6423,lh_8c,lh_8C
6424,lh_46,lh_46
6425,lh_46,lh_46
6426,lh_46,lh_46
6427,lh_46,lh_46
6428,lh_46,lh_46
6429,lh_46,lh_46
6430,lh_9_46d,lh_9-46d
6431,lh_9_46d,lh_9-46d
6432,lh_9_46d,lh_9-46d
6433,lh_aip,lh_AIP
6434,lh_pft,lh_PFt
6435,lh_pft,lh_PFt
6436,lh_pft,lh_PFt
6437,lh_pft,lh_PFt
6438,lh_pft,lh_PFt
6439,lh_pft,lh_PFt
6440,lh_pft,lh_PFt
6441,lh_pft,lh_PFt
6442,lh_pft,lh_PFt
6443,lh_pft,lh_PFt
6444,lh_pft,lh_PFt
6445,lh_pft,lh_PFt
6446,lh_pft,lh_PFt
6447,lh_3b,lh_3b
6448,lh_3b,lh_3b
6449,lh_3b,lh_3b
6450,lh_3b,lh_3b
6451,lh_3b,lh_3b
6452,lh_3b,lh_3b
6453,lh_3b,lh_3b
6454,lh_3b,lh_3b
6455,lh_3b,lh_3b
6456,lh_1,lh_1
6457,lh_1,lh_1
6458,lh_1,lh_1
6459,lh_1,lh_1
6460,lh_1,lh_1
6461,lh_pfop,lh_PFop
6462,lh_1,lh_1
6463,lh_1,lh_1
6464,lh_1,lh_1
6465,lh_4,lh_4
6466,lh_3a,lh_3a
6467,lh_4,lh_4
6468,lh_3a,lh_3a
6469,lh_3a,lh_3a
6470,lh_3a,lh_3a
6471,lh_4,lh_4
6472,lh_4,lh_4
6473,lh_7al,lh_7AL
6474,lh_7al,lh_7AL
6475,lh_7al,lh_7AL
6476,lh_7al,lh_7AL
6477,lh_7pc,lh_7PC
6478,lh_7pc,lh_7PC
6479,lh_7pc,lh_7PC
6480,lh_7pc,lh_7PC
6481,lh_7pc,lh_7PC
6482,lh_7pc,lh_7PC
6483,lh_7pc,lh_7PC
6484,lh_7pc,lh_7PC
6485,lh_7pc,lh_7PC
6486,lh_7pc,lh_7PC
6487,lh_1,lh_1
6488,lh_1,lh_1
6489,lh_1,lh_1
6490,lh_2,lh_2
6491,lh_2,lh_2
6492,lh_2,lh_2
6493,lh_2,lh_2
6494,lh_2,lh_2
6495,lh_7pc,lh_7PC
6496,lh_7pc,lh_7PC
6497,lh_7pc,lh_7PC
6498,lh_7pc,lh_7PC
6499,lh_aip,lh_AIP
6500,lh_aip,lh_AIP
6501,lh_aip,lh_AIP
6502,lh_aip,lh_AIP
6503,lh_aip,lh_AIP
6504,lh_aip,lh_AIP
6505,lh_aip,lh_AIP
6506,lh_aip,lh_AIP
6507,lh_aip,lh_AIP
6508,lh_aip,lh_AIP
6509,lh_aip,lh_AIP
6510,lh_aip,lh_AIP
6511,lh_aip,lh_AIP
6512,lh_aip,lh_AIP
6513,lh_24dd,lh_24dd
6514,lh_24dd,lh_24dd
6515,lh_24dd,lh_24dd
6516,lh_24dd,lh_24dd
6517,lh_24dd,lh_24dd
6518,lh_4,lh_4
6519,lh_4,lh_4
6520,lh_4,lh_4
6521,lh_4,lh_4
6522,lh_4,lh_4
6523,lh_4,lh_4
6524,lh_4,lh_4
6525,lh_4,lh_4
6526,lh_5m,lh_5m
6527,lh_6mp,lh_6mp
6528,lh_4,lh_4
6529,lh_4,lh_4
6530,lh_4,lh_4
6531,lh_4,lh_4
6532,lh_3b,lh_3b
6533,lh_3b,lh_3b
6534,lh_3b,lh_3b
6535,lh_5m,lh_5m
6536,lh_5m,lh_5m
6537,lh_5m,lh_5m
6538,lh_5m,lh_5m
6539,lh_5l,lh_5L
6540,lh_5l,lh_5L
6541,lh_5l,lh_5L
6542,lh_5l,lh_5L
6543,lh_5l,lh_5L
6544,lh_5l,lh_5L
6545,lh_7al,lh_7AL
6546,lh_7al,lh_7AL
6547,lh_7al,lh_7AL
6548,lh_7al,lh_7AL
6549,lh_7al,lh_7AL
6550,lh_7al,lh_7AL
6551,lh_7al,lh_7AL
6552,lh_7al,lh_7AL
6553,lh_9_46d,lh_9-46d
6554,lh_9_46d,lh_9-46d
6555,lh_8ad,lh_8Ad
6556,lh_8ad,lh_8Ad
6557,lh_8ad,lh_8Ad
6558,lh_8ad,lh_8Ad
6559,lh_8ad,lh_8Ad
6560,lh_8ad,lh_8Ad
6561,lh_8ad,lh_8Ad
6562,lh_8bl,lh_8BL
6563,lh_8ad,lh_8Ad
6564,lh_8bl,lh_8BL
6565,lh_8bl,lh_8BL
6566,lh_6a,lh_6a
6567,lh_6a,lh_6a
6568,lh_6a,lh_6a
6569,lh_6a,lh_6a
6570,lh_6a,lh_6a
6571,lh_6ma,lh_6ma
6572,lh_6ma,lh_6ma
6573,lh_6ma,lh_6ma
6574,lh_sfl,lh_SFL
6575,lh_sfl,lh_SFL
6576,lh_sfl,lh_SFL
6577,lh_sfl,lh_SFL
6578,lh_sfl,lh_SFL
6579,lh_sfl,lh_SFL
6580,lh_sfl,lh_SFL
6581,lh_sfl,lh_SFL
6582,lh_sfl,lh_SFL
6583,lh_sfl,lh_SFL
6584,lh_scef,lh_SCEF
6585,lh_scef,lh_SCEF
6586,lh_scef,lh_SCEF
6587,lh_scef,lh_SCEF
6588,lh_scef,lh_SCEF
6589,lh_scef,lh_SCEF
6590,lh_scef,lh_SCEF
6591,lh_scef,lh_SCEF
6592,lh_?,lh_?
6593,lh_?,lh_?
6594,lh_?,lh_?
6595,lh_?,lh_?
6596,lh_?,lh_?
6597,lh_a24,lh_a24
6598,lh_p24,lh_p24
6599,lh_p24,lh_p24
6600,lh_?,lh_?
6601,lh_?,lh_?
6602,lh_?,lh_?
6603,lh_?,lh_?
6604,lh_p24,lh_p24
6605,lh_p24,lh_p24
6606,lh_9m,lh_9m
6607,lh_9m,lh_9m
6608,lh_9m,lh_9m
6609,lh_9m,lh_9m
6610,lh_d32,lh_d32
6611,lh_d32,lh_d32
6612,lh_d32,lh_d32
6613,lh_d32,lh_d32
6614,lh_a32pr,lh_a32pr
6615,lh_a32pr,lh_a32pr
6616,lh_a32pr,lh_a32pr
6617,lh_a32pr,lh_a32pr
6618,lh_a32pr,lh_a32pr
6619,lh_p32pr,lh_p32pr
6620,lh_p32pr,lh_p32pr
6621,lh_p32pr,lh_p32pr
6622,lh_p32pr,lh_p32pr
6623,lh_p32pr,lh_p32pr
6624,lh_scef,lh_SCEF
6625,lh_p32pr,lh_p32pr
6626,lh_scef,lh_SCEF
6627,lh_p32pr,lh_p32pr
6628,lh_p32pr,lh_p32pr
6629,lh_p32pr,lh_p32pr
6630,lh_p32pr,lh_p32pr
6631,lh_scef,lh_SCEF
6632,lh_scef,lh_SCEF
6633,lh_47l,lh_47l
6634,lh_47l,lh_47l
6635,lh_47l,lh_47l
6636,lh_47l,lh_47l
6637,lh_47m,lh_47m
6638,lh_11l,lh_11l
6639,lh_11l,lh_11l
6640,lh_11l,lh_11l
6641,lh_11l,lh_11l
6642,lh_13l,lh_13l
6643,lh_13l,lh_13l
6644,lh_13l,lh_13l
6645,lh_13l,lh_13l
6646,lh_11l,lh_11l
6647,lh_a10p,lh_a10p
6648,lh_a10p,lh_a10p
6649,lh_a10p,lh_a10p
6650,lh_a10p,lh_a10p
6651,lh_a10p,lh_a10p
6652,lh_10v,lh_10v
6653,lh_10pp,lh_10pp
6654,lh_10v,lh_10v
6655,lh_10pp,lh_10pp
6656,lh_ofc,lh_OFC
6657,lh_ofc,lh_OFC
6658,lh_ofc,lh_OFC
6659,lh_ofc,lh_OFC
6660,lh_ofc,lh_OFC
6661,lh_ofc,lh_OFC
6662,lh_10v,lh_10v
6663,lh_10v,lh_10v
6664,lh_10v,lh_10v
6665,lh_10r,lh_10r
6666,lh_s32,lh_s32
6667,lh_s32,lh_s32
6668,lh_s32,lh_s32
6669,lh_s32,lh_s32
6670,lh_25,lh_25
6671,lh_a24,lh_a24
6672,lh_25,lh_25
6673,lh_6r,lh_6r
6674,lh_6r,lh_6r
6675,lh_6r,lh_6r
6676,lh_6r,lh_6r
6677,lh_6r,lh_6r
6678,lh_44,lh_44
6679,lh_44,lh_44
6680,lh_44,lh_44
6681,lh_44,lh_44
6682,lh_44,lh_44
6683,lh_44,lh_44
6684,lh_44,lh_44
6685,lh_44,lh_44
6686,lh_44,lh_44
6687,lh_46,lh_46
6688,lh_ifsa,lh_IFSa
6689,lh_ifsa,lh_IFSa
6690,lh_ifsa,lh_IFSa
6691,lh_ifsa,lh_IFSa
6692,lh_ifsa,lh_IFSa
6693,lh_ifsa,lh_IFSa
6694,lh_ifsa,lh_IFSa
6695,lh_45,lh_45
6696,lh_45,lh_45
6697,lh_45,lh_45
6698,lh_45,lh_45
6699,lh_45,lh_45
6700,lh_45,lh_45
6701,lh_45,lh_45
6702,lh_45,lh_45
6703,lh_45,lh_45
6704,lh_45,lh_45
6705,lh_47l,lh_47l
6706,lh_47l,lh_47l
6707,lh_47l,lh_47l
6708,lh_47l,lh_47l
6709,lh_47l,lh_47l
6710,lh_fop5,lh_FOP5
6711,lh_47l,lh_47l
6712,lh_47l,lh_47l
6713,lh_a4,lh_A4
6714,lh_a4,lh_A4
6715,lh_pbelt,lh_PBelt
6716,lh_pbelt,lh_PBelt
6717,lh_pbelt,lh_PBelt
6718,lh_a1,lh_A1
6719,lh_a1,lh_A1
6720,lh_a1,lh_A1
6721,lh_a1,lh_A1
6722,lh_mbelt,lh_MBelt
6723,lh_mbelt,lh_MBelt
6724,lh_mbelt,lh_MBelt
6725,lh_mbelt,lh_MBelt
6726,lh_52,lh_52
6727,lh_ig,lh_Ig
6728,lh_ig,lh_Ig
6729,lh_ig,lh_Ig
6730,lh_ig,lh_Ig
6731,lh_ig,lh_Ig
6732,lh_ig,lh_Ig
6733,lh_ig,lh_Ig
6734,lh_poi2,lh_PoI2
6735,lh_poi2,lh_PoI2
6736,lh_poi1,lh_PoI1
6737,lh_poi1,lh_PoI1
6738,lh_poi1,lh_PoI1
6739,lh_poi1,lh_PoI1
6740,lh_poi1,lh_PoI1
6741,lh_poi1,lh_PoI1
6742,lh_poi1,lh_PoI1
6743,lh_poi2,lh_PoI2
6744,lh_poi2,lh_PoI2
6745,lh_fop4,lh_FOP4
6746,lh_mi,lh_MI
6747,lh_mi,lh_MI
6748,lh_mi,lh_MI
6749,lh_mi,lh_MI
6750,lh_mi,lh_MI
6751,lh_avi,lh_AVI
6752,lh_avi,lh_AVI
6753,lh_avi,lh_AVI
6754,lh_pf,lh_PF
6755,lh_pf,lh_PF
6756,lh_pf,lh_PF
6757,lh_pf,lh_PF
6758,lh_pf,lh_PF
6759,lh_pf,lh_PF
6760,lh_pf,lh_PF
6761,lh_pf,lh_PF
6762,lh_pf,lh_PF
6763,lh_pf,lh_PF
6764,lh_pf,lh_PF
6765,lh_pf,lh_PF
6766,lh_pf,lh_PF
6767,lh_psl,lh_PSL
6768,lh_pfcm,lh_PFcm
6769,lh_pfcm,lh_PFcm
6770,lh_pfcm,lh_PFcm
6771,lh_pfcm,lh_PFcm
6772,lh_pfcm,lh_PFcm
6773,lh_ri,lh_RI
6774,lh_ri,lh_RI
6775,lh_ri,lh_RI
6776,lh_ri,lh_RI
6777,lh_psl,lh_PSL
6778,lh_psl,lh_PSL
6779,lh_psl,lh_PSL
6780,lh_psl,lh_PSL
6781,lh_psl,lh_PSL
6782,lh_psl,lh_PSL
6783,lh_psl,lh_PSL
6784,lh_a4,lh_A4
6785,lh_a4,lh_A4
6786,lh_pbelt,lh_PBelt
6787,lh_pbelt,lh_PBelt
6788,lh_pbelt,lh_PBelt
6789,lh_pbelt,lh_PBelt
6790,lh_a4,lh_A4
6791,lh_a4,lh_A4
6792,lh_a4,lh_A4
6793,lh_a4,lh_A4
6794,lh_lo3,lh_LO3
6795,lh_lo3,lh_LO3
6796,lh_lo3,lh_LO3
6797,lh_lo3,lh_LO3
6798,lh_lo3,lh_LO3
6799,lh_tpoj3,lh_TPOJ3
6800,lh_mt,lh_MT
6801,lh_mst,lh_MST
6802,lh_mst,lh_MST
6803,lh_mst,lh_MST
6804,lh_mst,lh_MST
6805,lh_tpoj2,lh_TPOJ2
6806,lh_tpoj2,lh_TPOJ2
6807,lh_tpoj2,lh_TPOJ2
6808,lh_pgi,lh_PGi
6809,lh_pgi,lh_PGi
6810,lh_pgi,lh_PGi
6811,lh_pgi,lh_PGi
6812,lh_pgi,lh_PGi
6813,lh_tpoj1,lh_TPOJ1
6814,lh_tpoj1,lh_TPOJ1
6815,lh_tpoj1,lh_TPOJ1
6816,lh_tpoj1,lh_TPOJ1
6817,lh_tpoj2,lh_TPOJ2
6818,lh_tpoj2,lh_TPOJ2
6819,lh_tpoj2,lh_TPOJ2
6820,lh_tpoj1,lh_TPOJ1
6821,lh_pht,lh_PHT
6822,lh_pht,lh_PHT
6823,lh_pht,lh_PHT
6824,lh_stsvp,lh_STSvp
6825,lh_stsdp,lh_STSdp
6826,lh_tpoj1,lh_TPOJ1
6827,lh_stsdp,lh_STSdp
6828,lh_stsdp,lh_STSdp
6829,lh_stsdp,lh_STSdp
6830,lh_stsdp,lh_STSdp
6831,lh_stsdp,lh_STSdp
6832,lh_stsdp,lh_STSdp
6833,lh_stsdp,lh_STSdp
6834,lh_a5,lh_A5
6835,lh_vip,lh_VIP
6836,lh_vip,lh_VIP
6837,lh_vip,lh_VIP
6838,lh_vip,lh_VIP
6839,lh_mip,lh_MIP
6840,lh_mip,lh_MIP
6841,lh_mip,lh_MIP
6842,lh_mip,lh_MIP
6843,lh_mip,lh_MIP
6844,lh_mip,lh_MIP
6845,lh_mip,lh_MIP
6846,lh_mip,lh_MIP
6847,lh_ip0,lh_IP0
6848,lh_ip0,lh_IP0
6849,lh_ip1,lh_IP1
6850,lh_ip1,lh_IP1
6851,lh_ip1,lh_IP1
6852,lh_ip1,lh_IP1
6853,lh_ip1,lh_IP1
6854,lh_pgs,lh_PGs
6855,lh_pgs,lh_PGs
6856,lh_pgs,lh_PGs
6857,lh_ip1,lh_IP1
6858,lh_ip0,lh_IP0
6859,lh_ip0,lh_IP0
6860,lh_ip0,lh_IP0
6861,lh_ip0,lh_IP0
6862,lh_ip0,lh_IP0
6863,lh_ip0,lh_IP0
6864,lh_ip0,lh_IP0
6865,lh_ip0,lh_IP0
6866,lh_ip0,lh_IP0
6867,lh_pgp,lh_PGp
6868,lh_pgp,lh_PGp
6869,lh_pgp,lh_PGp
6870,lh_pgp,lh_PGp
6871,lh_pgp,lh_PGp
6872,lh_v3cd,lh_V3CD
6873,lh_lo3,lh_LO3
6874,lh_lo3,lh_LO3
6875,lh_dvt,lh_DVT
6876,lh_dvt,lh_DVT
6877,lh_dvt,lh_DVT
6878,lh_v2,lh_V2
6879,lh_v2,lh_V2
6880,lh_v2,lh_V2
6881,lh_v2,lh_V2
6882,lh_v2,lh_V2
6883,lh_v2,lh_V2
6884,lh_v2,lh_V2
6885,lh_v1,lh_V1
6886,lh_v2,lh_V2
6887,lh_v2,lh_V2
6888,lh_v2,lh_V2
6889,lh_v6,lh_V6
6890,lh_v6,lh_V6
6891,lh_v6,lh_V6
6892,lh_v6,lh_V6
6893,lh_v3,lh_V3
6894,lh_v3,lh_V3
6895,lh_v3,lh_V3
6896,lh_v3,lh_V3
6897,lh_v3,lh_V3
6898,lh_v2,lh_V2
6899,lh_v2,lh_V2
6900,lh_v2,lh_V2
6901,lh_v2,lh_V2
6902,lh_v2,lh_V2
6903,lh_v2,lh_V2
6904,lh_v2,lh_V2
6905,lh_v2,lh_V2
6906,lh_v2,lh_V2
6907,lh_v3,lh_V3
6908,lh_v3,lh_V3
6909,lh_v3,lh_V3
6910,lh_v3,lh_V3
6911,lh_v3,lh_V3
6912,lh_v3,lh_V3
6913,lh_v3,lh_V3
6914,lh_v4,lh_V4
6915,lh_v4,lh_V4
6916,lh_24dd,lh_24dd
6917,lh_24dd,lh_24dd
6918,lh_24dd,lh_24dd
6919,lh_5mv,lh_5mv
6920,lh_5mv,lh_5mv
6921,lh_23c,lh_23c
6922,lh_23c,lh_23c
6923,lh_23c,lh_23c
6924,lh_23c,lh_23c
6925,lh_23c,lh_23c
6926,lh_23c,lh_23c
6927,lh_23c,lh_23c
6928,lh_31a,lh_31a
6929,lh_31a,lh_31a
6930,lh_pcv,lh_PCV
6931,lh_pcv,lh_PCV
6932,lh_pcv,lh_PCV
6933,lh_pcv,lh_PCV
6934,lh_pcv,lh_PCV
6935,lh_31pd,lh_31pd
6936,lh_31pd,lh_31pd
6937,lh_31pd,lh_31pd
6938,lh_31pd,lh_31pd
6939,lh_31pd,lh_31pd
6940,lh_31pd,lh_31pd
6941,lh_31pv,lh_31pv
6942,lh_31pv,lh_31pv
6943,lh_31pv,lh_31pv
6944,lh_31pv,lh_31pv
6945,lh_31pv,lh_31pv
6946,lh_31pv,lh_31pv
6947,lh_31pv,lh_31pv
6948,lh_pos1,lh_POS1
6949,lh_pos1,lh_POS1
6950,lh_pos1,lh_POS1
6951,lh_pos1,lh_POS1
6952,lh_pos1,lh_POS1
6953,lh_pos1,lh_POS1
6954,lh_pos1,lh_POS1
6955,lh_pos1,lh_POS1
6956,lh_?,lh_?
6957,lh_?,lh_?
6958,lh_?,lh_?
6959,lh_?,lh_?
6960,lh_?,lh_?
6961,lh_?,lh_?
6962,lh_?,lh_?
6963,lh_?,lh_?
6964,lh_?,lh_?
6965,lh_?,lh_?
6966,lh_?,lh_?
6967,lh_?,lh_?
6968,lh_?,lh_?
6969,lh_?,lh_?
6970,lh_?,lh_?
6971,lh_?,lh_?
6972,lh_?,lh_?
6973,lh_?,lh_?
6974,lh_?,lh_?
6975,lh_?,lh_?
6976,lh_?,lh_?
6977,lh_?,lh_?
6978,lh_?,lh_?
6979,lh_?,lh_?
6980,lh_?,lh_?
6981,lh_?,lh_?
6982,lh_?,lh_?
6983,lh_?,lh_?
6984,lh_?,lh_?
6985,lh_?,lh_?
6986,lh_?,lh_?
6987,lh_?,lh_?
6988,lh_?,lh_?
6989,lh_?,lh_?
6990,lh_?,lh_?
6991,lh_rsc,lh_RSC
6992,lh_rsc,lh_RSC
6993,lh_rsc,lh_RSC
6994,lh_v23ab,lh_v23ab
6995,lh_pos1,lh_POS1
6996,lh_pos1,lh_POS1
6997,lh_47s,lh_47s
6998,lh_47s,lh_47s
6999,lh_47s,lh_47s
7000,lh_47s,lh_47s
7001,lh_47s,lh_47s
7002,lh_pofc,lh_pOFC
7003,lh_pir,lh_Pir
7004,lh_pir,lh_Pir
7005,lh_pir,lh_Pir
7006,lh_pir,lh_Pir
7007,lh_?,lh_?
7008,lh_?,lh_?
7009,lh_?,lh_?
7010,lh_?,lh_?
7011,lh_pofc,lh_pOFC
7012,lh_pofc,lh_pOFC
7013,lh_?,lh_?
7014,lh_?,lh_?
7015,lh_?,lh_?
7016,lh_?,lh_?
7017,lh_?,lh_?
7018,lh_?,lh_?
7019,lh_?,lh_?
7020,lh_?,lh_?
7021,lh_?,lh_?
7022,lh_?,lh_?
7023,lh_?,lh_?
7024,lh_?,lh_?
7025,lh_ec,lh_EC
7026,lh_h,lh_H
7027,lh_ec,lh_EC
7028,lh_ec,lh_EC
7029,lh_h,lh_H
7030,lh_pres,lh_PreS
7031,lh_pres,lh_PreS
7032,lh_ec,lh_EC
7033,lh_ec,lh_EC
7034,lh_ec,lh_EC
7035,lh_ec,lh_EC
7036,lh_ec,lh_EC
7037,lh_peec,lh_PeEc
7038,lh_a5,lh_A5
7039,lh_stsda,lh_STSda
7040,lh_stsda,lh_STSda
7041,lh_stsda,lh_STSda
7042,lh_stsda,lh_STSda
7043,lh_stsda,lh_STSda
7044,lh_stsva,lh_STSva
7045,lh_stsva,lh_STSva
7046,lh_stsva,lh_STSva
7047,lh_stsva,lh_STSva
7048,lh_te1a,lh_TE1a
7049,lh_te1a,lh_TE1a
7050,lh_te1a,lh_TE1a
7051,lh_te1a,lh_TE1a
7052,lh_pi,lh_PI
7053,lh_stga,lh_STGa
7054,lh_stga,lh_STGa
7055,lh_stga,lh_STGa
7056,lh_stga,lh_STGa
7057,lh_tgd,lh_TGd
7058,lh_tgd,lh_TGd
7059,lh_tgd,lh_TGd
7060,lh_tgd,lh_TGd
7061,lh_tgd,lh_TGd
7062,lh_tgd,lh_TGd
7063,lh_tgv,lh_TGv
7064,lh_te2a,lh_TE2a
7065,lh_te2a,lh_TE2a
7066,lh_te2a,lh_TE2a
7067,lh_tgv,lh_TGv
7068,lh_tgv,lh_TGv
7069,lh_tgv,lh_TGv
7070,lh_peec,lh_PeEc
7071,lh_tf,lh_TF
7072,lh_peec,lh_PeEc
7073,lh_peec,lh_PeEc
7074,lh_peec,lh_PeEc
7075,lh_tf,lh_TF
7076,lh_peec,lh_PeEc
7077,lh_peec,lh_PeEc
7078,lh_peec,lh_PeEc
7079,lh_v4t,lh_V4t
7080,lh_v4t,lh_V4t
7081,lh_v4t,lh_V4t
7082,lh_v4t,lh_V4t
7083,lh_v4t,lh_V4t
7084,lh_ph,lh_PH
7085,lh_fst,lh_FST
7086,lh_ph,lh_PH
7087,lh_ph,lh_PH
7088,lh_ph,lh_PH
7089,lh_ph,lh_PH
7090,lh_ph,lh_PH
7091,lh_ph,lh_PH
7092,lh_ph,lh_PH
7093,lh_te1p,lh_TE1p
7094,lh_te1p,lh_TE1p
7095,lh_te1p,lh_TE1p
7096,lh_te1p,lh_TE1p
7097,lh_te1p,lh_TE1p
7098,lh_te2a,lh_TE2a
7099,lh_te1p,lh_TE1p
7100,lh_te2p,lh_TE2p
7101,lh_te2p,lh_TE2p
7102,lh_te2p,lh_TE2p
7103,lh_te2p,lh_TE2p
7104,lh_te2p,lh_TE2p
7105,lh_te2p,lh_TE2p
7106,lh_te2p,lh_TE2p
7107,lh_te2p,lh_TE2p
7108,lh_te2p,lh_TE2p
7109,lh_te2p,lh_TE2p
7110,lh_te2p,lh_TE2p
7111,lh_te2p,lh_TE2p
7112,lh_te2p,lh_TE2p
7113,lh_te2p,lh_TE2p
7114,lh_tf,lh_TF
7115,lh_tf,lh_TF
7116,lh_tf,lh_TF
7117,lh_tf,lh_TF
7118,lh_tf,lh_TF
7119,lh_tf,lh_TF
7120,lh_v1,lh_V1
7121,lh_v1,lh_V1
7122,lh_v1,lh_V1
7123,lh_v1,lh_V1
7124,lh_v1,lh_V1
7125,lh_v1,lh_V1
7126,lh_v1,lh_V1
7127,lh_v1,lh_V1
7128,lh_v1,lh_V1
7129,lh_v1,lh_V1
7130,lh_v1,lh_V1
7131,lh_v2,lh_V2
7132,lh_v2,lh_V2
7133,lh_v2,lh_V2
7134,lh_v1,lh_V1
7135,lh_v1,lh_V1
7136,lh_v2,lh_V2
7137,lh_v2,lh_V2
7138,lh_v2,lh_V2
7139,lh_v4,lh_V4
7140,lh_v3,lh_V3
7141,lh_v4,lh_V4
7142,lh_v3,lh_V3
7143,lh_v3,lh_V3
7144,lh_v3,lh_V3
7145,lh_v3,lh_V3
7146,lh_v4,lh_V4
7147,lh_v4,lh_V4
7148,lh_vmv2,lh_VMV2
7149,lh_vmv2,lh_VMV2
7150,lh_vmv2,lh_VMV2
7151,lh_vmv3,lh_VMV3
7152,lh_vvc,lh_VVC
7153,lh_vvc,lh_VVC
7154,lh_vvc,lh_VVC
7155,lh_vvc,lh_VVC
7156,lh_vvc,lh_VVC
7157,lh_pha3,lh_PHA3
7158,lh_vvc,lh_VVC
7159,lh_vvc,lh_VVC
7160,lh_tf,lh_TF
7161,lh_?,lh_?
7162,lh_?,lh_?
7163,lh_?,lh_?
7164,lh_?,lh_?
7165,lh_?,lh_?
7166,lh_?,lh_?
7167,lh_?,lh_?
7168,lh_?,lh_?
7169,lh_?,lh_?
7170,lh_?,lh_?
7171,lh_?,lh_?
7172,lh_?,lh_?
7173,lh_?,lh_?
7174,lh_?,lh_?
7175,lh_?,lh_?
7176,lh_?,lh_?
7177,lh_?,lh_?
7178,lh_?,lh_?
7179,lh_?,lh_?
7180,lh_pres,lh_PreS
7181,lh_h,lh_H
7182,lh_h,lh_H
7183,lh_h,lh_H
7184,lh_h,lh_H
7185,lh_?,lh_?
7186,lh_h,lh_H
7187,lh_h,lh_H
7188,lh_h,lh_H
7189,lh_h,lh_H
7190,lh_h,lh_H
7191,lh_h,lh_H
7192,lh_pres,lh_PreS
7193,lh_pha2,lh_PHA2
7194,lh_pha1,lh_PHA1
7195,lh_pha2,lh_PHA2
7196,lh_pha2,lh_PHA2
7197,lh_pha2,lh_PHA2
7198,lh_pha2,lh_PHA2
7199,lh_pha2,lh_PHA2
7200,lh_pha2,lh_PHA2
7201,lh_pha3,lh_PHA3
7202,lh_4,lh_4
7203,lh_4,lh_4
7204,lh_4,lh_4
7205,lh_fef,lh_FEF
7206,lh_fef,lh_FEF
7207,lh_6d,lh_6d
7208,lh_6d,lh_6d
7209,lh_6a,lh_6a
7210,lh_6a,lh_6a
7211,lh_fef,lh_FEF
7212,lh_6a,lh_6a
7213,lh_3a,lh_3a
7214,lh_3a,lh_3a
7215,lh_3a,lh_3a
7216,lh_4,lh_4
7217,lh_4,lh_4
7218,lh_4,lh_4
7219,lh_4,lh_4
7220,lh_4,lh_4
7221,lh_4,lh_4
7222,lh_4,lh_4
7223,lh_3a,lh_3a
7224,lh_3a,lh_3a
7225,lh_3a,lh_3a
7226,lh_3a,lh_3a
7227,lh_3a,lh_3a
7228,lh_4,lh_4
7229,lh_3a,lh_3a
7230,lh_3a,lh_3a
7231,lh_3a,lh_3a
7232,lh_3a,lh_3a
7233,lh_6d,lh_6d
7234,lh_6d,lh_6d
7235,lh_6d,lh_6d
7236,lh_6d,lh_6d
7237,lh_4,lh_4
7238,lh_4,lh_4
7239,lh_4,lh_4
7240,lh_4,lh_4
7241,lh_4,lh_4
7242,lh_4,lh_4
7243,lh_6a,lh_6a
7244,lh_6a,lh_6a
7245,lh_6a,lh_6a
7246,lh_6a,lh_6a
7247,lh_6d,lh_6d
7248,lh_6a,lh_6a
7249,lh_6d,lh_6d
7250,lh_6d,lh_6d
7251,lh_6d,lh_6d
7252,lh_10d,lh_10d
7253,lh_10d,lh_10d
7254,lh_9a,lh_9a
7255,lh_9a,lh_9a
7256,lh_9a,lh_9a
7257,lh_9a,lh_9a
7258,lh_9a,lh_9a
7259,lh_9a,lh_9a
7260,lh_9a,lh_9a
7261,lh_9p,lh_9p
7262,lh_9p,lh_9p
7263,lh_9_46d,lh_9-46d
7264,lh_9_46d,lh_9-46d
7265,lh_9_46d,lh_9-46d
7266,lh_9_46d,lh_9-46d
7267,lh_9a,lh_9a
7268,lh_9_46d,lh_9-46d
7269,lh_9a,lh_9a
7270,lh_9a,lh_9a
7271,lh_9a,lh_9a
7272,lh_9a,lh_9a
7273,lh_46,lh_46
7274,lh_46,lh_46
7275,lh_46,lh_46
7276,lh_46,lh_46
7277,lh_9_46d,lh_9-46d
7278,lh_9_46d,lh_9-46d
7279,lh_9_46d,lh_9-46d
7280,lh_9_46d,lh_9-46d
7281,lh_9_46d,lh_9-46d
7282,lh_9_46d,lh_9-46d
7283,lh_op4,lh_OP4
7284,lh_op2_3,lh_OP2-3
7285,lh_op4,lh_OP4
7286,lh_op4,lh_OP4
7287,lh_43,lh_43
7288,lh_43,lh_43
7289,lh_43,lh_43
7290,lh_43,lh_43
7291,lh_fop1,lh_FOP1
7292,lh_fop1,lh_FOP1
7293,lh_fop1,lh_FOP1
7294,lh_op4,lh_OP4
7295,lh_op4,lh_OP4
7296,lh_op4,lh_OP4
7297,lh_op4,lh_OP4
7298,lh_op4,lh_OP4
7299,lh_op4,lh_OP4
7300,lh_op4,lh_OP4
7301,lh_op4,lh_OP4
7302,lh_op4,lh_OP4
7303,lh_op4,lh_OP4
7304,lh_pfm,lh_PFm
7305,lh_pfm,lh_PFm
7306,lh_pfm,lh_PFm
7307,lh_pfm,lh_PFm
7308,lh_pfm,lh_PFm
7309,lh_pfm,lh_PFm
7310,lh_pfm,lh_PFm
7311,lh_pfm,lh_PFm
7312,lh_pfm,lh_PFm
7313,lh_pfm,lh_PFm
7314,lh_pfm,lh_PFm
7315,lh_ip2,lh_IP2
7316,lh_ip2,lh_IP2
7317,lh_ip2,lh_IP2
7318,lh_pfm,lh_PFm
7319,lh_pfm,lh_PFm
7320,lh_pfm,lh_PFm
7321,lh_pfm,lh_PFm
7322,lh_pfm,lh_PFm
7323,lh_pfm,lh_PFm
7324,lh_pfm,lh_PFm
7325,lh_7pm,lh_7Pm
7326,lh_7pl,lh_7PL
7327,lh_7pl,lh_7PL
7328,lh_7pl,lh_7PL
7329,lh_7pl,lh_7PL
7330,lh_7pl,lh_7PL
7331,lh_7pl,lh_7PL
7332,lh_7pl,lh_7PL
7333,lh_7pl,lh_7PL
7334,lh_mip,lh_MIP
7335,lh_mip,lh_MIP
7336,lh_7am,lh_7Am
7337,lh_7am,lh_7Am
7338,lh_7am,lh_7Am
7339,lh_7am,lh_7Am
7340,lh_7am,lh_7Am
7341,lh_7am,lh_7Am
7342,lh_7am,lh_7Am
7343,lh_7am,lh_7Am
7344,lh_7pm,lh_7Pm
7345,lh_7pm,lh_7Pm
7346,lh_24dv,lh_24dv
7347,lh_p24pr,lh_p24pr
7348,lh_24dv,lh_24dv
7349,lh_24dv,lh_24dv
7350,lh_23c,lh_23c
7351,lh_24dv,lh_24dv
7352,lh_23c,lh_23c
7353,lh_23c,lh_23c
7354,lh_23c,lh_23c
7355,lh_23c,lh_23c
7356,lh_23c,lh_23c
7357,lh_25,lh_25
7358,lh_25,lh_25
7359,lh_25,lh_25
7360,lh_?,lh_?
7361,lh_?,lh_?
7362,lh_?,lh_?
7363,lh_?,lh_?
7364,lh_?,lh_?
7365,lh_?,lh_?
7366,lh_?,lh_?
7367,lh_?,lh_?
7368,lh_poi2,lh_PoI2
7369,lh_poi2,lh_PoI2
7370,lh_poi2,lh_PoI2
7371,lh_poi2,lh_PoI2
7372,lh_poi2,lh_PoI2
7373,lh_mi,lh_MI
7374,lh_aaic,lh_AAIC
7375,lh_aaic,lh_AAIC
7376,lh_aaic,lh_AAIC
7377,lh_aaic,lh_AAIC
7378,lh_aaic,lh_AAIC
7379,lh_stsvp,lh_STSvp
7380,lh_stsvp,lh_STSvp
7381,lh_stsvp,lh_STSvp
7382,lh_stsvp,lh_STSvp
7383,lh_stsvp,lh_STSvp
7384,lh_stsvp,lh_STSvp
7385,lh_stsvp,lh_STSvp
7386,lh_stsvp,lh_STSvp
7387,lh_stsvp,lh_STSvp
7388,lh_stsva,lh_STSva
7389,lh_stsva,lh_STSva
7390,lh_v1,lh_V1
7391,lh_v1,lh_V1
7392,lh_v1,lh_V1
7393,lh_v1,lh_V1
7394,lh_v2,lh_V2
7395,lh_v3,lh_V3
7396,lh_v2,lh_V2
7397,lh_v3,lh_V3
7398,lh_v3,lh_V3
7399,lh_v4,lh_V4
7400,lh_pit,lh_PIT
7401,lh_rsc,lh_RSC
7402,lh_rsc,lh_RSC
7403,lh_pos1,lh_POS1
7404,lh_pos1,lh_POS1
7405,lh_pros,lh_ProS
7406,lh_pros,lh_ProS
7407,lh_pros,lh_ProS
7408,lh_pros,lh_ProS
7409,lh_pros,lh_ProS
7410,lh_v1,lh_V1
7411,lh_v1,lh_V1
7412,lh_6v,lh_6v
7413,lh_6v,lh_6v
7414,lh_6v,lh_6v
7415,lh_6v,lh_6v
7416,lh_6r,lh_6r
7417,lh_6v,lh_6v
7418,lh_6r,lh_6r
7419,lh_6r,lh_6r
7420,lh_ifjp,lh_IFJp
7421,lh_ifjp,lh_IFJp
7422,lh_ifjp,lh_IFJp
7423,lh_55b,lh_55b
7424,lh_8av,lh_8Av
7425,lh_8av,lh_8Av
7426,lh_8av,lh_8Av
7427,lh_8av,lh_8Av
7428,lh_8av,lh_8Av
7429,lh_8av,lh_8Av
7430,lh_8av,lh_8Av
7431,lh_8av,lh_8Av
7432,lh_8av,lh_8Av
7433,lh_8av,lh_8Av
7434,lh_8av,lh_8Av
7435,lh_8av,lh_8Av
7436,lh_8av,lh_8Av
7437,lh_8av,lh_8Av
7438,lh_8av,lh_8Av
7439,lh_8av,lh_8Av
7440,lh_8ad,lh_8Ad
7441,lh_8ad,lh_8Ad
7442,lh_8ad,lh_8Ad
7443,lh_8ad,lh_8Ad
7444,lh_aip,lh_AIP
7445,lh_aip,lh_AIP
7446,lh_aip,lh_AIP
7447,lh_pft,lh_PFt
7448,lh_pft,lh_PFt
7449,lh_2,lh_2
7450,lh_2,lh_2
7451,lh_pft,lh_PFt
7452,lh_2,lh_2
7453,lh_2,lh_2
7454,lh_2,lh_2
7455,lh_3b,lh_3b
7456,lh_3b,lh_3b
7457,lh_3b,lh_3b
7458,lh_3b,lh_3b
7459,lh_3b,lh_3b
7460,lh_3a,lh_3a
7461,lh_3b,lh_3b
7462,lh_3b,lh_3b
7463,lh_3b,lh_3b
7464,lh_3b,lh_3b
7465,lh_3b,lh_3b
7466,lh_3b,lh_3b
7467,lh_3a,lh_3a
7468,lh_3a,lh_3a
7469,lh_4,lh_4
7470,lh_4,lh_4
7471,lh_4,lh_4
7472,lh_4,lh_4
7473,lh_4,lh_4
7474,lh_4,lh_4
7475,lh_7al,lh_7AL
7476,lh_7al,lh_7AL
7477,lh_7al,lh_7AL
7478,lh_7al,lh_7AL
7479,lh_2,lh_2
7480,lh_2,lh_2
7481,lh_2,lh_2
7482,lh_2,lh_2
7483,lh_2,lh_2
7484,lh_2,lh_2
7485,lh_2,lh_2
7486,lh_1,lh_1
7487,lh_1,lh_1
7488,lh_1,lh_1
7489,lh_2,lh_2
7490,lh_2,lh_2
7491,lh_2,lh_2
7492,lh_2,lh_2
7493,lh_2,lh_2
7494,lh_2,lh_2
7495,lh_2,lh_2
7496,lh_aip,lh_AIP
7497,lh_aip,lh_AIP
7498,lh_aip,lh_AIP
7499,lh_aip,lh_AIP
7500,lh_aip,lh_AIP
7501,lh_2,lh_2
7502,lh_aip,lh_AIP
7503,lh_aip,lh_AIP
7504,lh_aip,lh_AIP
7505,lh_aip,lh_AIP
7506,lh_scef,lh_SCEF
7507,lh_6mp,lh_6mp
7508,lh_6mp,lh_6mp
7509,lh_6mp,lh_6mp
7510,lh_6mp,lh_6mp
7511,lh_6mp,lh_6mp
7512,lh_6mp,lh_6mp
7513,lh_4,lh_4
7514,lh_4,lh_4
7515,lh_4,lh_4
7516,lh_4,lh_4
7517,lh_3a,lh_3a
7518,lh_3a,lh_3a
7519,lh_3a,lh_3a
7520,lh_3a,lh_3a
7521,lh_3b,lh_3b
7522,lh_3b,lh_3b
7523,lh_3b,lh_3b
7524,lh_3b,lh_3b
7525,lh_3b,lh_3b
7526,lh_1,lh_1
7527,lh_5l,lh_5L
7528,lh_5l,lh_5L
7529,lh_5l,lh_5L
7530,lh_5l,lh_5L
7531,lh_7al,lh_7AL
7532,lh_2,lh_2
7533,lh_7al,lh_7AL
7534,lh_7al,lh_7AL
7535,lh_7al,lh_7AL
7536,lh_7al,lh_7AL
7537,lh_8ad,lh_8Ad
7538,lh_8ad,lh_8Ad
7539,lh_8ad,lh_8Ad
7540,lh_8ad,lh_8Ad
7541,lh_8ad,lh_8Ad
7542,lh_8ad,lh_8Ad
7543,lh_8ad,lh_8Ad
7544,lh_8ad,lh_8Ad
7545,lh_8ad,lh_8Ad
7546,lh_8ad,lh_8Ad
7547,lh_6a,lh_6a
7548,lh_6a,lh_6a
7549,lh_6a,lh_6a
7550,lh_6ma,lh_6ma
7551,lh_6ma,lh_6ma
7552,lh_6ma,lh_6ma
7553,lh_6ma,lh_6ma
7554,lh_6ma,lh_6ma
7555,lh_6ma,lh_6ma
7556,lh_6ma,lh_6ma
7557,lh_6ma,lh_6ma
7558,lh_sfl,lh_SFL
7559,lh_6ma,lh_6ma
7560,lh_6ma,lh_6ma
7561,lh_scef,lh_SCEF
7562,lh_6ma,lh_6ma
7563,lh_scef,lh_SCEF
7564,lh_scef,lh_SCEF
7565,lh_scef,lh_SCEF
7566,lh_scef,lh_SCEF
7567,lh_a24,lh_a24
7568,lh_a24,lh_a24
7569,lh_a24,lh_a24
7570,lh_a24,lh_a24
7571,lh_a24,lh_a24
7572,lh_a24,lh_a24
7573,lh_a24,lh_a24
7574,lh_a24,lh_a24
7575,lh_a24,lh_a24
7576,lh_a24,lh_a24
7577,lh_p24,lh_p24
7578,lh_9m,lh_9m
7579,lh_9m,lh_9m
7580,lh_d32,lh_d32
7581,lh_d32,lh_d32
7582,lh_d32,lh_d32
7583,lh_8bm,lh_8BM
7584,lh_8bm,lh_8BM
7585,lh_d32,lh_d32
7586,lh_d32,lh_d32
7587,lh_a32pr,lh_a32pr
7588,lh_a32pr,lh_a32pr
7589,lh_a32pr,lh_a32pr
7590,lh_a32pr,lh_a32pr
7591,lh_a32pr,lh_a32pr
7592,lh_scef,lh_SCEF
7593,lh_8bm,lh_8BM
7594,lh_8bm,lh_8BM
7595,lh_scef,lh_SCEF
7596,lh_scef,lh_SCEF
7597,lh_scef,lh_SCEF
7598,lh_scef,lh_SCEF
7599,lh_a47r,lh_a47r
7600,lh_a47r,lh_a47r
7601,lh_a47r,lh_a47r
7602,lh_a47r,lh_a47r
7603,lh_a47r,lh_a47r
7604,lh_a47r,lh_a47r
7605,lh_a47r,lh_a47r
7606,lh_a47r,lh_a47r
7607,lh_11l,lh_11l
7608,lh_11l,lh_11l
7609,lh_11l,lh_11l
7610,lh_p10p,lh_p10p
7611,lh_10pp,lh_10pp
7612,lh_10pp,lh_10pp
7613,lh_10pp,lh_10pp
7614,lh_10v,lh_10v
7615,lh_10v,lh_10v
7616,lh_10v,lh_10v
7617,lh_10v,lh_10v
7618,lh_10v,lh_10v
7619,lh_10v,lh_10v
7620,lh_10v,lh_10v
7621,lh_10v,lh_10v
7622,lh_10v,lh_10v
7623,lh_10r,lh_10r
7624,lh_10r,lh_10r
7625,lh_10r,lh_10r
7626,lh_10r,lh_10r
7627,lh_10r,lh_10r
7628,lh_p32,lh_p32
7629,lh_p32,lh_p32
7630,lh_ifja,lh_IFJa
7631,lh_ifja,lh_IFJa
7632,lh_ifja,lh_IFJa
7633,lh_ifja,lh_IFJa
7634,lh_ifja,lh_IFJa
7635,lh_ifja,lh_IFJa
7636,lh_ifja,lh_IFJa
7637,lh_ifja,lh_IFJa
7638,lh_ifsp,lh_IFSp
7639,lh_ifsp,lh_IFSp
7640,lh_ifsp,lh_IFSp
7641,lh_p47r,lh_p47r
7642,lh_ifsa,lh_IFSa
7643,lh_p47r,lh_p47r
7644,lh_p47r,lh_p47r
7645,lh_p47r,lh_p47r
7646,lh_p47r,lh_p47r
7647,lh_p47r,lh_p47r
7648,lh_p47r,lh_p47r
7649,lh_p47r,lh_p47r
7650,lh_p47r,lh_p47r
7651,lh_45,lh_45
7652,lh_45,lh_45
7653,lh_45,lh_45
7654,lh_47l,lh_47l
7655,lh_47l,lh_47l
7656,lh_p47r,lh_p47r
7657,lh_47l,lh_47l
7658,lh_47l,lh_47l
7659,lh_47l,lh_47l
7660,lh_47l,lh_47l
7661,lh_lbelt,lh_LBelt
7662,lh_lbelt,lh_LBelt
7663,lh_lbelt,lh_LBelt
7664,lh_lbelt,lh_LBelt
7665,lh_a1,lh_A1
7666,lh_a1,lh_A1
7667,lh_a1,lh_A1
7668,lh_a1,lh_A1
7669,lh_a1,lh_A1
7670,lh_mbelt,lh_MBelt
7671,lh_mbelt,lh_MBelt
7672,lh_fop2,lh_FOP2
7673,lh_ig,lh_Ig
7674,lh_fop2,lh_FOP2
7675,lh_fop2,lh_FOP2
7676,lh_fop2,lh_FOP2
7677,lh_fop3,lh_FOP3
7678,lh_fop3,lh_FOP3
7679,lh_fop3,lh_FOP3
7680,lh_fop3,lh_FOP3
7681,lh_fop3,lh_FOP3
7682,lh_mi,lh_MI
7683,lh_mi,lh_MI
7684,lh_fop3,lh_FOP3
7685,lh_fop3,lh_FOP3
7686,lh_fop3,lh_FOP3
7687,lh_fop4,lh_FOP4
7688,lh_fop4,lh_FOP4
7689,lh_fop4,lh_FOP4
7690,lh_fop4,lh_FOP4
7691,lh_fop4,lh_FOP4
7692,lh_fop5,lh_FOP5
7693,lh_pf,lh_PF
7694,lh_pf,lh_PF
7695,lh_pf,lh_PF
7696,lh_pf,lh_PF
7697,lh_pf,lh_PF
7698,lh_pf,lh_PF
7699,lh_pf,lh_PF
7700,lh_pf,lh_PF
7701,lh_pf,lh_PF
7702,lh_pf,lh_PF
7703,lh_pf,lh_PF
7704,lh_op1,lh_OP1
7705,lh_pfcm,lh_PFcm
7706,lh_op1,lh_OP1
7707,lh_ri,lh_RI
7708,lh_ri,lh_RI
7709,lh_ri,lh_RI
7710,lh_ri,lh_RI
7711,lh_ri,lh_RI
7712,lh_ri,lh_RI
7713,lh_ri,lh_RI
7714,lh_ri,lh_RI
7715,lh_pbelt,lh_PBelt
7716,lh_pbelt,lh_PBelt
7717,lh_pbelt,lh_PBelt
7718,lh_pbelt,lh_PBelt
7719,lh_lbelt,lh_LBelt
7720,lh_lbelt,lh_LBelt
7721,lh_pbelt,lh_PBelt
7722,lh_pbelt,lh_PBelt
7723,lh_lbelt,lh_LBelt
7724,lh_pgp,lh_PGp
7725,lh_tpoj3,lh_TPOJ3
7726,lh_tpoj3,lh_TPOJ3
7727,lh_tpoj3,lh_TPOJ3
7728,lh_tpoj3,lh_TPOJ3
7729,lh_tpoj3,lh_TPOJ3
7730,lh_tpoj3,lh_TPOJ3
7731,lh_tpoj3,lh_TPOJ3
7732,lh_tpoj3,lh_TPOJ3
7733,lh_tpoj3,lh_TPOJ3
7734,lh_tpoj2,lh_TPOJ2
7735,lh_pgi,lh_PGi
7736,lh_pgi,lh_PGi
7737,lh_pgi,lh_PGi
7738,lh_pgi,lh_PGi
7739,lh_pgi,lh_PGi
7740,lh_pgi,lh_PGi
7741,lh_stv,lh_STV
7742,lh_tpoj1,lh_TPOJ1
7743,lh_tpoj1,lh_TPOJ1
7744,lh_tpoj1,lh_TPOJ1
7745,lh_tpoj1,lh_TPOJ1
7746,lh_tpoj1,lh_TPOJ1
7747,lh_tpoj1,lh_TPOJ1
7748,lh_tpoj1,lh_TPOJ1
7749,lh_tpoj1,lh_TPOJ1
7750,lh_tpoj1,lh_TPOJ1
7751,lh_tpoj1,lh_TPOJ1
7752,lh_tpoj1,lh_TPOJ1
7753,lh_tpoj1,lh_TPOJ1
7754,lh_tpoj1,lh_TPOJ1
7755,lh_tpoj1,lh_TPOJ1
7756,lh_lipv,lh_LIPv
7757,lh_lipv,lh_LIPv
7758,lh_lipv,lh_LIPv
7759,lh_lipv,lh_LIPv
7760,lh_lipd,lh_LIPd
7761,lh_lipd,lh_LIPd
7762,lh_lipd,lh_LIPd
7763,lh_lipd,lh_LIPd
7764,lh_lipd,lh_LIPd
7765,lh_ip1,lh_IP1
7766,lh_ip1,lh_IP1
7767,lh_pfm,lh_PFm
7768,lh_pfm,lh_PFm
7769,lh_pgs,lh_PGs
7770,lh_pgs,lh_PGs
7771,lh_pgs,lh_PGs
7772,lh_pgs,lh_PGs
7773,lh_pgs,lh_PGs
7774,lh_pgs,lh_PGs
7775,lh_pgs,lh_PGs
7776,lh_pgs,lh_PGs
7777,lh_pgp,lh_PGp
7778,lh_pgp,lh_PGp
7779,lh_pgp,lh_PGp
7780,lh_pgp,lh_PGp
7781,lh_pgp,lh_PGp
7782,lh_pgs,lh_PGs
7783,lh_pgp,lh_PGp
7784,lh_pgp,lh_PGp
7785,lh_pgp,lh_PGp
7786,lh_pgp,lh_PGp
7787,lh_pos2,lh_POS2
7788,lh_dvt,lh_DVT
7789,lh_dvt,lh_DVT
7790,lh_dvt,lh_DVT
7791,lh_v6,lh_V6
7792,lh_v6,lh_V6
7793,lh_v6,lh_V6
7794,lh_v6,lh_V6
7795,lh_v6,lh_V6
7796,lh_v2,lh_V2
7797,lh_v2,lh_V2
7798,lh_v6a,lh_V6A
7799,lh_v3a,lh_V3A
7800,lh_v3a,lh_V3A
7801,lh_v3a,lh_V3A
7802,lh_v3a,lh_V3A
7803,lh_v3a,lh_V3A
7804,lh_v3a,lh_V3A
7805,lh_v3a,lh_V3A
7806,lh_v3a,lh_V3A
7807,lh_v3a,lh_V3A
7808,lh_v3,lh_V3
7809,lh_v3,lh_V3
7810,lh_v3,lh_V3
7811,lh_v3,lh_V3
7812,lh_v3,lh_V3
7813,lh_v4,lh_V4
7814,lh_v4,lh_V4
7815,lh_v4,lh_V4
7816,lh_v4,lh_V4
7817,lh_v4,lh_V4
7818,lh_v4,lh_V4
7819,lh_5mv,lh_5mv
7820,lh_5mv,lh_5mv
7821,lh_5mv,lh_5mv
7822,lh_5mv,lh_5mv
7823,lh_5mv,lh_5mv
7824,lh_5mv,lh_5mv
7825,lh_5mv,lh_5mv
7826,lh_5mv,lh_5mv
7827,lh_23c,lh_23c
7828,lh_23c,lh_23c
7829,lh_23c,lh_23c
7830,lh_7m,lh_7m
7831,lh_pcv,lh_PCV
7832,lh_7m,lh_7m
7833,lh_7m,lh_7m
7834,lh_7m,lh_7m
7835,lh_7m,lh_7m
7836,lh_7m,lh_7m
7837,lh_7m,lh_7m
7838,lh_7m,lh_7m
7839,lh_31pd,lh_31pd
7840,lh_31pd,lh_31pd
7841,lh_31pd,lh_31pd
7842,lh_7m,lh_7m
7843,lh_7m,lh_7m
7844,lh_7m,lh_7m
7845,lh_pos2,lh_POS2
7846,lh_pos2,lh_POS2
7847,lh_pos1,lh_POS1
7848,lh_pos2,lh_POS2
7849,lh_pos2,lh_POS2
7850,lh_?,lh_?
7851,lh_?,lh_?
7852,lh_?,lh_?
7853,lh_?,lh_?
7854,lh_?,lh_?
7855,lh_?,lh_?
7856,lh_?,lh_?
7857,lh_?,lh_?
7858,lh_?,lh_?
7859,lh_?,lh_?
7860,lh_?,lh_?
7861,lh_?,lh_?
7862,lh_?,lh_?
7863,lh_?,lh_?
7864,lh_?,lh_?
7865,lh_?,lh_?
7866,lh_?,lh_?
7867,lh_?,lh_?
7868,lh_?,lh_?
7869,lh_?,lh_?
7870,lh_?,lh_?
7871,lh_?,lh_?
7872,lh_?,lh_?
7873,lh_?,lh_?
7874,lh_?,lh_?
7875,lh_?,lh_?
7876,lh_?,lh_?
7877,lh_?,lh_?
7878,lh_?,lh_?
7879,lh_rsc,lh_RSC
7880,lh_rsc,lh_RSC
7881,lh_d23ab,lh_d23ab
7882,lh_13l,lh_13l
7883,lh_13l,lh_13l
7884,lh_13l,lh_13l
7885,lh_13l,lh_13l
7886,lh_13l,lh_13l
7887,lh_13l,lh_13l
7888,lh_13l,lh_13l
7889,lh_pofc,lh_pOFC
7890,lh_pofc,lh_pOFC
7891,lh_pir,lh_Pir
7892,lh_?,lh_?
7893,lh_?,lh_?
7894,lh_?,lh_?
7895,lh_?,lh_?
7896,lh_?,lh_?
7897,lh_?,lh_?
7898,lh_?,lh_?
7899,lh_?,lh_?
7900,lh_?,lh_?
7901,lh_?,lh_?
7902,lh_?,lh_?
7903,lh_h,lh_H
7904,lh_h,lh_H
7905,lh_h,lh_H
7906,lh_h,lh_H
7907,lh_h,lh_H
7908,lh_h,lh_H
7909,lh_h,lh_H
7910,lh_h,lh_H
7911,lh_h,lh_H
7912,lh_h,lh_H
7913,lh_h,lh_H
7914,lh_a4,lh_A4
7915,lh_a5,lh_A5
7916,lh_a5,lh_A5
7917,lh_a5,lh_A5
7918,lh_stsda,lh_STSda
7919,lh_a5,lh_A5
7920,lh_a5,lh_A5
7921,lh_stsda,lh_STSda
7922,lh_stsda,lh_STSda
7923,lh_stsda,lh_STSda
7924,lh_stsva,lh_STSva
7925,lh_tgd,lh_TGd
7926,lh_tgd,lh_TGd
7927,lh_tgd,lh_TGd
7928,lh_tgd,lh_TGd
7929,lh_tgd,lh_TGd
7930,lh_tgd,lh_TGd
7931,lh_tgd,lh_TGd
7932,lh_tgd,lh_TGd
7933,lh_tgd,lh_TGd
7934,lh_tgd,lh_TGd
7935,lh_tgd,lh_TGd
7936,lh_tgv,lh_TGv
7937,lh_tgv,lh_TGv
7938,lh_tgv,lh_TGv
7939,lh_tgv,lh_TGv
7940,lh_tgv,lh_TGv
7941,lh_tgv,lh_TGv
7942,lh_tgv,lh_TGv
7943,lh_peec,lh_PeEc
7944,lh_peec,lh_PeEc
7945,lh_peec,lh_PeEc
7946,lh_fst,lh_FST
7947,lh_mst,lh_MST
7948,lh_fst,lh_FST
7949,lh_fst,lh_FST
7950,lh_fst,lh_FST
7951,lh_fst,lh_FST
7952,lh_ph,lh_PH
7953,lh_ph,lh_PH
7954,lh_ph,lh_PH
7955,lh_ph,lh_PH
7956,lh_ph,lh_PH
7957,lh_te1m,lh_TE1m
7958,lh_te1p,lh_TE1p
7959,lh_te1m,lh_TE1m
7960,lh_te1m,lh_TE1m
7961,lh_te2a,lh_TE2a
7962,lh_te1m,lh_TE1m
7963,lh_te2a,lh_TE2a
7964,lh_te2a,lh_TE2a
7965,lh_te2a,lh_TE2a
7966,lh_te2a,lh_TE2a
7967,lh_te2p,lh_TE2p
7968,lh_te2p,lh_TE2p
7969,lh_te2p,lh_TE2p
7970,lh_te2p,lh_TE2p
7971,lh_te2p,lh_TE2p
7972,lh_te2a,lh_TE2a
7973,lh_te2a,lh_TE2a
7974,lh_te2p,lh_TE2p
7975,lh_te2p,lh_TE2p
7976,lh_tf,lh_TF
7977,lh_tf,lh_TF
7978,lh_v1,lh_V1
7979,lh_v1,lh_V1
7980,lh_v1,lh_V1
7981,lh_v1,lh_V1
7982,lh_v1,lh_V1
7983,lh_v1,lh_V1
7984,lh_v1,lh_V1
7985,lh_v1,lh_V1
7986,lh_v1,lh_V1
7987,lh_v1,lh_V1
7988,lh_v2,lh_V2
7989,lh_v3,lh_V3
7990,lh_v3,lh_V3
7991,lh_v3,lh_V3
7992,lh_v4,lh_V4
7993,lh_v4,lh_V4
7994,lh_v4,lh_V4
7995,lh_v4,lh_V4
7996,lh_v4,lh_V4
7997,lh_v4,lh_V4
7998,lh_v4,lh_V4
7999,lh_v4,lh_V4
8000,lh_vmv3,lh_VMV3
8001,lh_vmv3,lh_VMV3
8002,lh_vmv3,lh_VMV3
8003,lh_vmv3,lh_VMV3
8004,lh_vvc,lh_VVC
8005,lh_vvc,lh_VVC
8006,lh_vvc,lh_VVC
8007,lh_vvc,lh_VVC
8008,lh_vvc,lh_VVC
8009,lh_vvc,lh_VVC
8010,lh_?,lh_?
8011,lh_?,lh_?
8012,lh_?,lh_?
8013,lh_?,lh_?
8014,lh_?,lh_?
8015,lh_?,lh_?
8016,lh_?,lh_?
8017,lh_?,lh_?
8018,lh_?,lh_?
8019,lh_?,lh_?
8020,lh_?,lh_?
8021,lh_pres,lh_PreS
8022,lh_pres,lh_PreS
8023,lh_pres,lh_PreS
8024,lh_pres,lh_PreS
8025,lh_pres,lh_PreS
8026,lh_v2,lh_V2
8027,lh_pres,lh_PreS
8028,lh_pres,lh_PreS
8029,lh_pres,lh_PreS
8030,lh_pres,lh_PreS
8031,lh_pres,lh_PreS
8032,lh_pres,lh_PreS
8033,lh_pres,lh_PreS
8034,lh_pha1,lh_PHA1
8035,lh_pha1,lh_PHA1
8036,lh_pha1,lh_PHA1
8037,lh_pha1,lh_PHA1
8038,lh_pha2,lh_PHA2
8039,lh_pha2,lh_PHA2
8040,lh_pha2,lh_PHA2
8041,lh_pha3,lh_PHA3
8042,lh_4,lh_4
8043,lh_6v,lh_6v
8044,lh_55b,lh_55b
8045,lh_55b,lh_55b
8046,lh_55b,lh_55b
8047,lh_55b,lh_55b
8048,lh_55b,lh_55b
8049,lh_55b,lh_55b
8050,lh_55b,lh_55b
8051,lh_55b,lh_55b
8052,lh_55b,lh_55b
8053,lh_fef,lh_FEF
8054,lh_fef,lh_FEF
8055,lh_fef,lh_FEF
8056,lh_fef,lh_FEF
8057,lh_fef,lh_FEF
8058,lh_fef,lh_FEF
8059,lh_fef,lh_FEF
8060,lh_55b,lh_55b
8061,lh_55b,lh_55b
8062,lh_8av,lh_8Av
8063,lh_i6_8,lh_i6-8
8064,lh_i6_8,lh_i6-8
8065,lh_fef,lh_FEF
8066,lh_i6_8,lh_i6-8
8067,lh_i6_8,lh_i6-8
8068,lh_i6_8,lh_i6-8
8069,lh_i6_8,lh_i6-8
8070,lh_i6_8,lh_i6-8
8071,lh_1,lh_1
8072,lh_1,lh_1
8073,lh_1,lh_1
8074,lh_1,lh_1
8075,lh_3b,lh_3b
8076,lh_3b,lh_3b
8077,lh_3b,lh_3b
8078,lh_3b,lh_3b
8079,lh_3b,lh_3b
8080,lh_3b,lh_3b
8081,lh_3b,lh_3b
8082,lh_3a,lh_3a
8083,lh_3a,lh_3a
8084,lh_3a,lh_3a
8085,lh_3a,lh_3a
8086,lh_3a,lh_3a
8087,lh_3a,lh_3a
8088,lh_3a,lh_3a
8089,lh_3b,lh_3b
8090,lh_3b,lh_3b
8091,lh_3a,lh_3a
8092,lh_3a,lh_3a
8093,lh_4,lh_4
8094,lh_4,lh_4
8095,lh_4,lh_4
8096,lh_4,lh_4
8097,lh_4,lh_4
8098,lh_4,lh_4
8099,lh_1,lh_1
8100,lh_1,lh_1
8101,lh_1,lh_1
8102,lh_1,lh_1
8103,lh_1,lh_1
8104,lh_3b,lh_3b
8105,lh_1,lh_1
8106,lh_1,lh_1
8107,lh_1,lh_1
8108,lh_1,lh_1
8109,lh_1,lh_1
8110,lh_3b,lh_3b
8111,lh_3b,lh_3b
8112,lh_3b,lh_3b
8113,lh_3b,lh_3b
8114,lh_3b,lh_3b
8115,lh_3b,lh_3b
8116,lh_3b,lh_3b
8117,lh_1,lh_1
8118,lh_1,lh_1
8119,lh_1,lh_1
8120,lh_1,lh_1
8121,lh_1,lh_1
8122,lh_1,lh_1
8123,lh_1,lh_1
8124,lh_1,lh_1
8125,lh_1,lh_1
8126,lh_1,lh_1
8127,lh_6mp,lh_6mp
8128,lh_6mp,lh_6mp
8129,lh_6mp,lh_6mp
8130,lh_6mp,lh_6mp
8131,lh_6mp,lh_6mp
8132,lh_6mp,lh_6mp
8133,lh_6mp,lh_6mp
8134,lh_6mp,lh_6mp
8135,lh_6mp,lh_6mp
8136,lh_4,lh_4
8137,lh_4,lh_4
8138,lh_6d,lh_6d
8139,lh_4,lh_4
8140,lh_4,lh_4
8141,lh_4,lh_4
8142,lh_4,lh_4
8143,lh_4,lh_4
8144,lh_4,lh_4
8145,lh_4,lh_4
8146,lh_4,lh_4
8147,lh_3a,lh_3a
8148,lh_3a,lh_3a
8149,lh_3b,lh_3b
8150,lh_3b,lh_3b
8151,lh_3b,lh_3b
8152,lh_3b,lh_3b
8153,lh_3b,lh_3b
8154,lh_1,lh_1
8155,lh_i6_8,lh_i6-8
8156,lh_i6_8,lh_i6-8
8157,lh_6a,lh_6a
8158,lh_6a,lh_6a
8159,lh_6a,lh_6a
8160,lh_6a,lh_6a
8161,lh_6a,lh_6a
8162,lh_6a,lh_6a
8163,lh_6a,lh_6a
8164,lh_6a,lh_6a
8165,lh_6a,lh_6a
8166,lh_6a,lh_6a
8167,lh_6a,lh_6a
8168,lh_6a,lh_6a
8169,lh_6a,lh_6a
8170,lh_6a,lh_6a
8171,lh_6a,lh_6a
8172,lh_6a,lh_6a
8173,lh_6a,lh_6a
8174,lh_6a,lh_6a
8175,lh_6a,lh_6a
8176,lh_6a,lh_6a
8177,lh_6a,lh_6a
8178,lh_6a,lh_6a
8179,lh_6a,lh_6a
8180,lh_6mp,lh_6mp
8181,lh_6mp,lh_6mp
8182,lh_10d,lh_10d
8183,lh_p32,lh_p32
8184,lh_10d,lh_10d
8185,lh_9m,lh_9m
8186,lh_9m,lh_9m
8187,lh_10d,lh_10d
8188,lh_9m,lh_9m
8189,lh_9m,lh_9m
8190,lh_9m,lh_9m
8191,lh_9m,lh_9m
8192,lh_9m,lh_9m
8193,lh_10d,lh_10d
8194,lh_9a,lh_9a
8195,lh_10d,lh_10d
8196,lh_9a,lh_9a
8197,lh_9a,lh_9a
8198,lh_9m,lh_9m
8199,lh_9m,lh_9m
8200,lh_9m,lh_9m
8201,lh_9m,lh_9m
8202,lh_9m,lh_9m
8203,lh_9m,lh_9m
8204,lh_9m,lh_9m
8205,lh_9m,lh_9m
8206,lh_9m,lh_9m
8207,lh_9m,lh_9m
8208,lh_8bl,lh_8BL
8209,lh_8bl,lh_8BL
8210,lh_8bl,lh_8BL
8211,lh_a47r,lh_a47r
8212,lh_a47r,lh_a47r
8213,lh_a47r,lh_a47r
8214,lh_a47r,lh_a47r
8215,lh_a10p,lh_a10p
8216,lh_a9_46v,lh_a9-46v
8217,lh_a10p,lh_a10p
8218,lh_a10p,lh_a10p
8219,lh_a10p,lh_a10p
8220,lh_a10p,lh_a10p
8221,lh_a10p,lh_a10p
8222,lh_9_46d,lh_9-46d
8223,lh_p10p,lh_p10p
8224,lh_p10p,lh_p10p
8225,lh_p10p,lh_p10p
8226,lh_p10p,lh_p10p
8227,lh_p10p,lh_p10p
8228,lh_p10p,lh_p10p
8229,lh_p10p,lh_p10p
8230,lh_p10p,lh_p10p
8231,lh_p10p,lh_p10p
8232,lh_10d,lh_10d
8233,lh_10d,lh_10d
8234,lh_10d,lh_10d
8235,lh_10d,lh_10d
8236,lh_10d,lh_10d
8237,lh_10d,lh_10d
8238,lh_10d,lh_10d
8239,lh_p9_46v,lh_p9-46v
8240,lh_p9_46v,lh_p9-46v
8241,lh_p9_46v,lh_p9-46v
8242,lh_p9_46v,lh_p9-46v
8243,lh_p9_46v,lh_p9-46v
8244,lh_p9_46v,lh_p9-46v
8245,lh_p9_46v,lh_p9-46v
8246,lh_p9_46v,lh_p9-46v
8247,lh_46,lh_46
8248,lh_46,lh_46
8249,lh_a9_46v,lh_a9-46v
8250,lh_46,lh_46
8251,lh_46,lh_46
8252,lh_46,lh_46
8253,lh_a9_46v,lh_a9-46v
8254,lh_46,lh_46
8255,lh_46,lh_46
8256,lh_46,lh_46
8257,lh_a9_46v,lh_a9-46v
8258,lh_a9_46v,lh_a9-46v
8259,lh_a9_46v,lh_a9-46v
8260,lh_a9_46v,lh_a9-46v
8261,lh_a9_46v,lh_a9-46v
8262,lh_a9_46v,lh_a9-46v
8263,lh_a9_46v,lh_a9-46v
8264,lh_a9_46v,lh_a9-46v
8265,lh_a9_46v,lh_a9-46v
8266,lh_a9_46v,lh_a9-46v
8267,lh_ri,lh_RI
8268,lh_ri,lh_RI
8269,lh_ri,lh_RI
8270,lh_op2_3,lh_OP2-3
8271,lh_op2_3,lh_OP2-3
8272,lh_op2_3,lh_OP2-3
8273,lh_op2_3,lh_OP2-3
8274,lh_op2_3,lh_OP2-3
8275,lh_op2_3,lh_OP2-3
8276,lh_ig,lh_Ig
8277,lh_ig,lh_Ig
8278,lh_op2_3,lh_OP2-3
8279,lh_op2_3,lh_OP2-3
8280,lh_op2_3,lh_OP2-3
8281,lh_fop2,lh_FOP2
8282,lh_op2_3,lh_OP2-3
8283,lh_op2_3,lh_OP2-3
8284,lh_op2_3,lh_OP2-3
8285,lh_ig,lh_Ig
8286,lh_ig,lh_Ig
8287,lh_fop2,lh_FOP2
8288,lh_fop2,lh_FOP2
8289,lh_fop3,lh_FOP3
8290,lh_fop4,lh_FOP4
8291,lh_fop4,lh_FOP4
8292,lh_fop3,lh_FOP3
8293,lh_fop4,lh_FOP4
8294,lh_fop4,lh_FOP4
8295,lh_fop4,lh_FOP4
8296,lh_pfop,lh_PFop
8297,lh_pfop,lh_PFop
8298,lh_pfop,lh_PFop
8299,lh_pfop,lh_PFop
8300,lh_pfop,lh_PFop
8301,lh_pfop,lh_PFop
8302,lh_pfop,lh_PFop
8303,lh_pfcm,lh_PFcm
8304,lh_pfcm,lh_PFcm
8305,lh_pfcm,lh_PFcm
8306,lh_pfcm,lh_PFcm
8307,lh_op4,lh_OP4
8308,lh_op4,lh_OP4
8309,lh_op1,lh_OP1
8310,lh_op1,lh_OP1
8311,lh_op1,lh_OP1
8312,lh_op1,lh_OP1
8313,lh_op1,lh_OP1
8314,lh_op1,lh_OP1
8315,lh_op1,lh_OP1
8316,lh_op1,lh_OP1
8317,lh_op1,lh_OP1
8318,lh_op1,lh_OP1
8319,lh_op1,lh_OP1
8320,lh_op1,lh_OP1
8321,lh_ri,lh_RI
8322,lh_ri,lh_RI
8323,lh_ri,lh_RI
8324,lh_pgs,lh_PGs
8325,lh_pgi,lh_PGi
8326,lh_pgi,lh_PGi
8327,lh_pgi,lh_PGi
8328,lh_pgi,lh_PGi
8329,lh_pgi,lh_PGi
8330,lh_pgi,lh_PGi
8331,lh_pgi,lh_PGi
8332,lh_pgi,lh_PGi
8333,lh_pgi,lh_PGi
8334,lh_pgi,lh_PGi
8335,lh_pfm,lh_PFm
8336,lh_pfm,lh_PFm
8337,lh_pgi,lh_PGi
8338,lh_pfm,lh_PFm
8339,lh_pgi,lh_PGi
8340,lh_pgi,lh_PGi
8341,lh_pgi,lh_PGi
8342,lh_pgi,lh_PGi
8343,lh_pgi,lh_PGi
8344,lh_pgi,lh_PGi
8345,lh_pgi,lh_PGi
8346,lh_pgi,lh_PGi
8347,lh_pfm,lh_PFm
8348,lh_pfm,lh_PFm
8349,lh_stv,lh_STV
8350,lh_stv,lh_STV
8351,lh_stv,lh_STV
8352,lh_stv,lh_STV
8353,lh_lipd,lh_LIPd
8354,lh_lipd,lh_LIPd
8355,lh_lipd,lh_LIPd
8356,lh_lipd,lh_LIPd
8357,lh_ip2,lh_IP2
8358,lh_ip2,lh_IP2
8359,lh_ip2,lh_IP2
8360,lh_ip2,lh_IP2
8361,lh_ip2,lh_IP2
8362,lh_pfm,lh_PFm
8363,lh_pfm,lh_PFm
8364,lh_ip2,lh_IP2
8365,lh_ip2,lh_IP2
8366,lh_pfm,lh_PFm
8367,lh_pfm,lh_PFm
8368,lh_pfm,lh_PFm
8369,lh_pfm,lh_PFm
8370,lh_pfm,lh_PFm
8371,lh_pfm,lh_PFm
8372,lh_pfm,lh_PFm
8373,lh_pfm,lh_PFm
8374,lh_pgs,lh_PGs
8375,lh_pgs,lh_PGs
8376,lh_pgs,lh_PGs
8377,lh_pgs,lh_PGs
8378,lh_pgs,lh_PGs
8379,lh_pgs,lh_PGs
8380,lh_pgs,lh_PGs
8381,lh_pos2,lh_POS2
8382,lh_pos2,lh_POS2
8383,lh_pos2,lh_POS2
8384,lh_pos2,lh_POS2
8385,lh_dvt,lh_DVT
8386,lh_pos2,lh_POS2
8387,lh_dvt,lh_DVT
8388,lh_dvt,lh_DVT
8389,lh_v6a,lh_V6A
8390,lh_v6a,lh_V6A
8391,lh_v6a,lh_V6A
8392,lh_pos2,lh_POS2
8393,lh_pos2,lh_POS2
8394,lh_dvt,lh_DVT
8395,lh_dvt,lh_DVT
8396,lh_dvt,lh_DVT
8397,lh_dvt,lh_DVT
8398,lh_v6a,lh_V6A
8399,lh_v6a,lh_V6A
8400,lh_v6a,lh_V6A
8401,lh_v6a,lh_V6A
8402,lh_v7,lh_V7
8403,lh_v7,lh_V7
8404,lh_v7,lh_V7
8405,lh_v7,lh_V7
8406,lh_v7,lh_V7
8407,lh_v7,lh_V7
8408,lh_v7,lh_V7
8409,lh_v3b,lh_V3B
8410,lh_5mv,lh_5mv
8411,lh_5mv,lh_5mv
8412,lh_5mv,lh_5mv
8413,lh_5mv,lh_5mv
8414,lh_pcv,lh_PCV
8415,lh_7am,lh_7Am
8416,lh_pcv,lh_PCV
8417,lh_pcv,lh_PCV
8418,lh_pcv,lh_PCV
8419,lh_pcv,lh_PCV
8420,lh_pcv,lh_PCV
8421,lh_7am,lh_7Am
8422,lh_7am,lh_7Am
8423,lh_pcv,lh_PCV
8424,lh_7pm,lh_7Pm
8425,lh_7pm,lh_7Pm
8426,lh_pcv,lh_PCV
8427,lh_pcv,lh_PCV
8428,lh_7pm,lh_7Pm
8429,lh_7pm,lh_7Pm
8430,lh_7m,lh_7m
8431,lh_7m,lh_7m
8432,lh_7m,lh_7m
8433,lh_7pm,lh_7Pm
8434,lh_pos2,lh_POS2
8435,lh_pos2,lh_POS2
8436,lh_pos2,lh_POS2
8437,lh_pos2,lh_POS2
8438,lh_?,lh_?
8439,lh_?,lh_?
8440,lh_?,lh_?
8441,lh_?,lh_?
8442,lh_?,lh_?
8443,lh_33pr,lh_33pr
8444,lh_33pr,lh_33pr
8445,lh_?,lh_?
8446,lh_?,lh_?
8447,lh_?,lh_?
8448,lh_rsc,lh_RSC
8449,lh_p24pr,lh_p24pr
8450,lh_p24pr,lh_p24pr
8451,lh_p24pr,lh_p24pr
8452,lh_p24pr,lh_p24pr
8453,lh_p24pr,lh_p24pr
8454,lh_23d,lh_23d
8455,lh_rsc,lh_RSC
8456,lh_rsc,lh_RSC
8457,lh_rsc,lh_RSC
8458,lh_rsc,lh_RSC
8459,lh_rsc,lh_RSC
8460,lh_rsc,lh_RSC
8461,lh_23d,lh_23d
8462,lh_23d,lh_23d
8463,lh_rsc,lh_RSC
8464,lh_rsc,lh_RSC
8465,lh_d23ab,lh_d23ab
8466,lh_d23ab,lh_d23ab
8467,lh_ofc,lh_OFC
8468,lh_ofc,lh_OFC
8469,lh_ofc,lh_OFC
8470,lh_ofc,lh_OFC
8471,lh_pofc,lh_pOFC
8472,lh_ofc,lh_OFC
8473,lh_pofc,lh_pOFC
8474,lh_pofc,lh_pOFC
8475,lh_?,lh_?
8476,lh_?,lh_?
8477,lh_?,lh_?
8478,lh_pofc,lh_pOFC
8479,lh_pofc,lh_pOFC
8480,lh_?,lh_?
8481,lh_?,lh_?
8482,lh_?,lh_?
8483,lh_?,lh_?
8484,lh_?,lh_?
8485,lh_?,lh_?
8486,lh_?,lh_?
8487,lh_?,lh_?
8488,lh_?,lh_?
8489,lh_?,lh_?
8490,lh_?,lh_?
8491,lh_?,lh_?
8492,lh_?,lh_?
8493,lh_?,lh_?
8494,lh_?,lh_?
8495,lh_?,lh_?
8496,lh_pi,lh_PI
8497,lh_ta2,lh_TA2
8498,lh_pi,lh_PI
8499,lh_pi,lh_PI
8500,lh_pi,lh_PI
8501,lh_pi,lh_PI
8502,lh_pi,lh_PI
8503,lh_pi,lh_PI
8504,lh_pi,lh_PI
8505,lh_pi,lh_PI
8506,lh_pi,lh_PI
8507,lh_poi2,lh_PoI2
8508,lh_poi1,lh_PoI1
8509,lh_poi1,lh_PoI1
8510,lh_poi1,lh_PoI1
8511,lh_poi1,lh_PoI1
8512,lh_poi1,lh_PoI1
8513,lh_pi,lh_PI
8514,lh_pi,lh_PI
8515,lh_tgd,lh_TGd
8516,lh_tgd,lh_TGd
8517,lh_tgd,lh_TGd
8518,lh_tgd,lh_TGd
8519,lh_tgd,lh_TGd
8520,lh_tgd,lh_TGd
8521,lh_tgd,lh_TGd
8522,lh_tgd,lh_TGd
8523,lh_tgd,lh_TGd
8524,lh_tgd,lh_TGd
8525,lh_pht,lh_PHT
8526,lh_pht,lh_PHT
8527,lh_pht,lh_PHT
8528,lh_te1p,lh_TE1p
8529,lh_te1p,lh_TE1p
8530,lh_te1p,lh_TE1p
8531,lh_te1p,lh_TE1p
8532,lh_te1p,lh_TE1p
8533,lh_te1p,lh_TE1p
8534,lh_te1p,lh_TE1p
8535,lh_te1p,lh_TE1p
8536,lh_stsvp,lh_STSvp
8537,lh_stsvp,lh_STSvp
8538,lh_te1p,lh_TE1p
8539,lh_stsvp,lh_STSvp
8540,lh_stsvp,lh_STSvp
8541,lh_te1p,lh_TE1p
8542,lh_te1p,lh_TE1p
8543,lh_te1p,lh_TE1p
8544,lh_te1p,lh_TE1p
8545,lh_te1m,lh_TE1m
8546,lh_te1m,lh_TE1m
8547,lh_te1m,lh_TE1m
8548,lh_te1m,lh_TE1m
8549,lh_te1m,lh_TE1m
8550,lh_te1m,lh_TE1m
8551,lh_te1m,lh_TE1m
8552,lh_te2a,lh_TE2a
8553,lh_te2a,lh_TE2a
8554,lh_v1,lh_V1
8555,lh_v1,lh_V1
8556,lh_v1,lh_V1
8557,lh_v1,lh_V1
8558,lh_v1,lh_V1
8559,lh_v1,lh_V1
8560,lh_v1,lh_V1
8561,lh_v1,lh_V1
8562,lh_v2,lh_V2
8563,lh_v2,lh_V2
8564,lh_v2,lh_V2
8565,lh_v1,lh_V1
8566,lh_v1,lh_V1
8567,lh_v1,lh_V1
8568,lh_v2,lh_V2
8569,lh_v2,lh_V2
8570,lh_v2,lh_V2
8571,lh_v2,lh_V2
8572,lh_v2,lh_V2
8573,lh_v3,lh_V3
8574,lh_v3,lh_V3
8575,lh_v4,lh_V4
8576,lh_v4,lh_V4
8577,lh_v4,lh_V4
8578,lh_v4,lh_V4
8579,lh_v8,lh_V8
8580,lh_v8,lh_V8
8581,lh_v8,lh_V8
8582,lh_ffc,lh_FFC
8583,lh_?,lh_?
8584,lh_?,lh_?
8585,lh_?,lh_?
8586,lh_?,lh_?
8587,lh_?,lh_?
8588,lh_?,lh_?
8589,lh_?,lh_?
8590,lh_?,lh_?
8591,lh_?,lh_?
8592,lh_pres,lh_PreS
8593,lh_pres,lh_PreS
8594,lh_rsc,lh_RSC
8595,lh_rsc,lh_RSC
8596,lh_rsc,lh_RSC
8597,lh_pros,lh_ProS
8598,lh_pros,lh_ProS
8599,lh_pres,lh_PreS
8600,lh_pres,lh_PreS
8601,lh_pres,lh_PreS
8602,lh_pres,lh_PreS
8603,lh_pros,lh_ProS
8604,lh_v2,lh_V2
8605,lh_v2,lh_V2
8606,lh_v2,lh_V2
8607,lh_v2,lh_V2
8608,lh_v2,lh_V2
8609,lh_vmv1,lh_VMV1
8610,lh_vmv1,lh_VMV1
8611,lh_vmv1,lh_VMV1
8612,lh_43,lh_43
8613,lh_43,lh_43
8614,lh_43,lh_43
8615,lh_6r,lh_6r
8616,lh_6r,lh_6r
8617,lh_6r,lh_6r
8618,lh_6r,lh_6r
8619,lh_6r,lh_6r
8620,lh_6r,lh_6r
8621,lh_6r,lh_6r
8622,lh_6r,lh_6r
8623,lh_6v,lh_6v
8624,lh_6r,lh_6r
8625,lh_6r,lh_6r
8626,lh_6r,lh_6r
8627,lh_6r,lh_6r
8628,lh_6r,lh_6r
8629,lh_6r,lh_6r
8630,lh_6r,lh_6r
8631,lh_ifjp,lh_IFJp
8632,lh_ifja,lh_IFJa
8633,lh_ifja,lh_IFJa
8634,lh_ifja,lh_IFJa
8635,lh_ifja,lh_IFJa
8636,lh_ifja,lh_IFJa
8637,lh_ifja,lh_IFJa
8638,lh_ifja,lh_IFJa
8639,lh_ifsp,lh_IFSp
8640,lh_ifsp,lh_IFSp
8641,lh_6v,lh_6v
8642,lh_pef,lh_PEF
8643,lh_pef,lh_PEF
8644,lh_pef,lh_PEF
8645,lh_pef,lh_PEF
8646,lh_pef,lh_PEF
8647,lh_pef,lh_PEF
8648,lh_ifjp,lh_IFJp
8649,lh_ifjp,lh_IFJp
8650,lh_55b,lh_55b
8651,lh_55b,lh_55b
8652,lh_8c,lh_8C
8653,lh_8c,lh_8C
8654,lh_8c,lh_8C
8655,lh_8c,lh_8C
8656,lh_8c,lh_8C
8657,lh_8c,lh_8C
8658,lh_ifjp,lh_IFJp
8659,lh_8c,lh_8C
8660,lh_8c,lh_8C
8661,lh_8c,lh_8C
8662,lh_8c,lh_8C
8663,lh_8c,lh_8C
8664,lh_8c,lh_8C
8665,lh_8c,lh_8C
8666,lh_8c,lh_8C
8667,lh_p9_46v,lh_p9-46v
8668,lh_p9_46v,lh_p9-46v
8669,lh_p9_46v,lh_p9-46v
8670,lh_p9_46v,lh_p9-46v
8671,lh_p9_46v,lh_p9-46v
8672,lh_p9_46v,lh_p9-46v
8673,lh_p9_46v,lh_p9-46v
8674,lh_p9_46v,lh_p9-46v
8675,lh_p9_46v,lh_p9-46v
8676,lh_46,lh_46
8677,lh_8c,lh_8C
8678,lh_8c,lh_8C
8679,lh_8c,lh_8C
8680,lh_46,lh_46
8681,lh_46,lh_46
8682,lh_p9_46v,lh_p9-46v
8683,lh_46,lh_46
8684,lh_46,lh_46
8685,lh_46,lh_46
8686,lh_46,lh_46
8687,lh_46,lh_46
8688,lh_9_46d,lh_9-46d
8689,lh_46,lh_46
8690,lh_9_46d,lh_9-46d
8691,lh_9_46d,lh_9-46d
8692,lh_9_46d,lh_9-46d
8693,lh_9_46d,lh_9-46d
8694,lh_9_46d,lh_9-46d
8695,lh_ip2,lh_IP2
8696,lh_pf,lh_PF
8697,lh_pf,lh_PF
8698,lh_pf,lh_PF
8699,lh_pf,lh_PF
8700,lh_pf,lh_PF
8701,lh_pf,lh_PF
8702,lh_pf,lh_PF
8703,lh_pf,lh_PF
8704,lh_pf,lh_PF
8705,lh_pf,lh_PF
8706,lh_pft,lh_PFt
8707,lh_pft,lh_PFt
8708,lh_pft,lh_PFt
8709,lh_pft,lh_PFt
8710,lh_pft,lh_PFt
8711,lh_pft,lh_PFt
8712,lh_pft,lh_PFt
8713,lh_pft,lh_PFt
8714,lh_pf,lh_PF
8715,lh_pf,lh_PF
8716,lh_pft,lh_PFt
8717,lh_pft,lh_PFt
8718,lh_pft,lh_PFt
8719,lh_pft,lh_PFt
8720,lh_pft,lh_PFt
8721,lh_pfop,lh_PFop
8722,lh_pfop,lh_PFop
8723,lh_pfop,lh_PFop
8724,lh_1,lh_1
8725,lh_1,lh_1
8726,lh_1,lh_1
8727,lh_1,lh_1
8728,lh_1,lh_1
8729,lh_1,lh_1
8730,lh_1,lh_1
8731,lh_2,lh_2
8732,lh_2,lh_2
8733,lh_3b,lh_3b
8734,lh_3b,lh_3b
8735,lh_3b,lh_3b
8736,lh_3b,lh_3b
8737,lh_3b,lh_3b
8738,lh_1,lh_1
8739,lh_1,lh_1
8740,lh_2,lh_2
8741,lh_2,lh_2
8742,lh_2,lh_2
8743,lh_pft,lh_PFt
8744,lh_pft,lh_PFt
8745,lh_2,lh_2
8746,lh_pft,lh_PFt
8747,lh_pft,lh_PFt
8748,lh_pft,lh_PFt
8749,lh_pfop,lh_PFop
8750,lh_pfop,lh_PFop
8751,lh_pfop,lh_PFop
8752,lh_pfop,lh_PFop
8753,lh_pfop,lh_PFop
8754,lh_pfop,lh_PFop
8755,lh_pfop,lh_PFop
8756,lh_pfop,lh_PFop
8757,lh_pfop,lh_PFop
8758,lh_op4,lh_OP4
8759,lh_op4,lh_OP4
8760,lh_3b,lh_3b
8761,lh_3b,lh_3b
8762,lh_3b,lh_3b
8763,lh_3a,lh_3a
8764,lh_3b,lh_3b
8765,lh_1,lh_1
8766,lh_1,lh_1
8767,lh_1,lh_1
8768,lh_op4,lh_OP4
8769,lh_1,lh_1
8770,lh_1,lh_1
8771,lh_1,lh_1
8772,lh_3a,lh_3a
8773,lh_3a,lh_3a
8774,lh_3a,lh_3a
8775,lh_op4,lh_OP4
8776,lh_43,lh_43
8777,lh_vip,lh_VIP
8778,lh_vip,lh_VIP
8779,lh_vip,lh_VIP
8780,lh_vip,lh_VIP
8781,lh_vip,lh_VIP
8782,lh_vip,lh_VIP
8783,lh_vip,lh_VIP
8784,lh_vip,lh_VIP
8785,lh_vip,lh_VIP
8786,lh_lipv,lh_LIPv
8787,lh_lipv,lh_LIPv
8788,lh_7al,lh_7AL
8789,lh_7al,lh_7AL
8790,lh_7pc,lh_7PC
8791,lh_7pc,lh_7PC
8792,lh_7pc,lh_7PC
8793,lh_7pc,lh_7PC
8794,lh_lipv,lh_LIPv
8795,lh_lipv,lh_LIPv
8796,lh_lipv,lh_LIPv
8797,lh_lipv,lh_LIPv
8798,lh_lipv,lh_LIPv
8799,lh_lipv,lh_LIPv
8800,lh_lipv,lh_LIPv
8801,lh_lipv,lh_LIPv
8802,lh_lipv,lh_LIPv
8803,lh_lipv,lh_LIPv
8804,lh_lipv,lh_LIPv
8805,lh_lipd,lh_LIPd
8806,lh_1,lh_1
8807,lh_2,lh_2
8808,lh_2,lh_2
8809,lh_2,lh_2
8810,lh_2,lh_2
8811,lh_2,lh_2
8812,lh_2,lh_2
8813,lh_2,lh_2
8814,lh_2,lh_2
8815,lh_2,lh_2
8816,lh_2,lh_2
8817,lh_2,lh_2
8818,lh_2,lh_2
8819,lh_2,lh_2
8820,lh_2,lh_2
8821,lh_2,lh_2
8822,lh_7pc,lh_7PC
8823,lh_7pc,lh_7PC
8824,lh_7pc,lh_7PC
8825,lh_7pc,lh_7PC
8826,lh_7pc,lh_7PC
8827,lh_7pc,lh_7PC
8828,lh_7pc,lh_7PC
8829,lh_aip,lh_AIP
8830,lh_aip,lh_AIP
8831,lh_aip,lh_AIP
8832,lh_lipd,lh_LIPd
8833,lh_lipd,lh_LIPd
8834,lh_lipd,lh_LIPd
8835,lh_aip,lh_AIP
8836,lh_aip,lh_AIP
8837,lh_aip,lh_AIP
8838,lh_aip,lh_AIP
8839,lh_aip,lh_AIP
8840,lh_ip2,lh_IP2
8841,lh_ip2,lh_IP2
8842,lh_aip,lh_AIP
8843,lh_aip,lh_AIP
8844,lh_aip,lh_AIP
8845,lh_aip,lh_AIP
8846,lh_aip,lh_AIP
8847,lh_aip,lh_AIP
8848,lh_aip,lh_AIP
8849,lh_ip2,lh_IP2
8850,lh_ip2,lh_IP2
8851,lh_ip2,lh_IP2
8852,lh_ip2,lh_IP2
8853,lh_ip2,lh_IP2
8854,lh_ip2,lh_IP2
8855,lh_ip2,lh_IP2
8856,lh_ip2,lh_IP2
8857,lh_ip2,lh_IP2
8858,lh_ip2,lh_IP2
8859,lh_24dv,lh_24dv
8860,lh_24dv,lh_24dv
8861,lh_24dd,lh_24dd
8862,lh_24dd,lh_24dd
8863,lh_24dd,lh_24dd
8864,lh_24dd,lh_24dd
8865,lh_24dd,lh_24dd
8866,lh_24dd,lh_24dd
8867,lh_24dd,lh_24dd
8868,lh_24dd,lh_24dd
8869,lh_24dd,lh_24dd
8870,lh_6mp,lh_6mp
8871,lh_24dd,lh_24dd
8872,lh_24dd,lh_24dd
8873,lh_4,lh_4
8874,lh_4,lh_4
8875,lh_24dd,lh_24dd
8876,lh_24dd,lh_24dd
8877,lh_24dd,lh_24dd
8878,lh_24dd,lh_24dd
8879,lh_24dd,lh_24dd
8880,lh_5mv,lh_5mv
8881,lh_5mv,lh_5mv
8882,lh_24dd,lh_24dd
8883,lh_5m,lh_5m
8884,lh_5mv,lh_5mv
8885,lh_5mv,lh_5mv
8886,lh_5mv,lh_5mv
8887,lh_5mv,lh_5mv
8888,lh_6mp,lh_6mp
8889,lh_6mp,lh_6mp
8890,lh_6mp,lh_6mp
8891,lh_6mp,lh_6mp
8892,lh_4,lh_4
8893,lh_4,lh_4
8894,lh_4,lh_4
8895,lh_4,lh_4
8896,lh_4,lh_4
8897,lh_4,lh_4
8898,lh_4,lh_4
8899,lh_4,lh_4
8900,lh_3a,lh_3a
8901,lh_3a,lh_3a
8902,lh_4,lh_4
8903,lh_4,lh_4
8904,lh_4,lh_4
8905,lh_4,lh_4
8906,lh_4,lh_4
8907,lh_5m,lh_5m
8908,lh_5m,lh_5m
8909,lh_5m,lh_5m
8910,lh_5m,lh_5m
8911,lh_5m,lh_5m
8912,lh_5l,lh_5L
8913,lh_5l,lh_5L
8914,lh_5l,lh_5L
8915,lh_5mv,lh_5mv
8916,lh_5mv,lh_5mv
8917,lh_7am,lh_7Am
8918,lh_5l,lh_5L
8919,lh_7am,lh_7Am
8920,lh_7am,lh_7Am
8921,lh_7am,lh_7Am
8922,lh_7am,lh_7Am
8923,lh_7am,lh_7Am
8924,lh_5l,lh_5L
8925,lh_5l,lh_5L
8926,lh_5l,lh_5L
8927,lh_7al,lh_7AL
8928,lh_7al,lh_7AL
8929,lh_7al,lh_7AL
8930,lh_7al,lh_7AL
8931,lh_7am,lh_7Am
8932,lh_7am,lh_7Am
8933,lh_7am,lh_7Am
8934,lh_7am,lh_7Am
8935,lh_7am,lh_7Am
8936,lh_7al,lh_7AL
8937,lh_7al,lh_7AL
8938,lh_7am,lh_7Am
8939,lh_7am,lh_7Am
8940,lh_7am,lh_7Am
8941,lh_9a,lh_9a
8942,lh_9p,lh_9p
8943,lh_9p,lh_9p
8944,lh_9p,lh_9p
8945,lh_9p,lh_9p
8946,lh_9p,lh_9p
8947,lh_9p,lh_9p
8948,lh_9p,lh_9p
8949,lh_9p,lh_9p
8950,lh_8ad,lh_8Ad
8951,lh_8ad,lh_8Ad
8952,lh_8ad,lh_8Ad
8953,lh_8ad,lh_8Ad
8954,lh_8ad,lh_8Ad
8955,lh_9p,lh_9p
8956,lh_9p,lh_9p
8957,lh_9p,lh_9p
8958,lh_9p,lh_9p
8959,lh_9p,lh_9p
8960,lh_8ad,lh_8Ad
8961,lh_8bl,lh_8BL
8962,lh_8bl,lh_8BL
8963,lh_8bl,lh_8BL
8964,lh_8bl,lh_8BL
8965,lh_8bl,lh_8BL
8966,lh_8bl,lh_8BL
8967,lh_8bl,lh_8BL
8968,lh_i6_8,lh_i6-8
8969,lh_i6_8,lh_i6-8
8970,lh_i6_8,lh_i6-8
8971,lh_6a,lh_6a
8972,lh_i6_8,lh_i6-8
8973,lh_i6_8,lh_i6-8
8974,lh_s6_8,lh_s6-8
8975,lh_s6_8,lh_s6-8
8976,lh_s6_8,lh_s6-8
8977,lh_6ma,lh_6ma
8978,lh_6ma,lh_6ma
8979,lh_6ma,lh_6ma
8980,lh_6ma,lh_6ma
8981,lh_6ma,lh_6ma
8982,lh_6ma,lh_6ma
8983,lh_s6_8,lh_s6-8
8984,lh_s6_8,lh_s6-8
8985,lh_s6_8,lh_s6-8
8986,lh_s6_8,lh_s6-8
8987,lh_8bl,lh_8BL
8988,lh_8bl,lh_8BL
8989,lh_sfl,lh_SFL
8990,lh_8bl,lh_8BL
8991,lh_8bl,lh_8BL
8992,lh_8bl,lh_8BL
8993,lh_8bl,lh_8BL
8994,lh_8bl,lh_8BL
8995,lh_8bm,lh_8BM
8996,lh_8bm,lh_8BM
8997,lh_8bm,lh_8BM
8998,lh_sfl,lh_SFL
8999,lh_sfl,lh_SFL
9000,lh_8bm,lh_8BM
9001,lh_8bm,lh_8BM
9002,lh_scef,lh_SCEF
9003,lh_scef,lh_SCEF
9004,lh_sfl,lh_SFL
9005,lh_sfl,lh_SFL
9006,lh_sfl,lh_SFL
9007,lh_sfl,lh_SFL
9008,lh_sfl,lh_SFL
9009,lh_sfl,lh_SFL
9010,lh_scef,lh_SCEF
9011,lh_scef,lh_SCEF
9012,lh_scef,lh_SCEF
9013,lh_scef,lh_SCEF
9014,lh_scef,lh_SCEF
9015,lh_scef,lh_SCEF
9016,lh_scef,lh_SCEF
9017,lh_scef,lh_SCEF
9018,lh_24dd,lh_24dd
9019,lh_24dd,lh_24dd
9020,lh_24dv,lh_24dv
9021,lh_24dv,lh_24dv
9022,lh_?,lh_?
9023,lh_?,lh_?
9024,lh_?,lh_?
9025,lh_?,lh_?
9026,lh_?,lh_?
9027,lh_?,lh_?
9028,lh_?,lh_?
9029,lh_?,lh_?
9030,lh_?,lh_?
9031,lh_?,lh_?
9032,lh_?,lh_?
9033,lh_a24,lh_a24
9034,lh_?,lh_?
9035,lh_?,lh_?
9036,lh_?,lh_?
9037,lh_?,lh_?
9038,lh_?,lh_?
9039,lh_?,lh_?
9040,lh_?,lh_?
9041,lh_?,lh_?
9042,lh_?,lh_?
9043,lh_?,lh_?
9044,lh_?,lh_?
9045,lh_?,lh_?
9046,lh_?,lh_?
9047,lh_?,lh_?
9048,lh_?,lh_?
9049,lh_?,lh_?
9050,lh_?,lh_?
9051,lh_9m,lh_9m
9052,lh_9m,lh_9m
9053,lh_9m,lh_9m
9054,lh_9m,lh_9m
9055,lh_9m,lh_9m
9056,lh_9m,lh_9m
9057,lh_d32,lh_d32
9058,lh_d32,lh_d32
9059,lh_d32,lh_d32
9060,lh_d32,lh_d32
9061,lh_d32,lh_d32
9062,lh_d32,lh_d32
9063,lh_d32,lh_d32
9064,lh_d32,lh_d32
9065,lh_d32,lh_d32
9066,lh_d32,lh_d32
9067,lh_a32pr,lh_a32pr
9068,lh_p24,lh_p24
9069,lh_p24,lh_p24
9070,lh_p24,lh_p24
9071,lh_p24,lh_p24
9072,lh_a32pr,lh_a32pr
9073,lh_p24,lh_p24
9074,lh_a24pr,lh_a24pr
9075,lh_33pr,lh_33pr
9076,lh_33pr,lh_33pr
9077,lh_?,lh_?
9078,lh_33pr,lh_33pr
9079,lh_a24pr,lh_a24pr
9080,lh_a24pr,lh_a24pr
9081,lh_p32pr,lh_p32pr
9082,lh_a24pr,lh_a24pr
9083,lh_a24pr,lh_a24pr
9084,lh_a24pr,lh_a24pr
9085,lh_a24pr,lh_a24pr
9086,lh_a24pr,lh_a24pr
9087,lh_p32pr,lh_p32pr
9088,lh_p32pr,lh_p32pr
9089,lh_p32pr,lh_p32pr
9090,lh_p32pr,lh_p32pr
9091,lh_p32pr,lh_p32pr
9092,lh_p32pr,lh_p32pr
9093,lh_p32pr,lh_p32pr
9094,lh_p32pr,lh_p32pr
9095,lh_a24pr,lh_a24pr
9096,lh_24dv,lh_24dv
9097,lh_24dv,lh_24dv
9098,lh_24dv,lh_24dv
9099,lh_24dv,lh_24dv
9100,lh_24dv,lh_24dv
9101,lh_24dv,lh_24dv
9102,lh_24dv,lh_24dv
9103,lh_24dv,lh_24dv
9104,lh_avi,lh_AVI
9105,lh_avi,lh_AVI
9106,lh_avi,lh_AVI
9107,lh_avi,lh_AVI
9108,lh_47s,lh_47s
9109,lh_47l,lh_47l
9110,lh_47s,lh_47s
9111,lh_47s,lh_47s
9112,lh_47s,lh_47s
9113,lh_47s,lh_47s
9114,lh_47s,lh_47s
9115,lh_a47r,lh_a47r
9116,lh_a47r,lh_a47r
9117,lh_47m,lh_47m
9118,lh_11l,lh_11l
9119,lh_47m,lh_47m
9120,lh_47m,lh_47m
9121,lh_47m,lh_47m
9122,lh_47s,lh_47s
9123,lh_13l,lh_13l
9124,lh_13l,lh_13l
9125,lh_13l,lh_13l
9126,lh_13l,lh_13l
9127,lh_13l,lh_13l
9128,lh_13l,lh_13l
9129,lh_13l,lh_13l
9130,lh_13l,lh_13l
9131,lh_13l,lh_13l
9132,lh_ofc,lh_OFC
9133,lh_a47r,lh_a47r
9134,lh_a47r,lh_a47r
9135,lh_a47r,lh_a47r
9136,lh_a10p,lh_a10p
9137,lh_a47r,lh_a47r
9138,lh_a47r,lh_a47r
9139,lh_11l,lh_11l
9140,lh_11l,lh_11l
9141,lh_11l,lh_11l
9142,lh_10pp,lh_10pp
9143,lh_10pp,lh_10pp
9144,lh_10pp,lh_10pp
9145,lh_10pp,lh_10pp
9146,lh_10pp,lh_10pp
9147,lh_11l,lh_11l
9148,lh_11l,lh_11l
9149,lh_11l,lh_11l
9150,lh_11l,lh_11l
9151,lh_11l,lh_11l
9152,lh_11l,lh_11l
9153,lh_11l,lh_11l
9154,lh_ofc,lh_OFC
9155,lh_ofc,lh_OFC
9156,lh_ofc,lh_OFC
9157,lh_ofc,lh_OFC
9158,lh_ofc,lh_OFC
9159,lh_ofc,lh_OFC
9160,lh_ofc,lh_OFC
9161,lh_ofc,lh_OFC
9162,lh_ofc,lh_OFC
9163,lh_ofc,lh_OFC
9164,lh_ofc,lh_OFC
9165,lh_ofc,lh_OFC
9166,lh_ofc,lh_OFC
9167,lh_ofc,lh_OFC
9168,lh_10v,lh_10v
9169,lh_10v,lh_10v
9170,lh_10v,lh_10v
9171,lh_10v,lh_10v
9172,lh_s32,lh_s32
9173,lh_s32,lh_s32
9174,lh_10v,lh_10v
9175,lh_10v,lh_10v
9176,lh_10v,lh_10v
9177,lh_25,lh_25
9178,lh_25,lh_25
9179,lh_25,lh_25
9180,lh_25,lh_25
9181,lh_25,lh_25
9182,lh_25,lh_25
9183,lh_?,lh_?
9184,lh_?,lh_?
9185,lh_?,lh_?
9186,lh_43,lh_43
9187,lh_6r,lh_6r
9188,lh_6r,lh_6r
9189,lh_6r,lh_6r
9190,lh_6r,lh_6r
9191,lh_6r,lh_6r
9192,lh_6r,lh_6r
9193,lh_6r,lh_6r
9194,lh_fop4,lh_FOP4
9195,lh_44,lh_44
9196,lh_44,lh_44
9197,lh_44,lh_44
9198,lh_44,lh_44
9199,lh_44,lh_44
9200,lh_6r,lh_6r
9201,lh_6r,lh_6r
9202,lh_6r,lh_6r
9203,lh_fop4,lh_FOP4
9204,lh_fop4,lh_FOP4
9205,lh_fop4,lh_FOP4
9206,lh_fop4,lh_FOP4
9207,lh_44,lh_44
9208,lh_44,lh_44
9209,lh_fop4,lh_FOP4
9210,lh_fop4,lh_FOP4
9211,lh_fop4,lh_FOP4
9212,lh_fop5,lh_FOP5
9213,lh_p9_46v,lh_p9-46v
9214,lh_ifsp,lh_IFSp
9215,lh_ifsp,lh_IFSp
9216,lh_ifsa,lh_IFSa
9217,lh_ifsa,lh_IFSa
9218,lh_ifsp,lh_IFSp
9219,lh_ifsp,lh_IFSp
9220,lh_ifsp,lh_IFSp
9221,lh_ifsp,lh_IFSp
9222,lh_ifsa,lh_IFSa
9223,lh_ifsa,lh_IFSa
9224,lh_ifsa,lh_IFSa
9225,lh_ifsa,lh_IFSa
9226,lh_ifsa,lh_IFSa
9227,lh_ifsa,lh_IFSa
9228,lh_ifsa,lh_IFSa
9229,lh_ifsp,lh_IFSp
9230,lh_45,lh_45
9231,lh_45,lh_45
9232,lh_45,lh_45
9233,lh_45,lh_45
9234,lh_45,lh_45
9235,lh_45,lh_45
9236,lh_44,lh_44
9237,lh_45,lh_45
9238,lh_fop5,lh_FOP5
9239,lh_fop5,lh_FOP5
9240,lh_fop5,lh_FOP5
9241,lh_fop5,lh_FOP5
9242,lh_fop5,lh_FOP5
9243,lh_fop5,lh_FOP5
9244,lh_fop5,lh_FOP5
9245,lh_fop5,lh_FOP5
9246,lh_fop5,lh_FOP5
9247,lh_fop5,lh_FOP5
9248,lh_fop5,lh_FOP5
9249,lh_45,lh_45
9250,lh_45,lh_45
9251,lh_45,lh_45
9252,lh_45,lh_45
9253,lh_45,lh_45
9254,lh_fop5,lh_FOP5
9255,lh_fop5,lh_FOP5
9256,lh_fop5,lh_FOP5
9257,lh_fop5,lh_FOP5
9258,lh_fop5,lh_FOP5
9259,lh_avi,lh_AVI
9260,lh_avi,lh_AVI
9261,lh_fop5,lh_FOP5
9262,lh_fop5,lh_FOP5
9263,lh_avi,lh_AVI
9264,lh_avi,lh_AVI
9265,lh_avi,lh_AVI
9266,lh_avi,lh_AVI
9267,lh_stsdp,lh_STSdp
9268,lh_stsdp,lh_STSdp
9269,lh_a5,lh_A5
9270,lh_a5,lh_A5
9271,lh_a5,lh_A5
9272,lh_a4,lh_A4
9273,lh_a5,lh_A5
9274,lh_a5,lh_A5
9275,lh_a5,lh_A5
9276,lh_a4,lh_A4
9277,lh_a4,lh_A4
9278,lh_lbelt,lh_LBelt
9279,lh_pbelt,lh_PBelt
9280,lh_pbelt,lh_PBelt
9281,lh_lbelt,lh_LBelt
9282,lh_pbelt,lh_PBelt
9283,lh_pbelt,lh_PBelt
9284,lh_a4,lh_A4
9285,lh_a4,lh_A4
9286,lh_a4,lh_A4
9287,lh_a4,lh_A4
9288,lh_pbelt,lh_PBelt
9289,lh_pbelt,lh_PBelt
9290,lh_mbelt,lh_MBelt
9291,lh_mbelt,lh_MBelt
9292,lh_mbelt,lh_MBelt
9293,lh_mbelt,lh_MBelt
9294,lh_mbelt,lh_MBelt
9295,lh_pi,lh_PI
9296,lh_ri,lh_RI
9297,lh_mbelt,lh_MBelt
9298,lh_52,lh_52
9299,lh_ig,lh_Ig
9300,lh_52,lh_52
9301,lh_mbelt,lh_MBelt
9302,lh_mbelt,lh_MBelt
9303,lh_52,lh_52
9304,lh_52,lh_52
9305,lh_ig,lh_Ig
9306,lh_ig,lh_Ig
9307,lh_ig,lh_Ig
9308,lh_poi2,lh_PoI2
9309,lh_ig,lh_Ig
9310,lh_poi1,lh_PoI1
9311,lh_poi1,lh_PoI1
9312,lh_52,lh_52
9313,lh_52,lh_52
9314,lh_52,lh_52
9315,lh_52,lh_52
9316,lh_52,lh_52
9317,lh_poi1,lh_PoI1
9318,lh_52,lh_52
9319,lh_52,lh_52
9320,lh_52,lh_52
9321,lh_52,lh_52
9322,lh_pi,lh_PI
9323,lh_pi,lh_PI
9324,lh_pi,lh_PI
9325,lh_poi1,lh_PoI1
9326,lh_poi1,lh_PoI1
9327,lh_poi1,lh_PoI1
9328,lh_poi1,lh_PoI1
9329,lh_poi2,lh_PoI2
9330,lh_poi2,lh_PoI2
9331,lh_poi2,lh_PoI2
9332,lh_mi,lh_MI
9333,lh_mi,lh_MI
9334,lh_poi2,lh_PoI2
9335,lh_mi,lh_MI
9336,lh_mi,lh_MI
9337,lh_poi2,lh_PoI2
9338,lh_poi2,lh_PoI2
9339,lh_poi2,lh_PoI2
9340,lh_poi2,lh_PoI2
9341,lh_mi,lh_MI
9342,lh_mi,lh_MI
9343,lh_mi,lh_MI
9344,lh_mi,lh_MI
9345,lh_mi,lh_MI
9346,lh_mi,lh_MI
9347,lh_avi,lh_AVI
9348,lh_avi,lh_AVI
9349,lh_pfm,lh_PFm
9350,lh_pf,lh_PF
9351,lh_pfm,lh_PFm
9352,lh_pf,lh_PF
9353,lh_pf,lh_PF
9354,lh_pfm,lh_PFm
9355,lh_pfm,lh_PFm
9356,lh_pfm,lh_PFm
9357,lh_pfm,lh_PFm
9358,lh_pf,lh_PF
9359,lh_pf,lh_PF
9360,lh_pf,lh_PF
9361,lh_pf,lh_PF
9362,lh_pf,lh_PF
9363,lh_pf,lh_PF
9364,lh_pf,lh_PF
9365,lh_pf,lh_PF
9366,lh_psl,lh_PSL
9367,lh_psl,lh_PSL
9368,lh_psl,lh_PSL
9369,lh_psl,lh_PSL
9370,lh_psl,lh_PSL
9371,lh_psl,lh_PSL
9372,lh_psl,lh_PSL
9373,lh_psl,lh_PSL
9374,lh_psl,lh_PSL
9375,lh_stv,lh_STV
9376,lh_pfop,lh_PFop
9377,lh_pfop,lh_PFop
9378,lh_pf,lh_PF
9379,lh_pf,lh_PF
9380,lh_pf,lh_PF
9381,lh_pf,lh_PF
9382,lh_pf,lh_PF
9383,lh_pf,lh_PF
9384,lh_pf,lh_PF
9385,lh_pfcm,lh_PFcm
9386,lh_pfcm,lh_PFcm
9387,lh_pfcm,lh_PFcm
9388,lh_pfcm,lh_PFcm
9389,lh_pfcm,lh_PFcm
9390,lh_pfcm,lh_PFcm
9391,lh_pf,lh_PF
9392,lh_pf,lh_PF
9393,lh_pf,lh_PF
9394,lh_pf,lh_PF
9395,lh_pf,lh_PF
9396,lh_psl,lh_PSL
9397,lh_psl,lh_PSL
9398,lh_psl,lh_PSL
9399,lh_psl,lh_PSL
9400,lh_psl,lh_PSL
9401,lh_psl,lh_PSL
9402,lh_stv,lh_STV
9403,lh_stv,lh_STV
9404,lh_stv,lh_STV
9405,lh_stv,lh_STV
9406,lh_stv,lh_STV
9407,lh_stv,lh_STV
9408,lh_stv,lh_STV
9409,lh_a4,lh_A4
9410,lh_a4,lh_A4
9411,lh_a4,lh_A4
9412,lh_pbelt,lh_PBelt
9413,lh_pbelt,lh_PBelt
9414,lh_a4,lh_A4
9415,lh_pbelt,lh_PBelt
9416,lh_a4,lh_A4
9417,lh_a4,lh_A4
9418,lh_a4,lh_A4
9419,lh_a4,lh_A4
9420,lh_a5,lh_A5
9421,lh_a5,lh_A5
9422,lh_a5,lh_A5
9423,lh_a5,lh_A5
9424,lh_a4,lh_A4
9425,lh_a5,lh_A5
9426,lh_a5,lh_A5
9427,lh_a5,lh_A5
9428,lh_stsdp,lh_STSdp
9429,lh_stsdp,lh_STSdp
9430,lh_lo1,lh_LO1
9431,lh_lo1,lh_LO1
9432,lh_lo1,lh_LO1
9433,lh_lo1,lh_LO1
9434,lh_lo1,lh_LO1
9435,lh_lo3,lh_LO3
9436,lh_lo3,lh_LO3
9437,lh_v4t,lh_V4t
9438,lh_v4t,lh_V4t
9439,lh_mt,lh_MT
9440,lh_mst,lh_MST
9441,lh_tpoj3,lh_TPOJ3
9442,lh_mt,lh_MT
9443,lh_mt,lh_MT
9444,lh_mt,lh_MT
9445,lh_mt,lh_MT
9446,lh_mt,lh_MT
9447,lh_mt,lh_MT
9448,lh_mst,lh_MST
9449,lh_mst,lh_MST
9450,lh_mst,lh_MST
9451,lh_fst,lh_FST
9452,lh_fst,lh_FST
9453,lh_fst,lh_FST
9454,lh_fst,lh_FST
9455,lh_fst,lh_FST
9456,lh_pht,lh_PHT
9457,lh_pht,lh_PHT
9458,lh_pht,lh_PHT
9459,lh_pgi,lh_PGi
9460,lh_pgi,lh_PGi
9461,lh_pgi,lh_PGi
9462,lh_pgi,lh_PGi
9463,lh_pgi,lh_PGi
9464,lh_pgi,lh_PGi
9465,lh_pgi,lh_PGi
9466,lh_tpoj2,lh_TPOJ2
9467,lh_tpoj2,lh_TPOJ2
9468,lh_pgi,lh_PGi
9469,lh_pgi,lh_PGi
9470,lh_pgi,lh_PGi
9471,lh_tpoj2,lh_TPOJ2
9472,lh_pgi,lh_PGi
9473,lh_pgi,lh_PGi
9474,lh_tpoj2,lh_TPOJ2
9475,lh_tpoj2,lh_TPOJ2
9476,lh_tpoj2,lh_TPOJ2
9477,lh_tpoj2,lh_TPOJ2
9478,lh_tpoj2,lh_TPOJ2
9479,lh_pht,lh_PHT
9480,lh_tpoj2,lh_TPOJ2
9481,lh_pht,lh_PHT
9482,lh_pht,lh_PHT
9483,lh_pht,lh_PHT
9484,lh_pht,lh_PHT
9485,lh_pht,lh_PHT
9486,lh_pht,lh_PHT
9487,lh_te1p,lh_TE1p
9488,lh_te1p,lh_TE1p
9489,lh_stsvp,lh_STSvp
9490,lh_stsvp,lh_STSvp
9491,lh_te1p,lh_TE1p
9492,lh_stsvp,lh_STSvp
9493,lh_stsvp,lh_STSvp
9494,lh_stsvp,lh_STSvp
9495,lh_tpoj1,lh_TPOJ1
9496,lh_stsdp,lh_STSdp
9497,lh_stsdp,lh_STSdp
9498,lh_stsdp,lh_STSdp
9499,lh_stsdp,lh_STSdp
9500,lh_stsdp,lh_STSdp
9501,lh_stsvp,lh_STSvp
9502,lh_stsvp,lh_STSvp
9503,lh_stsvp,lh_STSvp
9504,lh_stsvp,lh_STSvp
9505,lh_stsdp,lh_STSdp
9506,lh_stsdp,lh_STSdp
9507,lh_stsdp,lh_STSdp
9508,lh_stsdp,lh_STSdp
9509,lh_stsdp,lh_STSdp
9510,lh_stsdp,lh_STSdp
9511,lh_stsdp,lh_STSdp
9512,lh_vip,lh_VIP
9513,lh_vip,lh_VIP
9514,lh_mip,lh_MIP
9515,lh_vip,lh_VIP
9516,lh_mip,lh_MIP
9517,lh_mip,lh_MIP
9518,lh_mip,lh_MIP
9519,lh_mip,lh_MIP
9520,lh_mip,lh_MIP
9521,lh_lipv,lh_LIPv
9522,lh_lipv,lh_LIPv
9523,lh_mip,lh_MIP
9524,lh_mip,lh_MIP
9525,lh_mip,lh_MIP
9526,lh_mip,lh_MIP
9527,lh_mip,lh_MIP
9528,lh_mip,lh_MIP
9529,lh_ips1,lh_IPS1
9530,lh_ips1,lh_IPS1
9531,lh_ips1,lh_IPS1
9532,lh_ips1,lh_IPS1
9533,lh_ips1,lh_IPS1
9534,lh_ips1,lh_IPS1
9535,lh_ips1,lh_IPS1
9536,lh_ips1,lh_IPS1
9537,lh_ips1,lh_IPS1
9538,lh_v3b,lh_V3B
9539,lh_lipd,lh_LIPd
9540,lh_lipd,lh_LIPd
9541,lh_ip1,lh_IP1
9542,lh_ip1,lh_IP1
9543,lh_ip1,lh_IP1
9544,lh_ip1,lh_IP1
9545,lh_ip1,lh_IP1
9546,lh_ip1,lh_IP1
9547,lh_ip1,lh_IP1
9548,lh_pfm,lh_PFm
9549,lh_ip1,lh_IP1
9550,lh_ip1,lh_IP1
9551,lh_ip1,lh_IP1
9552,lh_ip1,lh_IP1
9553,lh_ip1,lh_IP1
9554,lh_ip1,lh_IP1
9555,lh_ip1,lh_IP1
9556,lh_ip1,lh_IP1
9557,lh_ip1,lh_IP1
9558,lh_ip0,lh_IP0
9559,lh_ip0,lh_IP0
9560,lh_ip0,lh_IP0
9561,lh_ip0,lh_IP0
9562,lh_ip0,lh_IP0
9563,lh_ips1,lh_IPS1
9564,lh_v3b,lh_V3B
9565,lh_v3b,lh_V3B
9566,lh_v3b,lh_V3B
9567,lh_v3b,lh_V3B
9568,lh_v3b,lh_V3B
9569,lh_v3b,lh_V3B
9570,lh_v3b,lh_V3B
9571,lh_v3b,lh_V3B
9572,lh_v3cd,lh_V3CD
9573,lh_v4,lh_V4
9574,lh_v4,lh_V4
9575,lh_pgp,lh_PGp
9576,lh_pgp,lh_PGp
9577,lh_ip0,lh_IP0
9578,lh_pgp,lh_PGp
9579,lh_pgp,lh_PGp
9580,lh_v3cd,lh_V3CD
9581,lh_v3cd,lh_V3CD
9582,lh_v3cd,lh_V3CD
9583,lh_v4,lh_V4
9584,lh_v4,lh_V4
9585,lh_v4,lh_V4
9586,lh_v4,lh_V4
9587,lh_v3cd,lh_V3CD
9588,lh_lo1,lh_LO1
9589,lh_lo1,lh_LO1
9590,lh_lo1,lh_LO1
9591,lh_lo1,lh_LO1
9592,lh_v4,lh_V4
9593,lh_dvt,lh_DVT
9594,lh_pros,lh_ProS
9595,lh_v2,lh_V2
9596,lh_v1,lh_V1
9597,lh_v1,lh_V1
9598,lh_v2,lh_V2
9599,lh_v1,lh_V1
9600,lh_v1,lh_V1
9601,lh_v1,lh_V1
9602,lh_v1,lh_V1
9603,lh_v1,lh_V1
9604,lh_v2,lh_V2
9605,lh_v2,lh_V2
9606,lh_v2,lh_V2
9607,lh_v2,lh_V2
9608,lh_v2,lh_V2
9609,lh_v1,lh_V1
9610,lh_v1,lh_V1
9611,lh_v1,lh_V1
9612,lh_v1,lh_V1
9613,lh_v1,lh_V1
9614,lh_v1,lh_V1
9615,lh_v1,lh_V1
9616,lh_v1,lh_V1
9617,lh_v1,lh_V1
9618,lh_v1,lh_V1
9619,lh_v1,lh_V1
9620,lh_v1,lh_V1
9621,lh_v1,lh_V1
9622,lh_pos2,lh_POS2
9623,lh_dvt,lh_DVT
9624,lh_v6,lh_V6
9625,lh_v6,lh_V6
9626,lh_v6,lh_V6
9627,lh_v6,lh_V6
9628,lh_v6,lh_V6
9629,lh_v3,lh_V3
9630,lh_v2,lh_V2
9631,lh_v3a,lh_V3A
9632,lh_v3,lh_V3
9633,lh_v3,lh_V3
9634,lh_v3,lh_V3
9635,lh_v3,lh_V3
9636,lh_v3,lh_V3
9637,lh_v3,lh_V3
9638,lh_v2,lh_V2
9639,lh_v2,lh_V2
9640,lh_v2,lh_V2
9641,lh_v2,lh_V2
9642,lh_v2,lh_V2
9643,lh_v2,lh_V2
9644,lh_v2,lh_V2
9645,lh_v1,lh_V1
9646,lh_v1,lh_V1
9647,lh_v1,lh_V1
9648,lh_v1,lh_V1
9649,lh_v1,lh_V1
9650,lh_v1,lh_V1
9651,lh_v1,lh_V1
9652,lh_v1,lh_V1
9653,lh_v1,lh_V1
9654,lh_v1,lh_V1
9655,lh_v1,lh_V1
9656,lh_v1,lh_V1
9657,lh_v1,lh_V1
9658,lh_v2,lh_V2
9659,lh_v2,lh_V2
9660,lh_v2,lh_V2
9661,lh_v3,lh_V3
9662,lh_v2,lh_V2
9663,lh_v2,lh_V2
9664,lh_v2,lh_V2
9665,lh_v1,lh_V1
9666,lh_v1,lh_V1
9667,lh_v2,lh_V2
9668,lh_v2,lh_V2
9669,lh_v3,lh_V3
9670,lh_v3,lh_V3
9671,lh_v3,lh_V3
9672,lh_v3,lh_V3
9673,lh_v3,lh_V3
9674,lh_v4,lh_V4
9675,lh_24dd,lh_24dd
9676,lh_24dd,lh_24dd
9677,lh_24dd,lh_24dd
9678,lh_24dd,lh_24dd
9679,lh_24dd,lh_24dd
9680,lh_24dd,lh_24dd
9681,lh_23c,lh_23c
9682,lh_23c,lh_23c
9683,lh_23c,lh_23c
9684,lh_5mv,lh_5mv
9685,lh_5mv,lh_5mv
9686,lh_5mv,lh_5mv
9687,lh_23c,lh_23c
9688,lh_23c,lh_23c
9689,lh_23c,lh_23c
9690,lh_23c,lh_23c
9691,lh_23c,lh_23c
9692,lh_23c,lh_23c
9693,lh_23c,lh_23c
9694,lh_23d,lh_23d
9695,lh_23d,lh_23d
9696,lh_31a,lh_31a
9697,lh_23d,lh_23d
9698,lh_23d,lh_23d
9699,lh_d23ab,lh_d23ab
9700,lh_d23ab,lh_d23ab
9701,lh_d23ab,lh_d23ab
9702,lh_5mv,lh_5mv
9703,lh_23c,lh_23c
9704,lh_23c,lh_23c
9705,lh_pcv,lh_PCV
9706,lh_23c,lh_23c
9707,lh_23c,lh_23c
9708,lh_23c,lh_23c
9709,lh_23c,lh_23c
9710,lh_31a,lh_31a
9711,lh_pcv,lh_PCV
9712,lh_pcv,lh_PCV
9713,lh_pcv,lh_PCV
9714,lh_31pd,lh_31pd
9715,lh_31pd,lh_31pd
9716,lh_pcv,lh_PCV
9717,lh_31pd,lh_31pd
9718,lh_31a,lh_31a
9719,lh_31a,lh_31a
9720,lh_31a,lh_31a
9721,lh_31a,lh_31a
9722,lh_31a,lh_31a
9723,lh_31pv,lh_31pv
9724,lh_31pv,lh_31pv
9725,lh_31pv,lh_31pv
9726,lh_31pv,lh_31pv
9727,lh_d23ab,lh_d23ab
9728,lh_d23ab,lh_d23ab
9729,lh_d23ab,lh_d23ab
9730,lh_d23ab,lh_d23ab
9731,lh_d23ab,lh_d23ab
9732,lh_31pv,lh_31pv
9733,lh_d23ab,lh_d23ab
9734,lh_d23ab,lh_d23ab
9735,lh_d23ab,lh_d23ab
9736,lh_d23ab,lh_d23ab
9737,lh_v23ab,lh_v23ab
9738,lh_31pd,lh_31pd
9739,lh_31pd,lh_31pd
9740,lh_31pd,lh_31pd
9741,lh_v23ab,lh_v23ab
9742,lh_v23ab,lh_v23ab
9743,lh_v23ab,lh_v23ab
9744,lh_v23ab,lh_v23ab
9745,lh_v23ab,lh_v23ab
9746,lh_v23ab,lh_v23ab
9747,lh_v23ab,lh_v23ab
9748,lh_pos1,lh_POS1
9749,lh_pos1,lh_POS1
9750,lh_pos1,lh_POS1
9751,lh_pos1,lh_POS1
9752,lh_pos1,lh_POS1
9753,lh_pos1,lh_POS1
9754,lh_pos1,lh_POS1
9755,lh_dvt,lh_DVT
9756,lh_?,lh_?
9757,lh_?,lh_?
9758,lh_?,lh_?
9759,lh_?,lh_?
9760,lh_?,lh_?
9761,lh_?,lh_?
9762,lh_?,lh_?
9763,lh_?,lh_?
9764,lh_?,lh_?
9765,lh_?,lh_?
9766,lh_?,lh_?
9767,lh_?,lh_?
9768,lh_?,lh_?
9769,lh_?,lh_?
9770,lh_?,lh_?
9771,lh_?,lh_?
9772,lh_?,lh_?
9773,lh_?,lh_?
9774,lh_?,lh_?
9775,lh_?,lh_?
9776,lh_?,lh_?
9777,lh_?,lh_?
9778,lh_?,lh_?
9779,lh_?,lh_?
9780,lh_?,lh_?
9781,lh_?,lh_?
9782,lh_?,lh_?
9783,lh_?,lh_?
9784,lh_?,lh_?
9785,lh_?,lh_?
9786,lh_?,lh_?
9787,lh_?,lh_?
9788,lh_?,lh_?
9789,lh_?,lh_?
9790,lh_?,lh_?
9791,lh_?,lh_?
9792,lh_?,lh_?
9793,lh_?,lh_?
9794,lh_?,lh_?
9795,lh_?,lh_?
9796,lh_?,lh_?
9797,lh_?,lh_?
9798,lh_?,lh_?
9799,lh_?,lh_?
9800,lh_?,lh_?
9801,lh_?,lh_?
9802,lh_?,lh_?
9803,lh_?,lh_?
9804,lh_?,lh_?
9805,lh_?,lh_?
9806,lh_?,lh_?
9807,lh_?,lh_?
9808,lh_?,lh_?
9809,lh_?,lh_?
9810,lh_?,lh_?
9811,lh_?,lh_?
9812,lh_?,lh_?
9813,lh_?,lh_?
9814,lh_?,lh_?
9815,lh_?,lh_?
9816,lh_?,lh_?
9817,lh_?,lh_?
9818,lh_?,lh_?
9819,lh_?,lh_?
9820,lh_?,lh_?
9821,lh_?,lh_?
9822,lh_?,lh_?
9823,lh_?,lh_?
9824,lh_?,lh_?
9825,lh_?,lh_?
9826,lh_?,lh_?
9827,lh_?,lh_?
9828,lh_rsc,lh_RSC
9829,lh_rsc,lh_RSC
9830,lh_pos1,lh_POS1
9831,lh_pos1,lh_POS1
9832,lh_pos1,lh_POS1
9833,lh_pos1,lh_POS1
9834,lh_pos1,lh_POS1
9835,lh_pos1,lh_POS1
9836,lh_pos1,lh_POS1
9837,lh_avi,lh_AVI
9838,lh_avi,lh_AVI
9839,lh_aaic,lh_AAIC
9840,lh_47s,lh_47s
9841,lh_47s,lh_47s
9842,lh_aaic,lh_AAIC
9843,lh_aaic,lh_AAIC
9844,lh_aaic,lh_AAIC
9845,lh_aaic,lh_AAIC
9846,lh_47s,lh_47s
9847,lh_47s,lh_47s
9848,lh_47s,lh_47s
9849,lh_aaic,lh_AAIC
9850,lh_aaic,lh_AAIC
9851,lh_aaic,lh_AAIC
9852,lh_aaic,lh_AAIC
9853,lh_aaic,lh_AAIC
9854,lh_aaic,lh_AAIC
9855,lh_pir,lh_Pir
9856,lh_pir,lh_Pir
9857,lh_pir,lh_Pir
9858,lh_?,lh_?
9859,lh_?,lh_?
9860,lh_pir,lh_Pir
9861,lh_tgd,lh_TGd
9862,lh_tgd,lh_TGd
9863,lh_tgd,lh_TGd
9864,lh_ofc,lh_OFC
9865,lh_ofc,lh_OFC
9866,lh_ofc,lh_OFC
9867,lh_pofc,lh_pOFC
9868,lh_pofc,lh_pOFC
9869,lh_pofc,lh_pOFC
9870,lh_pofc,lh_pOFC
9871,lh_?,lh_?
9872,lh_?,lh_?
9873,lh_?,lh_?
9874,lh_?,lh_?
9875,lh_?,lh_?
9876,lh_?,lh_?
9877,lh_?,lh_?
9878,lh_?,lh_?
9879,lh_?,lh_?
9880,lh_?,lh_?
9881,lh_?,lh_?
9882,lh_?,lh_?
9883,lh_?,lh_?
9884,lh_?,lh_?
9885,lh_?,lh_?
9886,lh_?,lh_?
9887,lh_?,lh_?
9888,lh_?,lh_?
9889,lh_peec,lh_PeEc
9890,lh_tgd,lh_TGd
9891,lh_peec,lh_PeEc
9892,lh_peec,lh_PeEc
9893,lh_peec,lh_PeEc
9894,lh_peec,lh_PeEc
9895,lh_peec,lh_PeEc
9896,lh_peec,lh_PeEc
9897,lh_peec,lh_PeEc
9898,lh_peec,lh_PeEc
9899,lh_peec,lh_PeEc
9900,lh_h,lh_H
9901,lh_h,lh_H
9902,lh_ec,lh_EC
9903,lh_ec,lh_EC
9904,lh_ec,lh_EC
9905,lh_ec,lh_EC
9906,lh_ec,lh_EC
9907,lh_peec,lh_PeEc
9908,lh_peec,lh_PeEc
9909,lh_peec,lh_PeEc
9910,lh_peec,lh_PeEc
9911,lh_peec,lh_PeEc
9912,lh_peec,lh_PeEc
9913,lh_peec,lh_PeEc
9914,lh_peec,lh_PeEc
9915,lh_peec,lh_PeEc
9916,lh_peec,lh_PeEc
9917,lh_peec,lh_PeEc
9918,lh_peec,lh_PeEc
9919,lh_stsdp,lh_STSdp
9920,lh_stsda,lh_STSda
9921,lh_stsda,lh_STSda
9922,lh_stsda,lh_STSda
9923,lh_stsda,lh_STSda
9924,lh_stsva,lh_STSva
9925,lh_stsva,lh_STSva
9926,lh_stsva,lh_STSva
9927,lh_stsva,lh_STSva
9928,lh_stsda,lh_STSda
9929,lh_stsda,lh_STSda
9930,lh_stsda,lh_STSda
9931,lh_stsva,lh_STSva
9932,lh_stsva,lh_STSva
9933,lh_stsva,lh_STSva
9934,lh_stsva,lh_STSva
9935,lh_stsva,lh_STSva
9936,lh_stsva,lh_STSva
9937,lh_te1a,lh_TE1a
9938,lh_te1a,lh_TE1a
9939,lh_te1a,lh_TE1a
9940,lh_te1a,lh_TE1a
9941,lh_te1a,lh_TE1a
9942,lh_te1a,lh_TE1a
9943,lh_te1a,lh_TE1a
9944,lh_te2a,lh_TE2a
9945,lh_te2a,lh_TE2a
9946,lh_ta2,lh_TA2
9947,lh_ta2,lh_TA2
9948,lh_ta2,lh_TA2
9949,lh_stga,lh_STGa
9950,lh_stga,lh_STGa
9951,lh_stga,lh_STGa
9952,lh_stga,lh_STGa
9953,lh_stsda,lh_STSda
9954,lh_stsva,lh_STSva
9955,lh_tgd,lh_TGd
9956,lh_tgd,lh_TGd
9957,lh_tgd,lh_TGd
9958,lh_tgd,lh_TGd
9959,lh_tgd,lh_TGd
9960,lh_tgd,lh_TGd
9961,lh_tgd,lh_TGd
9962,lh_tgd,lh_TGd
9963,lh_stsva,lh_STSva
9964,lh_te1a,lh_TE1a
9965,lh_te1a,lh_TE1a
9966,lh_te1a,lh_TE1a
9967,lh_tgd,lh_TGd
9968,lh_te1a,lh_TE1a
9969,lh_te1a,lh_TE1a
9970,lh_te1a,lh_TE1a
9971,lh_te2a,lh_TE2a
9972,lh_te2a,lh_TE2a
9973,lh_te2a,lh_TE2a
9974,lh_te2a,lh_TE2a
9975,lh_te2a,lh_TE2a
9976,lh_te2a,lh_TE2a
9977,lh_te2a,lh_TE2a
9978,lh_te2a,lh_TE2a
9979,lh_te2a,lh_TE2a
9980,lh_tf,lh_TF
9981,lh_tf,lh_TF
9982,lh_tgv,lh_TGv
9983,lh_tgv,lh_TGv
9984,lh_tgv,lh_TGv
9985,lh_tgv,lh_TGv
9986,lh_tf,lh_TF
9987,lh_tgv,lh_TGv
9988,lh_tf,lh_TF
9989,lh_tf,lh_TF
9990,lh_tf,lh_TF
9991,lh_tf,lh_TF
9992,lh_tf,lh_TF
9993,lh_tf,lh_TF
9994,lh_tf,lh_TF
9995,lh_tf,lh_TF
9996,lh_tf,lh_TF
9997,lh_tf,lh_TF
9998,lh_tf,lh_TF
9999,lh_tf,lh_TF
10000,lh_lo1,lh_LO1
10001,lh_lo2,lh_LO2
10002,lh_lo2,lh_LO2
10003,lh_lo2,lh_LO2
10004,lh_lo2,lh_LO2
10005,lh_lo2,lh_LO2
10006,lh_lo2,lh_LO2
10007,lh_lo2,lh_LO2
10008,lh_pit,lh_PIT
10009,lh_fst,lh_FST
10010,lh_fst,lh_FST
10011,lh_v4t,lh_V4t
10012,lh_fst,lh_FST
10013,lh_fst,lh_FST
10014,lh_v4t,lh_V4t
10015,lh_lo2,lh_LO2
10016,lh_pit,lh_PIT
10017,lh_pit,lh_PIT
10018,lh_pit,lh_PIT
10019,lh_pit,lh_PIT
10020,lh_ffc,lh_FFC
10021,lh_ph,lh_PH
10022,lh_ffc,lh_FFC
10023,lh_ffc,lh_FFC
10024,lh_ffc,lh_FFC
10025,lh_ffc,lh_FFC
10026,lh_ffc,lh_FFC
10027,lh_pht,lh_PHT
10028,lh_pht,lh_PHT
10029,lh_pht,lh_PHT
10030,lh_te1p,lh_TE1p
10031,lh_pht,lh_PHT
10032,lh_pht,lh_PHT
10033,lh_pht,lh_PHT
10034,lh_ph,lh_PH
10035,lh_ph,lh_PH
10036,lh_te1p,lh_TE1p
10037,lh_te1p,lh_TE1p
10038,lh_te1p,lh_TE1p
10039,lh_te1p,lh_TE1p
10040,lh_te1p,lh_TE1p
10041,lh_te1p,lh_TE1p
10042,lh_ph,lh_PH
10043,lh_ph,lh_PH
10044,lh_ph,lh_PH
10045,lh_ph,lh_PH
10046,lh_ph,lh_PH
10047,lh_ph,lh_PH
10048,lh_te2p,lh_TE2p
10049,lh_ph,lh_PH
10050,lh_ph,lh_PH
10051,lh_ffc,lh_FFC
10052,lh_ffc,lh_FFC
10053,lh_ffc,lh_FFC
10054,lh_ffc,lh_FFC
10055,lh_ffc,lh_FFC
10056,lh_ffc,lh_FFC
10057,lh_ffc,lh_FFC
10058,lh_ffc,lh_FFC
10059,lh_ffc,lh_FFC
10060,lh_ffc,lh_FFC
10061,lh_ffc,lh_FFC
10062,lh_ffc,lh_FFC
10063,lh_te2p,lh_TE2p
10064,lh_te2p,lh_TE2p
10065,lh_te2p,lh_TE2p
10066,lh_te2p,lh_TE2p
10067,lh_tf,lh_TF
10068,lh_tf,lh_TF
10069,lh_tf,lh_TF
10070,lh_ffc,lh_FFC
10071,lh_ffc,lh_FFC
10072,lh_tf,lh_TF
10073,lh_tf,lh_TF
10074,lh_tf,lh_TF
10075,lh_tf,lh_TF
10076,lh_tf,lh_TF
10077,lh_tf,lh_TF
10078,lh_tf,lh_TF
10079,lh_tf,lh_TF
10080,lh_tf,lh_TF
10081,lh_pros,lh_ProS
10082,lh_v1,lh_V1
10083,lh_v1,lh_V1
10084,lh_v1,lh_V1
10085,lh_v1,lh_V1
10086,lh_v1,lh_V1
10087,lh_v1,lh_V1
10088,lh_v1,lh_V1
10089,lh_v1,lh_V1
10090,lh_v1,lh_V1
10091,lh_v1,lh_V1
10092,lh_v1,lh_V1
10093,lh_v1,lh_V1
10094,lh_v1,lh_V1
10095,lh_v1,lh_V1
10096,lh_v1,lh_V1
10097,lh_v1,lh_V1
10098,lh_v1,lh_V1
10099,lh_v1,lh_V1
10100,lh_v1,lh_V1
10101,lh_v2,lh_V2
10102,lh_v2,lh_V2
10103,lh_v2,lh_V2
10104,lh_v2,lh_V2
10105,lh_v2,lh_V2
10106,lh_vmv1,lh_VMV1
10107,lh_vmv1,lh_VMV1
10108,lh_v1,lh_V1
10109,lh_v1,lh_V1
10110,lh_v1,lh_V1
10111,lh_v1,lh_V1
10112,lh_v1,lh_V1
10113,lh_v1,lh_V1
10114,lh_v1,lh_V1
10115,lh_v2,lh_V2
10116,lh_v2,lh_V2
10117,lh_v3,lh_V3
10118,lh_v2,lh_V2
10119,lh_v2,lh_V2
10120,lh_v3,lh_V3
10121,lh_v3,lh_V3
10122,lh_v2,lh_V2
10123,lh_v2,lh_V2
10124,lh_v2,lh_V2
10125,lh_v2,lh_V2
10126,lh_v2,lh_V2
10127,lh_v2,lh_V2
10128,lh_v3,lh_V3
10129,lh_v3,lh_V3
10130,lh_v3,lh_V3
10131,lh_v3,lh_V3
10132,lh_v3,lh_V3
10133,lh_vmv1,lh_VMV1
10134,lh_vmv1,lh_VMV1
10135,lh_vmv2,lh_VMV2
10136,lh_vmv2,lh_VMV2
10137,lh_vmv2,lh_VMV2
10138,lh_vmv2,lh_VMV2
10139,lh_vmv2,lh_VMV2
10140,lh_vmv2,lh_VMV2
10141,lh_vmv2,lh_VMV2
10142,lh_pha3,lh_PHA3
10143,lh_pha3,lh_PHA3
10144,lh_vmv3,lh_VMV3
10145,lh_vmv3,lh_VMV3
10146,lh_vmv3,lh_VMV3
10147,lh_vvc,lh_VVC
10148,lh_vmv3,lh_VMV3
10149,lh_pha3,lh_PHA3
10150,lh_pha3,lh_PHA3
10151,lh_pha3,lh_PHA3
10152,lh_pha3,lh_PHA3
10153,lh_pha3,lh_PHA3
10154,lh_pha3,lh_PHA3
10155,lh_pha3,lh_PHA3
10156,lh_pha3,lh_PHA3
10157,lh_pha3,lh_PHA3
10158,lh_pha3,lh_PHA3
10159,lh_pha3,lh_PHA3
10160,lh_pha3,lh_PHA3
10161,lh_pha3,lh_PHA3
10162,lh_?,lh_?
10163,lh_?,lh_?
10164,lh_?,lh_?
10165,lh_?,lh_?
10166,lh_?,lh_?
10167,lh_?,lh_?
10168,lh_?,lh_?
10169,lh_?,lh_?
10170,lh_?,lh_?
10171,lh_?,lh_?
10172,lh_?,lh_?
10173,lh_?,lh_?
10174,lh_?,lh_?
10175,lh_?,lh_?
10176,lh_?,lh_?
10177,lh_?,lh_?
10178,lh_?,lh_?
10179,lh_?,lh_?
10180,lh_?,lh_?
10181,lh_?,lh_?
10182,lh_?,lh_?
10183,lh_?,lh_?
10184,lh_?,lh_?
10185,lh_?,lh_?
10186,lh_?,lh_?
10187,lh_?,lh_?
10188,lh_?,lh_?
10189,lh_?,lh_?
10190,lh_?,lh_?
10191,lh_?,lh_?
10192,lh_?,lh_?
10193,lh_?,lh_?
10194,lh_?,lh_?
10195,lh_?,lh_?
10196,lh_?,lh_?
10197,lh_?,lh_?
10198,lh_h,lh_H
10199,lh_?,lh_?
10200,lh_?,lh_?
10201,lh_h,lh_H
10202,lh_?,lh_?
10203,lh_?,lh_?
10204,lh_?,lh_?
10205,lh_?,lh_?
10206,lh_?,lh_?
10207,lh_?,lh_?
10208,lh_?,lh_?
10209,lh_?,lh_?
10210,lh_?,lh_?
10211,lh_?,lh_?
10212,lh_?,lh_?
10213,lh_?,lh_?
10214,lh_?,lh_?
10215,lh_?,lh_?
10216,lh_?,lh_?
10217,lh_?,lh_?
10218,lh_h,lh_H
10219,lh_h,lh_H
10220,lh_h,lh_H
10221,lh_h,lh_H
10222,lh_h,lh_H
10223,lh_h,lh_H
10224,lh_pres,lh_PreS
10225,lh_pres,lh_PreS
10226,lh_pres,lh_PreS
10227,lh_pres,lh_PreS
10228,lh_pha1,lh_PHA1
10229,lh_pres,lh_PreS
10230,lh_pres,lh_PreS
10231,lh_pres,lh_PreS
10232,lh_pres,lh_PreS
10233,lh_pres,lh_PreS
10234,lh_ec,lh_EC
10235,lh_pha1,lh_PHA1
10236,lh_pha1,lh_PHA1
10237,lh_pha2,lh_PHA2
10238,lh_pha1,lh_PHA1
10239,lh_peec,lh_PeEc
10240,lh_peec,lh_PeEc
10241,lh_pha3,lh_PHA3
10242,rh_6mp,rh_6mp
10243,rh_aip,rh_AIP
10244,rh_1,rh_1
10245,rh_46,rh_46
10246,rh_p32pr,rh_p32pr
10247,rh_pcv,rh_PCV
10248,rh_v2,rh_V2
10249,rh_tpoj1,rh_TPOJ1
10250,rh_poi1,rh_PoI1
10251,rh_ofc,rh_OFC
10252,rh_pres,rh_PreS
10253,rh_tf,rh_TF
10254,rh_sfl,rh_SFL
10255,rh_9p,rh_9p
10256,rh_8av,rh_8Av
10257,rh_5m,rh_5m
10258,rh_23c,rh_23c
10259,rh_1,rh_1
10260,rh_vip,rh_VIP
10261,rh_4,rh_4
10262,rh_pft,rh_PFt
10263,rh_ifjp,rh_IFJp
10264,rh_45,rh_45
10265,rh_op2_3,rh_OP2-3
10266,rh_a10p,rh_a10p
10267,rh_avi,rh_AVI
10268,rh_a24,rh_a24
10269,rh_?,rh_?
10270,rh_?,rh_?
10271,rh_v23ab,rh_v23ab
10272,rh_v6,rh_V6
10273,rh_v1,rh_V1
10274,rh_ip0,rh_IP0
10275,rh_pgs,rh_PGs
10276,rh_mt,rh_MT
10277,rh_pf,rh_PF
10278,rh_a4,rh_A4
10279,rh_?,rh_?
10280,rh_tgd,rh_TGd
10281,rh_pha2,rh_PHA2
10282,rh_v8,rh_V8
10283,rh_te1p,rh_TE1p
10284,rh_6ma,rh_6ma
10285,rh_s6_8,rh_s6-8
10286,rh_6a,rh_6a
10287,rh_4,rh_4
10288,rh_6mp,rh_6mp
10289,rh_4,rh_4
10290,rh_3b,rh_3b
10291,rh_6d,rh_6d
10292,rh_3a,rh_3a
10293,rh_fef,rh_FEF
10294,rh_ifsa,rh_IFSa
10295,rh_44,rh_44
10296,rh_p9_46v,rh_p9-46v
10297,rh_a9_46v,rh_a9-46v
10298,rh_p47r,rh_p47r
10299,rh_9_46d,rh_9-46d
10300,rh_p10p,rh_p10p
10301,rh_?,rh_?
10302,rh_?,rh_?
10303,rh_p24,rh_p24
10304,rh_p24pr,rh_p24pr
10305,rh_rsc,rh_RSC
10306,rh_pos2,rh_POS2
10307,rh_pos2,rh_POS2
10308,rh_31pd,rh_31pd
10309,rh_7am,rh_7Am
10310,rh_7pl,rh_7PL
10311,rh_ip2,rh_IP2
10312,rh_pgs,rh_PGs
10313,rh_ip1,rh_IP1
10314,rh_aip,rh_AIP
10315,rh_pfm,rh_PFm
10316,rh_op4,rh_OP4
10317,rh_pfcm,rh_PFcm
10318,rh_pfop,rh_PFop
10319,rh_mi,rh_MI
10320,rh_poi1,rh_PoI1
10321,rh_ta2,rh_TA2
10322,rh_?,rh_?
10323,rh_?,rh_?
10324,rh_?,rh_?
10325,rh_v1,rh_V1
10326,rh_v2,rh_V2
10327,rh_v2,rh_V2
10328,rh_lo1,rh_LO1
10329,rh_lo2,rh_LO2
10330,rh_v2,rh_V2
10331,rh_stsdp,rh_STSdp
10332,rh_stsdp,rh_STSdp
10333,rh_stsvp,rh_STSvp
10334,rh_8bm,rh_8BM
10335,rh_d32,rh_d32
10336,rh_8bl,rh_8BL
10337,rh_8ad,rh_8Ad
10338,rh_46,rh_46
10339,rh_5mv,rh_5mv
10340,rh_23c,rh_23c
10341,rh_24dd,rh_24dd
10342,rh_24dd,rh_24dd
10343,rh_2,rh_2
10344,rh_7pc,rh_7PC
10345,rh_2,rh_2
10346,rh_5l,rh_5L
10347,rh_3a,rh_3a
10348,rh_2,rh_2
10349,rh_3b,rh_3b
10350,rh_2,rh_2
10351,rh_8c,rh_8C
10352,rh_pef,rh_PEF
10353,rh_6v,rh_6v
10354,rh_fop4,rh_FOP4
10355,rh_ig,rh_Ig
10356,rh_fop4,rh_FOP4
10357,rh_6r,rh_6r
10358,rh_ofc,rh_OFC
10359,rh_13l,rh_13l
10360,rh_a47r,rh_a47r
10361,rh_fop5,rh_FOP5
10362,rh_9m,rh_9m
10363,rh_10v,rh_10v
10364,rh_10v,rh_10v
10365,rh_?,rh_?
10366,rh_?,rh_?
10367,rh_?,rh_?
10368,rh_?,rh_?
10369,rh_d23ab,rh_d23ab
10370,rh_?,rh_?
10371,rh_rsc,rh_RSC
10372,rh_v3,rh_V3
10373,rh_v1,rh_V1
10374,rh_v2,rh_V2
10375,rh_dvt,rh_DVT
10376,rh_mip,rh_MIP
10377,rh_v7,rh_V7
10378,rh_v4,rh_V4
10379,rh_pgi,rh_PGi
10380,rh_tpoj2,rh_TPOJ2
10381,rh_pgi,rh_PGi
10382,rh_pgp,rh_PGp
10383,rh_pf,rh_PF
10384,rh_pfm,rh_PFm
10385,rh_stv,rh_STV
10386,rh_mbelt,rh_MBelt
10387,rh_a1,rh_A1
10388,rh_a4,rh_A4
10389,rh_pir,rh_Pir
10390,rh_tgd,rh_TGd
10391,rh_peec,rh_PeEc
10392,rh_te2a,rh_TE2a
10393,rh_?,rh_?
10394,rh_ec,rh_EC
10395,rh_pha3,rh_PHA3
10396,rh_v2,rh_V2
10397,rh_vmv3,rh_VMV3
10398,rh_ffc,rh_FFC
10399,rh_pht,rh_PHT
10400,rh_ph,rh_PH
10401,rh_te2a,rh_TE2a
10402,rh_stsda,rh_STSda
10403,rh_te1a,rh_TE1a
10404,rh_6mp,rh_6mp
10405,rh_6a,rh_6a
10406,rh_6a,rh_6a
10407,rh_6mp,rh_6mp
10408,rh_6mp,rh_6mp
10409,rh_4,rh_4
10410,rh_4,rh_4
10411,rh_6d,rh_6d
10412,rh_4,rh_4
10413,rh_6a,rh_6a
10414,rh_46,rh_46
10415,rh_p9_46v,rh_p9-46v
10416,rh_p9_46v,rh_p9-46v
10417,rh_a9_46v,rh_a9-46v
10418,rh_a9_46v,rh_a9-46v
10419,rh_9_46d,rh_9-46d
10420,rh_9_46d,rh_9-46d
10421,rh_a24pr,rh_a24pr
10422,rh_33pr,rh_33pr
10423,rh_a32pr,rh_a32pr
10424,rh_p32pr,rh_p32pr
10425,rh_p24pr,rh_p24pr
10426,rh_7m,rh_7m
10427,rh_7m,rh_7m
10428,rh_31pd,rh_31pd
10429,rh_pcv,rh_PCV
10430,rh_7pm,rh_7Pm
10431,rh_lipd,rh_LIPd
10432,rh_ip1,rh_IP1
10433,rh_lipd,rh_LIPd
10434,rh_aip,rh_AIP
10435,rh_aip,rh_AIP
10436,rh_op4,rh_OP4
10437,rh_pfop,rh_PFop
10438,rh_pfop,rh_PFop
10439,rh_poi2,rh_PoI2
10440,rh_poi1,rh_PoI1
10441,rh_pi,rh_PI
10442,rh_pofc,rh_pOFC
10443,rh_?,rh_?
10444,rh_pofc,rh_pOFC
10445,rh_pros,rh_ProS
10446,rh_v1,rh_V1
10447,rh_pres,rh_PreS
10448,rh_v3,rh_V3
10449,rh_v3,rh_V3
10450,rh_v1,rh_V1
10451,rh_tpoj1,rh_TPOJ1
10452,rh_stsdp,rh_STSdp
10453,rh_tpoj1,rh_TPOJ1
10454,rh_8bm,rh_8BM
10455,rh_8bm,rh_8BM
10456,rh_sfl,rh_SFL
10457,rh_8ad,rh_8Ad
10458,rh_8ad,rh_8Ad
10459,rh_8ad,rh_8Ad
10460,rh_46,rh_46
10461,rh_8av,rh_8Av
10462,rh_5m,rh_5m
10463,rh_5mv,rh_5mv
10464,rh_4,rh_4
10465,rh_6ma,rh_6ma
10466,rh_scef,rh_SCEF
10467,rh_scef,rh_SCEF
10468,rh_scef,rh_SCEF
10469,rh_2,rh_2
10470,rh_2,rh_2
10471,rh_2,rh_2
10472,rh_3a,rh_3a
10473,rh_5l,rh_5L
10474,rh_5m,rh_5m
10475,rh_5l,rh_5L
10476,rh_4,rh_4
10477,rh_3b,rh_3b
10478,rh_3a,rh_3a
10479,rh_3b,rh_3b
10480,rh_3b,rh_3b
10481,rh_1,rh_1
10482,rh_2,rh_2
10483,rh_8c,rh_8C
10484,rh_8av,rh_8Av
10485,rh_fef,rh_FEF
10486,rh_55b,rh_55b
10487,rh_55b,rh_55b
10488,rh_4,rh_4
10489,rh_fop5,rh_FOP5
10490,rh_fop4,rh_FOP4
10491,rh_44,rh_44
10492,rh_ifjp,rh_IFJp
10493,rh_6r,rh_6r
10494,rh_6r,rh_6r
10495,rh_43,rh_43
10496,rh_6r,rh_6r
10497,rh_11l,rh_11l
10498,rh_11l,rh_11l
10499,rh_11l,rh_11l
10500,rh_ifsa,rh_IFSa
10501,rh_47l,rh_47l
10502,rh_fop5,rh_FOP5
10503,rh_fop5,rh_FOP5
10504,rh_9m,rh_9m
10505,rh_9m,rh_9m
10506,rh_9m,rh_9m
10507,rh_a10p,rh_a10p
10508,rh_10pp,rh_10pp
10509,rh_10pp,rh_10pp
10510,rh_10pp,rh_10pp
10511,rh_?,rh_?
10512,rh_?,rh_?
10513,rh_?,rh_?
10514,rh_?,rh_?
10515,rh_?,rh_?
10516,rh_25,rh_25
10517,rh_25,rh_25
10518,rh_s32,rh_s32
10519,rh_23c,rh_23c
10520,rh_31a,rh_31a
10521,rh_23d,rh_23d
10522,rh_?,rh_?
10523,rh_?,rh_?
10524,rh_?,rh_?
10525,rh_?,rh_?
10526,rh_v3,rh_V3
10527,rh_v2,rh_V2
10528,rh_v3,rh_V3
10529,rh_pos1,rh_POS1
10530,rh_dvt,rh_DVT
10531,rh_pos1,rh_POS1
10532,rh_pos1,rh_POS1
10533,rh_v23ab,rh_v23ab
10534,rh_7pc,rh_7PC
10535,rh_lipv,rh_LIPv
10536,rh_vip,rh_VIP
10537,rh_dvt,rh_DVT
10538,rh_ips1,rh_IPS1
10539,rh_v6a,rh_V6A
10540,rh_v3a,rh_V3A
10541,rh_pgi,rh_PGi
10542,rh_pgi,rh_PGi
10543,rh_pgi,rh_PGi
10544,rh_ip1,rh_IP1
10545,rh_pgs,rh_PGs
10546,rh_pgp,rh_PGp
10547,rh_v3cd,rh_V3CD
10548,rh_ip0,rh_IP0
10549,rh_pft,rh_PFt
10550,rh_pft,rh_PFt
10551,rh_pft,rh_PFt
10552,rh_pfm,rh_PFm
10553,rh_pfm,rh_PFm
10554,rh_pfm,rh_PFm
10555,rh_pfm,rh_PFm
10556,rh_op2_3,rh_OP2-3
10557,rh_52,rh_52
10558,rh_op2_3,rh_OP2-3
10559,rh_pfcm,rh_PFcm
10560,rh_ri,rh_RI
10561,rh_psl,rh_PSL
10562,rh_psl,rh_PSL
10563,rh_psl,rh_PSL
10564,rh_47s,rh_47s
10565,rh_aaic,rh_AAIC
10566,rh_aaic,rh_AAIC
10567,rh_tgd,rh_TGd
10568,rh_tgd,rh_TGd
10569,rh_tgd,rh_TGd
10570,rh_tgd,rh_TGd
10571,rh_tgd,rh_TGd
10572,rh_?,rh_?
10573,rh_?,rh_?
10574,rh_?,rh_?
10575,rh_?,rh_?
10576,rh_h,rh_H
10577,rh_ec,rh_EC
10578,rh_peec,rh_PeEc
10579,rh_peec,rh_PeEc
10580,rh_v1,rh_V1
10581,rh_v1,rh_V1
10582,rh_v1,rh_V1
10583,rh_vmv1,rh_VMV1
10584,rh_v3,rh_V3
10585,rh_vmv2,rh_VMV2
10586,rh_vvc,rh_VVC
10587,rh_pha3,rh_PHA3
10588,rh_tpoj2,rh_TPOJ2
10589,rh_tpoj2,rh_TPOJ2
10590,rh_fst,rh_FST
10591,rh_pit,rh_PIT
10592,rh_ph,rh_PH
10593,rh_ph,rh_PH
10594,rh_te2p,rh_TE2p
10595,rh_ffc,rh_FFC
10596,rh_pbelt,rh_PBelt
10597,rh_a4,rh_A4
10598,rh_a5,rh_A5
10599,rh_stsvp,rh_STSvp
10600,rh_stsva,rh_STSva
10601,rh_te1m,rh_TE1m
10602,rh_te1m,rh_TE1m
10603,rh_te1m,rh_TE1m
10604,rh_6ma,rh_6ma
10605,rh_s6_8,rh_s6-8
10606,rh_6ma,rh_6ma
10607,rh_6a,rh_6a
10608,rh_6a,rh_6a
10609,rh_4,rh_4
10610,rh_4,rh_4
10611,rh_6mp,rh_6mp
10612,rh_6ma,rh_6ma
10613,rh_3b,rh_3b
10614,rh_3b,rh_3b
10615,rh_3a,rh_3a
10616,rh_3a,rh_3a
10617,rh_6d,rh_6d
10618,rh_4,rh_4
10619,rh_4,rh_4
10620,rh_3a,rh_3a
10621,rh_i6_8,rh_i6-8
10622,rh_6a,rh_6a
10623,rh_fef,rh_FEF
10624,rh_ifsa,rh_IFSa
10625,rh_45,rh_45
10626,rh_ifsp,rh_IFSp
10627,rh_ifsp,rh_IFSp
10628,rh_ifja,rh_IFJa
10629,rh_a47r,rh_a47r
10630,rh_a47r,rh_a47r
10631,rh_p47r,rh_p47r
10632,rh_ifsa,rh_IFSa
10633,rh_9a,rh_9a
10634,rh_9a,rh_9a
10635,rh_9a,rh_9a
10636,rh_p10p,rh_p10p
10637,rh_?,rh_?
10638,rh_?,rh_?
10639,rh_?,rh_?
10640,rh_?,rh_?
10641,rh_a24,rh_a24
10642,rh_24dv,rh_24dv
10643,rh_p24pr,rh_p24pr
10644,rh_p24pr,rh_p24pr
10645,rh_33pr,rh_33pr
10646,rh_pos2,rh_POS2
10647,rh_dvt,rh_DVT
10648,rh_pos2,rh_POS2
10649,rh_7m,rh_7m
10650,rh_31pd,rh_31pd
10651,rh_7am,rh_7Am
10652,rh_7pl,rh_7PL
10653,rh_7pm,rh_7Pm
10654,rh_pos2,rh_POS2
10655,rh_pfm,rh_PFm
10656,rh_pgs,rh_PGs
10657,rh_pfm,rh_PFm
10658,rh_pgs,rh_PGs
10659,rh_ip1,rh_IP1
10660,rh_aip,rh_AIP
10661,rh_aip,rh_AIP
10662,rh_aip,rh_AIP
10663,rh_ip2,rh_IP2
10664,rh_op4,rh_OP4
10665,rh_op1,rh_OP1
10666,rh_op1,rh_OP1
10667,rh_pf,rh_PF
10668,rh_pf,rh_PF
10669,rh_aaic,rh_AAIC
10670,rh_pir,rh_Pir
10671,rh_poi2,rh_PoI2
10672,rh_pi,rh_PI
10673,rh_stga,rh_STGa
10674,rh_?,rh_?
10675,rh_?,rh_?
10676,rh_?,rh_?
10677,rh_?,rh_?
10678,rh_?,rh_?
10679,rh_v1,rh_V1
10680,rh_v1,rh_V1
10681,rh_v1,rh_V1
10682,rh_vmv1,rh_VMV1
10683,rh_pha1,rh_PHA1
10684,rh_lo3,rh_LO3
10685,rh_mt,rh_MT
10686,rh_lo2,rh_LO2
10687,rh_v4,rh_V4
10688,rh_v4,rh_V4
10689,rh_a5,rh_A5
10690,rh_stsdp,rh_STSdp
10691,rh_stsdp,rh_STSdp
10692,rh_stsvp,rh_STSvp
10693,rh_te1p,rh_TE1p
10694,rh_a32pr,rh_a32pr
10695,rh_d32,rh_d32
10696,rh_8bm,rh_8BM
10697,rh_8bl,rh_8BL
10698,rh_8bl,rh_8BL
10699,rh_8bl,rh_8BL
10700,rh_8bl,rh_8BL
10701,rh_9p,rh_9p
10702,rh_9p,rh_9p
10703,rh_9_46d,rh_9-46d
10704,rh_p9_46v,rh_p9-46v
10705,rh_5mv,rh_5mv
10706,rh_23c,rh_23c
10707,rh_5mv,rh_5mv
10708,rh_5mv,rh_5mv
10709,rh_5mv,rh_5mv
10710,rh_4,rh_4
10711,rh_24dd,rh_24dd
10712,rh_24dv,rh_24dv
10713,rh_24dv,rh_24dv
10714,rh_p32pr,rh_p32pr
10715,rh_7pc,rh_7PC
10716,rh_aip,rh_AIP
10717,rh_7pc,rh_7PC
10718,rh_7pc,rh_7PC
10719,rh_7al,rh_7AL
10720,rh_2,rh_2
10721,rh_7al,rh_7AL
10722,rh_7al,rh_7AL
10723,rh_7am,rh_7Am
10724,rh_5mv,rh_5mv
10725,rh_3b,rh_3b
10726,rh_2,rh_2
10727,rh_3b,rh_3b
10728,rh_1,rh_1
10729,rh_1,rh_1
10730,rh_3b,rh_3b
10731,rh_1,rh_1
10732,rh_2,rh_2
10733,rh_2,rh_2
10734,rh_2,rh_2
10735,rh_p9_46v,rh_p9-46v
10736,rh_8c,rh_8C
10737,rh_8c,rh_8C
10738,rh_8av,rh_8Av
10739,rh_pef,rh_PEF
10740,rh_pef,rh_PEF
10741,rh_6v,rh_6v
10742,rh_4,rh_4
10743,rh_3a,rh_3a
10744,rh_mi,rh_MI
10745,rh_poi2,rh_PoI2
10746,rh_fop3,rh_FOP3
10747,rh_fop2,rh_FOP2
10748,rh_fop2,rh_FOP2
10749,rh_44,rh_44
10750,rh_fop1,rh_FOP1
10751,rh_43,rh_43
10752,rh_43,rh_43
10753,rh_op4,rh_OP4
10754,rh_ofc,rh_OFC
10755,rh_ofc,rh_OFC
10756,rh_13l,rh_13l
10757,rh_13l,rh_13l
10758,rh_47m,rh_47m
10759,rh_a47r,rh_a47r
10760,rh_47l,rh_47l
10761,rh_avi,rh_AVI
10762,rh_avi,rh_AVI
10763,rh_mi,rh_MI
10764,rh_d32,rh_d32
10765,rh_9m,rh_9m
10766,rh_p32,rh_p32
10767,rh_10d,rh_10d
10768,rh_p32,rh_p32
10769,rh_10r,rh_10r
10770,rh_10v,rh_10v
10771,rh_ofc,rh_OFC
10772,rh_ofc,rh_OFC
10773,rh_?,rh_?
10774,rh_?,rh_?
10775,rh_?,rh_?
10776,rh_?,rh_?
10777,rh_?,rh_?
10778,rh_?,rh_?
10779,rh_?,rh_?
10780,rh_?,rh_?
10781,rh_?,rh_?
10782,rh_25,rh_25
10783,rh_31a,rh_31a
10784,rh_31pv,rh_31pv
10785,rh_d23ab,rh_d23ab
10786,rh_23d,rh_23d
10787,rh_rsc,rh_RSC
10788,rh_rsc,rh_RSC
10789,rh_?,rh_?
10790,rh_?,rh_?
10791,rh_rsc,rh_RSC
10792,rh_v2,rh_V2
10793,rh_v1,rh_V1
10794,rh_v2,rh_V2
10795,rh_v1,rh_V1
10796,rh_v1,rh_V1
10797,rh_v6,rh_V6
10798,rh_v2,rh_V2
10799,rh_v1,rh_V1
10800,rh_v1,rh_V1
10801,rh_pros,rh_ProS
10802,rh_lipv,rh_LIPv
10803,rh_mip,rh_MIP
10804,rh_mip,rh_MIP
10805,rh_mip,rh_MIP
10806,rh_ips1,rh_IPS1
10807,rh_v3b,rh_V3B
10808,rh_v3b,rh_V3B
10809,rh_v3a,rh_V3A
10810,rh_v3,rh_V3
10811,rh_tpoj1,rh_TPOJ1
10812,rh_tpoj1,rh_TPOJ1
10813,rh_pgi,rh_PGi
10814,rh_tpoj2,rh_TPOJ2
10815,rh_tpoj3,rh_TPOJ3
10816,rh_pgi,rh_PGi
10817,rh_pgi,rh_PGi
10818,rh_tpoj3,rh_TPOJ3
10819,rh_lo3,rh_LO3
10820,rh_v4,rh_V4
10821,rh_pfop,rh_PFop
10822,rh_pf,rh_PF
10823,rh_pf,rh_PF
10824,rh_pfm,rh_PFm
10825,rh_pf,rh_PF
10826,rh_psl,rh_PSL
10827,rh_stv,rh_STV
10828,rh_stv,rh_STV
10829,rh_tpoj1,rh_TPOJ1
10830,rh_52,rh_52
10831,rh_52,rh_52
10832,rh_a1,rh_A1
10833,rh_lbelt,rh_LBelt
10834,rh_ri,rh_RI
10835,rh_lbelt,rh_LBelt
10836,rh_pbelt,rh_PBelt
10837,rh_a5,rh_A5
10838,rh_tpoj1,rh_TPOJ1
10839,rh_pofc,rh_pOFC
10840,rh_?,rh_?
10841,rh_?,rh_?
10842,rh_pir,rh_Pir
10843,rh_tgd,rh_TGd
10844,rh_tgd,rh_TGd
10845,rh_tgv,rh_TGv
10846,rh_tgv,rh_TGv
10847,rh_tf,rh_TF
10848,rh_tf,rh_TF
10849,rh_?,rh_?
10850,rh_h,rh_H
10851,rh_pres,rh_PreS
10852,rh_?,rh_?
10853,rh_h,rh_H
10854,rh_pha1,rh_PHA1
10855,rh_pha2,rh_PHA2
10856,rh_tf,rh_TF
10857,rh_tf,rh_TF
10858,rh_v1,rh_V1
10859,rh_v2,rh_V2
10860,rh_v4,rh_V4
10861,rh_v2,rh_V2
10862,rh_v4,rh_V4
10863,rh_v8,rh_V8
10864,rh_vvc,rh_VVC
10865,rh_ffc,rh_FFC
10866,rh_tf,rh_TF
10867,rh_pht,rh_PHT
10868,rh_te1p,rh_TE1p
10869,rh_te1p,rh_TE1p
10870,rh_fst,rh_FST
10871,rh_ph,rh_PH
10872,rh_te1p,rh_TE1p
10873,rh_te2p,rh_TE2p
10874,rh_te2p,rh_TE2p
10875,rh_te2p,rh_TE2p
10876,rh_ta2,rh_TA2
10877,rh_ta2,rh_TA2
10878,rh_stsda,rh_STSda
10879,rh_stsda,rh_STSda
10880,rh_stsva,rh_STSva
10881,rh_te1a,rh_TE1a
10882,rh_te2a,rh_TE2a
10883,rh_te2a,rh_TE2a
10884,rh_6mp,rh_6mp
10885,rh_6a,rh_6a
10886,rh_6a,rh_6a
10887,rh_6mp,rh_6mp
10888,rh_6mp,rh_6mp
10889,rh_6d,rh_6d
10890,rh_6mp,rh_6mp
10891,rh_6d,rh_6d
10892,rh_6d,rh_6d
10893,rh_6a,rh_6a
10894,rh_46,rh_46
10895,rh_p9_46v,rh_p9-46v
10896,rh_p9_46v,rh_p9-46v
10897,rh_46,rh_46
10898,rh_a9_46v,rh_a9-46v
10899,rh_46,rh_46
10900,rh_9_46d,rh_9-46d
10901,rh_p32pr,rh_p32pr
10902,rh_a24pr,rh_a24pr
10903,rh_a32pr,rh_a32pr
10904,rh_p32pr,rh_p32pr
10905,rh_p32pr,rh_p32pr
10906,rh_pcv,rh_PCV
10907,rh_pcv,rh_PCV
10908,rh_pcv,rh_PCV
10909,rh_pcv,rh_PCV
10910,rh_pcv,rh_PCV
10911,rh_lipd,rh_LIPd
10912,rh_lipd,rh_LIPd
10913,rh_lipd,rh_LIPd
10914,rh_aip,rh_AIP
10915,rh_aip,rh_AIP
10916,rh_1,rh_1
10917,rh_pfop,rh_PFop
10918,rh_pfop,rh_PFop
10919,rh_poi2,rh_PoI2
10920,rh_poi2,rh_PoI2
10921,rh_poi1,rh_PoI1
10922,rh_pofc,rh_pOFC
10923,rh_pofc,rh_pOFC
10924,rh_pofc,rh_pOFC
10925,rh_pros,rh_ProS
10926,rh_pros,rh_ProS
10927,rh_pres,rh_PreS
10928,rh_v2,rh_V2
10929,rh_v2,rh_V2
10930,rh_v2,rh_V2
10931,rh_tpoj1,rh_TPOJ1
10932,rh_tpoj1,rh_TPOJ1
10933,rh_tpoj1,rh_TPOJ1
10934,rh_sfl,rh_SFL
10935,rh_sfl,rh_SFL
10936,rh_sfl,rh_SFL
10937,rh_i6_8,rh_i6-8
10938,rh_8ad,rh_8Ad
10939,rh_8ad,rh_8Ad
10940,rh_8ad,rh_8Ad
10941,rh_8av,rh_8Av
10942,rh_5m,rh_5m
10943,rh_5m,rh_5m
10944,rh_4,rh_4
10945,rh_6ma,rh_6ma
10946,rh_sfl,rh_SFL
10947,rh_sfl,rh_SFL
10948,rh_8bm,rh_8BM
10949,rh_1,rh_1
10950,rh_2,rh_2
10951,rh_1,rh_1
10952,rh_5m,rh_5m
10953,rh_5m,rh_5m
10954,rh_5m,rh_5m
10955,rh_5m,rh_5m
10956,rh_4,rh_4
10957,rh_3a,rh_3a
10958,rh_4,rh_4
10959,rh_3b,rh_3b
10960,rh_1,rh_1
10961,rh_1,rh_1
10962,rh_1,rh_1
10963,rh_8av,rh_8Av
10964,rh_8av,rh_8Av
10965,rh_fef,rh_FEF
10966,rh_fef,rh_FEF
10967,rh_4,rh_4
10968,rh_4,rh_4
10969,rh_45,rh_45
10970,rh_fop5,rh_FOP5
10971,rh_44,rh_44
10972,rh_ifjp,rh_IFJp
10973,rh_6r,rh_6r
10974,rh_6r,rh_6r
10975,rh_6r,rh_6r
10976,rh_6r,rh_6r
10977,rh_11l,rh_11l
10978,rh_11l,rh_11l
10979,rh_11l,rh_11l
10980,rh_45,rh_45
10981,rh_45,rh_45
10982,rh_45,rh_45
10983,rh_fop5,rh_FOP5
10984,rh_9m,rh_9m
10985,rh_9m,rh_9m
10986,rh_9a,rh_9a
10987,rh_a10p,rh_a10p
10988,rh_a10p,rh_a10p
10989,rh_a10p,rh_a10p
10990,rh_10pp,rh_10pp
10991,rh_?,rh_?
10992,rh_?,rh_?
10993,rh_?,rh_?
10994,rh_a24,rh_a24
10995,rh_?,rh_?
10996,rh_a24,rh_a24
10997,rh_s32,rh_s32
10998,rh_s32,rh_s32
10999,rh_23c,rh_23c
11000,rh_23c,rh_23c
11001,rh_23c,rh_23c
11002,rh_?,rh_?
11003,rh_?,rh_?
11004,rh_?,rh_?
11005,rh_?,rh_?
11006,rh_v6,rh_V6
11007,rh_v3,rh_V3
11008,rh_v6,rh_V6
11009,rh_v23ab,rh_v23ab
11010,rh_pos1,rh_POS1
11011,rh_pos1,rh_POS1
11012,rh_pos1,rh_POS1
11013,rh_v23ab,rh_v23ab
11014,rh_vip,rh_VIP
11015,rh_vip,rh_VIP
11016,rh_vip,rh_VIP
11017,rh_v6a,rh_V6A
11018,rh_v6a,rh_V6A
11019,rh_v6a,rh_V6A
11020,rh_v3a,rh_V3A
11021,rh_pgs,rh_PGs
11022,rh_pgi,rh_PGi
11023,rh_pgs,rh_PGs
11024,rh_ip0,rh_IP0
11025,rh_pgp,rh_PGp
11026,rh_ip0,rh_IP0
11027,rh_ip0,rh_IP0
11028,rh_ip0,rh_IP0
11029,rh_2,rh_2
11030,rh_pft,rh_PFt
11031,rh_pft,rh_PFt
11032,rh_pfm,rh_PFm
11033,rh_pfm,rh_PFm
11034,rh_pfm,rh_PFm
11035,rh_pfm,rh_PFm
11036,rh_op2_3,rh_OP2-3
11037,rh_op2_3,rh_OP2-3
11038,rh_op2_3,rh_OP2-3
11039,rh_pf,rh_PF
11040,rh_pfcm,rh_PFcm
11041,rh_psl,rh_PSL
11042,rh_psl,rh_PSL
11043,rh_psl,rh_PSL
11044,rh_47s,rh_47s
11045,rh_47s,rh_47s
11046,rh_aaic,rh_AAIC
11047,rh_stga,rh_STGa
11048,rh_tgd,rh_TGd
11049,rh_tgd,rh_TGd
11050,rh_tgd,rh_TGd
11051,rh_tgd,rh_TGd
11052,rh_?,rh_?
11053,rh_?,rh_?
11054,rh_?,rh_?
11055,rh_?,rh_?
11056,rh_h,rh_H
11057,rh_h,rh_H
11058,rh_ec,rh_EC
11059,rh_ec,rh_EC
11060,rh_v1,rh_V1
11061,rh_v1,rh_V1
11062,rh_v1,rh_V1
11063,rh_vmv1,rh_VMV1
11064,rh_vmv2,rh_VMV2
11065,rh_vmv2,rh_VMV2
11066,rh_pha3,rh_PHA3
11067,rh_pha2,rh_PHA2
11068,rh_mst,rh_MST
11069,rh_tpoj2,rh_TPOJ2
11070,rh_mst,rh_MST
11071,rh_pit,rh_PIT
11072,rh_ffc,rh_FFC
11073,rh_ffc,rh_FFC
11074,rh_ffc,rh_FFC
11075,rh_ffc,rh_FFC
11076,rh_a4,rh_A4
11077,rh_a4,rh_A4
11078,rh_a4,rh_A4
11079,rh_te1m,rh_TE1m
11080,rh_te1m,rh_TE1m
11081,rh_te1m,rh_TE1m
11082,rh_te1m,rh_TE1m
11083,rh_te1m,rh_TE1m
11084,rh_6ma,rh_6ma
11085,rh_6ma,rh_6ma
11086,rh_6ma,rh_6ma
11087,rh_6a,rh_6a
11088,rh_6a,rh_6a
11089,rh_6a,rh_6a
11090,rh_6a,rh_6a
11091,rh_6a,rh_6a
11092,rh_4,rh_4
11093,rh_4,rh_4
11094,rh_6mp,rh_6mp
11095,rh_6mp,rh_6mp
11096,rh_6mp,rh_6mp
11097,rh_6ma,rh_6ma
11098,rh_6ma,rh_6ma
11099,rh_3a,rh_3a
11100,rh_3b,rh_3b
11101,rh_3a,rh_3a
11102,rh_4,rh_4
11103,rh_4,rh_4
11104,rh_4,rh_4
11105,rh_4,rh_4
11106,rh_6d,rh_6d
11107,rh_4,rh_4
11108,rh_6d,rh_6d
11109,rh_4,rh_4
11110,rh_4,rh_4
11111,rh_3a,rh_3a
11112,rh_3a,rh_3a
11113,rh_6a,rh_6a
11114,rh_6a,rh_6a
11115,rh_6a,rh_6a
11116,rh_6a,rh_6a
11117,rh_6a,rh_6a
11118,rh_fef,rh_FEF
11119,rh_ifsa,rh_IFSa
11120,rh_ifsa,rh_IFSa
11121,rh_ifsp,rh_IFSp
11122,rh_p9_46v,rh_p9-46v
11123,rh_ifsp,rh_IFSp
11124,rh_ifsp,rh_IFSp
11125,rh_ifja,rh_IFJa
11126,rh_ifsp,rh_IFSp
11127,rh_a47r,rh_a47r
11128,rh_a47r,rh_a47r
11129,rh_a9_46v,rh_a9-46v
11130,rh_ifsa,rh_IFSa
11131,rh_ifsa,rh_IFSa
11132,rh_ifsa,rh_IFSa
11133,rh_ifsa,rh_IFSa
11134,rh_9_46d,rh_9-46d
11135,rh_9a,rh_9a
11136,rh_9_46d,rh_9-46d
11137,rh_9_46d,rh_9-46d
11138,rh_9_46d,rh_9-46d
11139,rh_p10p,rh_p10p
11140,rh_p10p,rh_p10p
11141,rh_?,rh_?
11142,rh_?,rh_?
11143,rh_?,rh_?
11144,rh_p24,rh_p24
11145,rh_?,rh_?
11146,rh_p24,rh_p24
11147,rh_?,rh_?
11148,rh_p24,rh_p24
11149,rh_24dv,rh_24dv
11150,rh_p24pr,rh_p24pr
11151,rh_p24pr,rh_p24pr
11152,rh_33pr,rh_33pr
11153,rh_33pr,rh_33pr
11154,rh_?,rh_?
11155,rh_?,rh_?
11156,rh_pos2,rh_POS2
11157,rh_pos2,rh_POS2
11158,rh_pos2,rh_POS2
11159,rh_31pd,rh_31pd
11160,rh_7m,rh_7m
11161,rh_7m,rh_7m
11162,rh_7m,rh_7m
11163,rh_31pd,rh_31pd
11164,rh_7am,rh_7Am
11165,rh_7am,rh_7Am
11166,rh_7am,rh_7Am
11167,rh_7pm,rh_7Pm
11168,rh_7pm,rh_7Pm
11169,rh_pos2,rh_POS2
11170,rh_pos2,rh_POS2
11171,rh_pfm,rh_PFm
11172,rh_pfm,rh_PFm
11173,rh_pfm,rh_PFm
11174,rh_ip1,rh_IP1
11175,rh_pfm,rh_PFm
11176,rh_ip1,rh_IP1
11177,rh_ip1,rh_IP1
11178,rh_ip1,rh_IP1
11179,rh_aip,rh_AIP
11180,rh_aip,rh_AIP
11181,rh_aip,rh_AIP
11182,rh_ip2,rh_IP2
11183,rh_ip2,rh_IP2
11184,rh_ip2,rh_IP2
11185,rh_pfm,rh_PFm
11186,rh_op4,rh_OP4
11187,rh_op4,rh_OP4
11188,rh_op4,rh_OP4
11189,rh_pfop,rh_PFop
11190,rh_pfcm,rh_PFcm
11191,rh_pf,rh_PF
11192,rh_pf,rh_PF
11193,rh_pf,rh_PF
11194,rh_mi,rh_MI
11195,rh_aaic,rh_AAIC
11196,rh_poi2,rh_PoI2
11197,rh_pi,rh_PI
11198,rh_poi1,rh_PoI1
11199,rh_pi,rh_PI
11200,rh_stga,rh_STGa
11201,rh_ta2,rh_TA2
11202,rh_?,rh_?
11203,rh_?,rh_?
11204,rh_?,rh_?
11205,rh_?,rh_?
11206,rh_?,rh_?
11207,rh_?,rh_?
11208,rh_?,rh_?
11209,rh_?,rh_?
11210,rh_v1,rh_V1
11211,rh_v1,rh_V1
11212,rh_v1,rh_V1
11213,rh_v1,rh_V1
11214,rh_v2,rh_V2
11215,rh_v2,rh_V2
11216,rh_vmv1,rh_VMV1
11217,rh_pha1,rh_PHA1
11218,rh_lo1,rh_LO1
11219,rh_lo1,rh_LO1
11220,rh_lo1,rh_LO1
11221,rh_v2,rh_V2
11222,rh_v3,rh_V3
11223,rh_v3,rh_V3
11224,rh_v4,rh_V4
11225,rh_v3,rh_V3
11226,rh_a5,rh_A5
11227,rh_stsdp,rh_STSdp
11228,rh_stsdp,rh_STSdp
11229,rh_stsvp,rh_STSvp
11230,rh_stsdp,rh_STSdp
11231,rh_stsvp,rh_STSvp
11232,rh_stsvp,rh_STSvp
11233,rh_stsvp,rh_STSvp
11234,rh_8bm,rh_8BM
11235,rh_8bm,rh_8BM
11236,rh_8bm,rh_8BM
11237,rh_8bl,rh_8BL
11238,rh_8bm,rh_8BM
11239,rh_8bl,rh_8BL
11240,rh_8bl,rh_8BL
11241,rh_8bl,rh_8BL
11242,rh_s6_8,rh_s6-8
11243,rh_s6_8,rh_s6-8
11244,rh_8ad,rh_8Ad
11245,rh_8ad,rh_8Ad
11246,rh_8ad,rh_8Ad
11247,rh_8ad,rh_8Ad
11248,rh_9p,rh_9p
11249,rh_9p,rh_9p
11250,rh_9p,rh_9p
11251,rh_9p,rh_9p
11252,rh_46,rh_46
11253,rh_9_46d,rh_9-46d
11254,rh_46,rh_46
11255,rh_46,rh_46
11256,rh_46,rh_46
11257,rh_5mv,rh_5mv
11258,rh_5mv,rh_5mv
11259,rh_5mv,rh_5mv
11260,rh_24dd,rh_24dd
11261,rh_5mv,rh_5mv
11262,rh_5mv,rh_5mv
11263,rh_5mv,rh_5mv
11264,rh_24dd,rh_24dd
11265,rh_4,rh_4
11266,rh_4,rh_4
11267,rh_6mp,rh_6mp
11268,rh_scef,rh_SCEF
11269,rh_24dd,rh_24dd
11270,rh_24dd,rh_24dd
11271,rh_24dd,rh_24dd
11272,rh_24dv,rh_24dv
11273,rh_24dv,rh_24dv
11274,rh_24dv,rh_24dv
11275,rh_scef,rh_SCEF
11276,rh_scef,rh_SCEF
11277,rh_p32pr,rh_p32pr
11278,rh_p32pr,rh_p32pr
11279,rh_7pc,rh_7PC
11280,rh_7pc,rh_7PC
11281,rh_7pc,rh_7PC
11282,rh_2,rh_2
11283,rh_7pc,rh_7PC
11284,rh_7al,rh_7AL
11285,rh_7al,rh_7AL
11286,rh_7al,rh_7AL
11287,rh_3b,rh_3b
11288,rh_1,rh_1
11289,rh_3b,rh_3b
11290,rh_5l,rh_5L
11291,rh_5l,rh_5L
11292,rh_5l,rh_5L
11293,rh_7al,rh_7AL
11294,rh_5l,rh_5L
11295,rh_7am,rh_7Am
11296,rh_5l,rh_5L
11297,rh_5mv,rh_5mv
11298,rh_5mv,rh_5mv
11299,rh_5mv,rh_5mv
11300,rh_5mv,rh_5mv
11301,rh_3b,rh_3b
11302,rh_3b,rh_3b
11303,rh_3b,rh_3b
11304,rh_3b,rh_3b
11305,rh_3b,rh_3b
11306,rh_3b,rh_3b
11307,rh_1,rh_1
11308,rh_1,rh_1
11309,rh_4,rh_4
11310,rh_3a,rh_3a
11311,rh_3a,rh_3a
11312,rh_1,rh_1
11313,rh_1,rh_1
11314,rh_1,rh_1
11315,rh_1,rh_1
11316,rh_2,rh_2
11317,rh_2,rh_2
11318,rh_2,rh_2
11319,rh_2,rh_2
11320,rh_2,rh_2
11321,rh_2,rh_2
11322,rh_7pc,rh_7PC
11323,rh_p9_46v,rh_p9-46v
11324,rh_8c,rh_8C
11325,rh_8c,rh_8C
11326,rh_8c,rh_8C
11327,rh_8c,rh_8C
11328,rh_8c,rh_8C
11329,rh_8c,rh_8C
11330,rh_i6_8,rh_i6-8
11331,rh_i6_8,rh_i6-8
11332,rh_8av,rh_8Av
11333,rh_pef,rh_PEF
11334,rh_pef,rh_PEF
11335,rh_pef,rh_PEF
11336,rh_pef,rh_PEF
11337,rh_pef,rh_PEF
11338,rh_pef,rh_PEF
11339,rh_6v,rh_6v
11340,rh_4,rh_4
11341,rh_4,rh_4
11342,rh_3a,rh_3a
11343,rh_3a,rh_3a
11344,rh_fop3,rh_FOP3
11345,rh_fop3,rh_FOP3
11346,rh_fop3,rh_FOP3
11347,rh_fop4,rh_FOP4
11348,rh_fop3,rh_FOP3
11349,rh_fop1,rh_FOP1
11350,rh_fop2,rh_FOP2
11351,rh_fop1,rh_FOP1
11352,rh_44,rh_44
11353,rh_44,rh_44
11354,rh_44,rh_44
11355,rh_6r,rh_6r
11356,rh_6r,rh_6r
11357,rh_6r,rh_6r
11358,rh_43,rh_43
11359,rh_43,rh_43
11360,rh_43,rh_43
11361,rh_43,rh_43
11362,rh_6v,rh_6v
11363,rh_43,rh_43
11364,rh_4,rh_4
11365,rh_3a,rh_3a
11366,rh_4,rh_4
11367,rh_ofc,rh_OFC
11368,rh_ofc,rh_OFC
11369,rh_11l,rh_11l
11370,rh_11l,rh_11l
11371,rh_11l,rh_11l
11372,rh_47m,rh_47m
11373,rh_47m,rh_47m
11374,rh_47m,rh_47m
11375,rh_a47r,rh_a47r
11376,rh_a47r,rh_a47r
11377,rh_p47r,rh_p47r
11378,rh_47l,rh_47l
11379,rh_47l,rh_47l
11380,rh_47l,rh_47l
11381,rh_47l,rh_47l
11382,rh_avi,rh_AVI
11383,rh_avi,rh_AVI
11384,rh_avi,rh_AVI
11385,rh_fop4,rh_FOP4
11386,rh_fop4,rh_FOP4
11387,rh_fop4,rh_FOP4
11388,rh_mi,rh_MI
11389,rh_d32,rh_d32
11390,rh_d32,rh_d32
11391,rh_d32,rh_d32
11392,rh_9m,rh_9m
11393,rh_9m,rh_9m
11394,rh_9m,rh_9m
11395,rh_9m,rh_9m
11396,rh_9m,rh_9m
11397,rh_9a,rh_9a
11398,rh_10d,rh_10d
11399,rh_10d,rh_10d
11400,rh_10v,rh_10v
11401,rh_10d,rh_10d
11402,rh_10r,rh_10r
11403,rh_10r,rh_10r
11404,rh_10r,rh_10r
11405,rh_10r,rh_10r
11406,rh_10v,rh_10v
11407,rh_10pp,rh_10pp
11408,rh_10pp,rh_10pp
11409,rh_ofc,rh_OFC
11410,rh_ofc,rh_OFC
11411,rh_?,rh_?
11412,rh_?,rh_?
11413,rh_?,rh_?
11414,rh_?,rh_?
11415,rh_?,rh_?
11416,rh_?,rh_?
11417,rh_?,rh_?
11418,rh_?,rh_?
11419,rh_?,rh_?
11420,rh_?,rh_?
11421,rh_?,rh_?
11422,rh_?,rh_?
11423,rh_?,rh_?
11424,rh_?,rh_?
11425,rh_?,rh_?
11426,rh_?,rh_?
11427,rh_?,rh_?
11428,rh_?,rh_?
11429,rh_10v,rh_10v
11430,rh_25,rh_25
11431,rh_10v,rh_10v
11432,rh_ofc,rh_OFC
11433,rh_ofc,rh_OFC
11434,rh_23c,rh_23c
11435,rh_31a,rh_31a
11436,rh_23c,rh_23c
11437,rh_31pv,rh_31pv
11438,rh_31pv,rh_31pv
11439,rh_31pv,rh_31pv
11440,rh_31pv,rh_31pv
11441,rh_d23ab,rh_d23ab
11442,rh_23d,rh_23d
11443,rh_23d,rh_23d
11444,rh_rsc,rh_RSC
11445,rh_?,rh_?
11446,rh_?,rh_?
11447,rh_?,rh_?
11448,rh_rsc,rh_RSC
11449,rh_?,rh_?
11450,rh_?,rh_?
11451,rh_?,rh_?
11452,rh_?,rh_?
11453,rh_?,rh_?
11454,rh_?,rh_?
11455,rh_?,rh_?
11456,rh_v3,rh_V3
11457,rh_v2,rh_V2
11458,rh_v2,rh_V2
11459,rh_v2,rh_V2
11460,rh_v2,rh_V2
11461,rh_v2,rh_V2
11462,rh_v1,rh_V1
11463,rh_v1,rh_V1
11464,rh_pos2,rh_POS2
11465,rh_v6,rh_V6
11466,rh_dvt,rh_DVT
11467,rh_dvt,rh_DVT
11468,rh_v2,rh_V2
11469,rh_v2,rh_V2
11470,rh_v1,rh_V1
11471,rh_v1,rh_V1
11472,rh_v1,rh_V1
11473,rh_v2,rh_V2
11474,rh_pos1,rh_POS1
11475,rh_pros,rh_ProS
11476,rh_pos1,rh_POS1
11477,rh_pos1,rh_POS1
11478,rh_rsc,rh_RSC
11479,rh_lipv,rh_LIPv
11480,rh_lipv,rh_LIPv
11481,rh_lipv,rh_LIPv
11482,rh_lipv,rh_LIPv
11483,rh_lipv,rh_LIPv
11484,rh_mip,rh_MIP
11485,rh_mip,rh_MIP
11486,rh_mip,rh_MIP
11487,rh_7pl,rh_7PL
11488,rh_7pl,rh_7PL
11489,rh_7pl,rh_7PL
11490,rh_v7,rh_V7
11491,rh_ips1,rh_IPS1
11492,rh_ips1,rh_IPS1
11493,rh_ips1,rh_IPS1
11494,rh_v7,rh_V7
11495,rh_v3b,rh_V3B
11496,rh_v7,rh_V7
11497,rh_v3a,rh_V3A
11498,rh_v3a,rh_V3A
11499,rh_v3,rh_V3
11500,rh_v3,rh_V3
11501,rh_pgi,rh_PGi
11502,rh_tpoj1,rh_TPOJ1
11503,rh_pgi,rh_PGi
11504,rh_pgi,rh_PGi
11505,rh_pgi,rh_PGi
11506,rh_pgi,rh_PGi
11507,rh_tpoj3,rh_TPOJ3
11508,rh_tpoj3,rh_TPOJ3
11509,rh_pgs,rh_PGs
11510,rh_pgi,rh_PGi
11511,rh_pgi,rh_PGi
11512,rh_pgp,rh_PGp
11513,rh_pgs,rh_PGs
11514,rh_pgp,rh_PGp
11515,rh_tpoj3,rh_TPOJ3
11516,rh_pgp,rh_PGp
11517,rh_lo3,rh_LO3
11518,rh_pgp,rh_PGp
11519,rh_v3cd,rh_V3CD
11520,rh_v3cd,rh_V3CD
11521,rh_v4,rh_V4
11522,rh_v4,rh_V4
11523,rh_v4,rh_V4
11524,rh_2,rh_2
11525,rh_pft,rh_PFt
11526,rh_pft,rh_PFt
11527,rh_pft,rh_PFt
11528,rh_pft,rh_PFt
11529,rh_pf,rh_PF
11530,rh_pf,rh_PF
11531,rh_pf,rh_PF
11532,rh_ip2,rh_IP2
11533,rh_ip2,rh_IP2
11534,rh_pfm,rh_PFm
11535,rh_pfm,rh_PFm
11536,rh_pfm,rh_PFm
11537,rh_pfm,rh_PFm
11538,rh_pf,rh_PF
11539,rh_psl,rh_PSL
11540,rh_psl,rh_PSL
11541,rh_psl,rh_PSL
11542,rh_pgi,rh_PGi
11543,rh_stv,rh_STV
11544,rh_pgi,rh_PGi
11545,rh_stv,rh_STV
11546,rh_ig,rh_Ig
11547,rh_poi1,rh_PoI1
11548,rh_ig,rh_Ig
11549,rh_ri,rh_RI
11550,rh_mbelt,rh_MBelt
11551,rh_a1,rh_A1
11552,rh_a1,rh_A1
11553,rh_lbelt,rh_LBelt
11554,rh_pfcm,rh_PFcm
11555,rh_ri,rh_RI
11556,rh_ri,rh_RI
11557,rh_ri,rh_RI
11558,rh_ri,rh_RI
11559,rh_pbelt,rh_PBelt
11560,rh_pbelt,rh_PBelt
11561,rh_pbelt,rh_PBelt
11562,rh_a4,rh_A4
11563,rh_a4,rh_A4
11564,rh_stv,rh_STV
11565,rh_tpoj1,rh_TPOJ1
11566,rh_stv,rh_STV
11567,rh_tpoj1,rh_TPOJ1
11568,rh_stv,rh_STV
11569,rh_13l,rh_13l
11570,rh_pofc,rh_pOFC
11571,rh_13l,rh_13l
11572,rh_pir,rh_Pir
11573,rh_pir,rh_Pir
11574,rh_?,rh_?
11575,rh_?,rh_?
11576,rh_?,rh_?
11577,rh_pir,rh_Pir
11578,rh_pir,rh_Pir
11579,rh_pir,rh_Pir
11580,rh_tgd,rh_TGd
11581,rh_tgd,rh_TGd
11582,rh_tgd,rh_TGd
11583,rh_tgd,rh_TGd
11584,rh_tgd,rh_TGd
11585,rh_tgv,rh_TGv
11586,rh_tgd,rh_TGd
11587,rh_te2a,rh_TE2a
11588,rh_tgv,rh_TGv
11589,rh_tgv,rh_TGv
11590,rh_tgv,rh_TGv
11591,rh_te2a,rh_TE2a
11592,rh_?,rh_?
11593,rh_?,rh_?
11594,rh_?,rh_?
11595,rh_?,rh_?
11596,rh_?,rh_?
11597,rh_h,rh_H
11598,rh_pres,rh_PreS
11599,rh_h,rh_H
11600,rh_?,rh_?
11601,rh_?,rh_?
11602,rh_?,rh_?
11603,rh_h,rh_H
11604,rh_h,rh_H
11605,rh_pres,rh_PreS
11606,rh_pres,rh_PreS
11607,rh_pha1,rh_PHA1
11608,rh_pha2,rh_PHA2
11609,rh_peec,rh_PeEc
11610,rh_peec,rh_PeEc
11611,rh_peec,rh_PeEc
11612,rh_peec,rh_PeEc
11613,rh_tf,rh_TF
11614,rh_peec,rh_PeEc
11615,rh_v1,rh_V1
11616,rh_v1,rh_V1
11617,rh_v1,rh_V1
11618,rh_v1,rh_V1
11619,rh_v1,rh_V1
11620,rh_v2,rh_V2
11621,rh_v3,rh_V3
11622,rh_v3,rh_V3
11623,rh_v2,rh_V2
11624,rh_v2,rh_V2
11625,rh_v2,rh_V2
11626,rh_vmv3,rh_VMV3
11627,rh_v4,rh_V4
11628,rh_v4,rh_V4
11629,rh_v4,rh_V4
11630,rh_vmv3,rh_VMV3
11631,rh_vvc,rh_VVC
11632,rh_vmv3,rh_VMV3
11633,rh_vvc,rh_VVC
11634,rh_vvc,rh_VVC
11635,rh_vvc,rh_VVC
11636,rh_tf,rh_TF
11637,rh_tf,rh_TF
11638,rh_tpoj2,rh_TPOJ2
11639,rh_tpoj1,rh_TPOJ1
11640,rh_tpoj2,rh_TPOJ2
11641,rh_pht,rh_PHT
11642,rh_pht,rh_PHT
11643,rh_pht,rh_PHT
11644,rh_te1p,rh_TE1p
11645,rh_pht,rh_PHT
11646,rh_v4t,rh_V4t
11647,rh_mst,rh_MST
11648,rh_fst,rh_FST
11649,rh_ph,rh_PH
11650,rh_ph,rh_PH
11651,rh_ph,rh_PH
11652,rh_te1p,rh_TE1p
11653,rh_te1p,rh_TE1p
11654,rh_te1p,rh_TE1p
11655,rh_te2p,rh_TE2p
11656,rh_ffc,rh_FFC
11657,rh_te2p,rh_TE2p
11658,rh_ffc,rh_FFC
11659,rh_te2p,rh_TE2p
11660,rh_ffc,rh_FFC
11661,rh_mbelt,rh_MBelt
11662,rh_52,rh_52
11663,rh_mbelt,rh_MBelt
11664,rh_a4,rh_A4
11665,rh_a4,rh_A4
11666,rh_a5,rh_A5
11667,rh_a5,rh_A5
11668,rh_stsda,rh_STSda
11669,rh_stsdp,rh_STSdp
11670,rh_stsdp,rh_STSdp
11671,rh_stsdp,rh_STSdp
11672,rh_stsva,rh_STSva
11673,rh_stsva,rh_STSva
11674,rh_stsva,rh_STSva
11675,rh_stsva,rh_STSva
11676,rh_te1a,rh_TE1a
11677,rh_te1a,rh_TE1a
11678,rh_te1a,rh_TE1a
11679,rh_te2a,rh_TE2a
11680,rh_te2a,rh_TE2a
11681,rh_te2a,rh_TE2a
11682,rh_te2a,rh_TE2a
11683,rh_te2a,rh_TE2a
11684,rh_6mp,rh_6mp
11685,rh_6ma,rh_6ma
11686,rh_6a,rh_6a
11687,rh_6a,rh_6a
11688,rh_6a,rh_6a
11689,rh_6mp,rh_6mp
11690,rh_6mp,rh_6mp
11691,rh_6mp,rh_6mp
11692,rh_6mp,rh_6mp
11693,rh_4,rh_4
11694,rh_4,rh_4
11695,rh_4,rh_4
11696,rh_4,rh_4
11697,rh_6d,rh_6d
11698,rh_6d,rh_6d
11699,rh_6d,rh_6d
11700,rh_4,rh_4
11701,rh_6a,rh_6a
11702,rh_6a,rh_6a
11703,rh_6a,rh_6a
11704,rh_46,rh_46
11705,rh_p9_46v,rh_p9-46v
11706,rh_p9_46v,rh_p9-46v
11707,rh_p9_46v,rh_p9-46v
11708,rh_p9_46v,rh_p9-46v
11709,rh_a9_46v,rh_a9-46v
11710,rh_a9_46v,rh_a9-46v
11711,rh_a9_46v,rh_a9-46v
11712,rh_a9_46v,rh_a9-46v
11713,rh_9_46d,rh_9-46d
11714,rh_9_46d,rh_9-46d
11715,rh_9_46d,rh_9-46d
11716,rh_9_46d,rh_9-46d
11717,rh_33pr,rh_33pr
11718,rh_?,rh_?
11719,rh_a24pr,rh_a24pr
11720,rh_p24,rh_p24
11721,rh_a32pr,rh_a32pr
11722,rh_p32pr,rh_p32pr
11723,rh_p24pr,rh_p24pr
11724,rh_a24pr,rh_a24pr
11725,rh_a24pr,rh_a24pr
11726,rh_7m,rh_7m
11727,rh_7m,rh_7m
11728,rh_7m,rh_7m
11729,rh_31pd,rh_31pd
11730,rh_31pd,rh_31pd
11731,rh_7am,rh_7Am
11732,rh_7pm,rh_7Pm
11733,rh_pcv,rh_PCV
11734,rh_7pm,rh_7Pm
11735,rh_ip2,rh_IP2
11736,rh_ip2,rh_IP2
11737,rh_ip2,rh_IP2
11738,rh_ip1,rh_IP1
11739,rh_ip1,rh_IP1
11740,rh_aip,rh_AIP
11741,rh_aip,rh_AIP
11742,rh_aip,rh_AIP
11743,rh_ip2,rh_IP2
11744,rh_op4,rh_OP4
11745,rh_op4,rh_OP4
11746,rh_op4,rh_OP4
11747,rh_pfop,rh_PFop
11748,rh_pfop,rh_PFop
11749,rh_mi,rh_MI
11750,rh_poi2,rh_PoI2
11751,rh_poi2,rh_PoI2
11752,rh_poi1,rh_PoI1
11753,rh_pi,rh_PI
11754,rh_?,rh_?
11755,rh_?,rh_?
11756,rh_?,rh_?
11757,rh_?,rh_?
11758,rh_?,rh_?
11759,rh_v1,rh_V1
11760,rh_v1,rh_V1
11761,rh_pros,rh_ProS
11762,rh_pros,rh_ProS
11763,rh_pres,rh_PreS
11764,rh_v4,rh_V4
11765,rh_v3,rh_V3
11766,rh_v3,rh_V3
11767,rh_v2,rh_V2
11768,rh_v1,rh_V1
11769,rh_stsdp,rh_STSdp
11770,rh_stsdp,rh_STSdp
11771,rh_stsdp,rh_STSdp
11772,rh_tpoj1,rh_TPOJ1
11773,rh_stsvp,rh_STSvp
11774,rh_8bm,rh_8BM
11775,rh_8bm,rh_8BM
11776,rh_8bm,rh_8BM
11777,rh_8bl,rh_8BL
11778,rh_8bl,rh_8BL
11779,rh_i6_8,rh_i6-8
11780,rh_8ad,rh_8Ad
11781,rh_8ad,rh_8Ad
11782,rh_8ad,rh_8Ad
11783,rh_46,rh_46
11784,rh_9_46d,rh_9-46d
11785,rh_46,rh_46
11786,rh_46,rh_46
11787,rh_8av,rh_8Av
11788,rh_5l,rh_5L
11789,rh_5mv,rh_5mv
11790,rh_5m,rh_5m
11791,rh_5m,rh_5m
11792,rh_24dd,rh_24dd
11793,rh_6ma,rh_6ma
11794,rh_scef,rh_SCEF
11795,rh_scef,rh_SCEF
11796,rh_scef,rh_SCEF
11797,rh_scef,rh_SCEF
11798,rh_scef,rh_SCEF
11799,rh_scef,rh_SCEF
11800,rh_scef,rh_SCEF
11801,rh_2,rh_2
11802,rh_2,rh_2
11803,rh_2,rh_2
11804,rh_2,rh_2
11805,rh_2,rh_2
11806,rh_3b,rh_3b
11807,rh_3b,rh_3b
11808,rh_3b,rh_3b
11809,rh_5m,rh_5m
11810,rh_5l,rh_5L
11811,rh_5l,rh_5L
11812,rh_5l,rh_5L
11813,rh_5l,rh_5L
11814,rh_3a,rh_3a
11815,rh_3b,rh_3b
11816,rh_3a,rh_3a
11817,rh_3b,rh_3b
11818,rh_3b,rh_3b
11819,rh_3b,rh_3b
11820,rh_3b,rh_3b
11821,rh_3b,rh_3b
11822,rh_1,rh_1
11823,rh_1,rh_1
11824,rh_2,rh_2
11825,rh_2,rh_2
11826,rh_2,rh_2
11827,rh_8c,rh_8C
11828,rh_8av,rh_8Av
11829,rh_8av,rh_8Av
11830,rh_8av,rh_8Av
11831,rh_fef,rh_FEF
11832,rh_fef,rh_FEF
11833,rh_fef,rh_FEF
11834,rh_55b,rh_55b
11835,rh_6v,rh_6v
11836,rh_6v,rh_6v
11837,rh_6v,rh_6v
11838,rh_4,rh_4
11839,rh_fop5,rh_FOP5
11840,rh_fop4,rh_FOP4
11841,rh_fop4,rh_FOP4
11842,rh_fop4,rh_FOP4
11843,rh_fop4,rh_FOP4
11844,rh_ifja,rh_IFJa
11845,rh_44,rh_44
11846,rh_6r,rh_6r
11847,rh_6r,rh_6r
11848,rh_6r,rh_6r
11849,rh_43,rh_43
11850,rh_6r,rh_6r
11851,rh_6v,rh_6v
11852,rh_6v,rh_6v
11853,rh_11l,rh_11l
11854,rh_11l,rh_11l
11855,rh_11l,rh_11l
11856,rh_11l,rh_11l
11857,rh_a47r,rh_a47r
11858,rh_p47r,rh_p47r
11859,rh_p47r,rh_p47r
11860,rh_45,rh_45
11861,rh_45,rh_45
11862,rh_fop5,rh_FOP5
11863,rh_fop5,rh_FOP5
11864,rh_fop5,rh_FOP5
11865,rh_fop5,rh_FOP5
11866,rh_9m,rh_9m
11867,rh_9m,rh_9m
11868,rh_9m,rh_9m
11869,rh_9m,rh_9m
11870,rh_9m,rh_9m
11871,rh_p10p,rh_p10p
11872,rh_10d,rh_10d
11873,rh_10pp,rh_10pp
11874,rh_10pp,rh_10pp
11875,rh_10v,rh_10v
11876,rh_10v,rh_10v
11877,rh_10pp,rh_10pp
11878,rh_10pp,rh_10pp
11879,rh_?,rh_?
11880,rh_?,rh_?
11881,rh_?,rh_?
11882,rh_?,rh_?
11883,rh_?,rh_?
11884,rh_?,rh_?
11885,rh_?,rh_?
11886,rh_?,rh_?
11887,rh_?,rh_?
11888,rh_?,rh_?
11889,rh_?,rh_?
11890,rh_25,rh_25
11891,rh_s32,rh_s32
11892,rh_s32,rh_s32
11893,rh_23c,rh_23c
11894,rh_23c,rh_23c
11895,rh_23c,rh_23c
11896,rh_23d,rh_23d
11897,rh_23d,rh_23d
11898,rh_?,rh_?
11899,rh_?,rh_?
11900,rh_?,rh_?
11901,rh_?,rh_?
11902,rh_?,rh_?
11903,rh_?,rh_?
11904,rh_?,rh_?
11905,rh_?,rh_?
11906,rh_v3a,rh_V3A
11907,rh_v3,rh_V3
11908,rh_v3,rh_V3
11909,rh_v3,rh_V3
11910,rh_v3,rh_V3
11911,rh_pos2,rh_POS2
11912,rh_pos2,rh_POS2
11913,rh_pos2,rh_POS2
11914,rh_pos1,rh_POS1
11915,rh_pos1,rh_POS1
11916,rh_dvt,rh_DVT
11917,rh_pos1,rh_POS1
11918,rh_pos1,rh_POS1
11919,rh_v23ab,rh_v23ab
11920,rh_7pc,rh_7PC
11921,rh_lipv,rh_LIPv
11922,rh_lipv,rh_LIPv
11923,rh_vip,rh_VIP
11924,rh_vip,rh_VIP
11925,rh_dvt,rh_DVT
11926,rh_7pl,rh_7PL
11927,rh_dvt,rh_DVT
11928,rh_ips1,rh_IPS1
11929,rh_v7,rh_V7
11930,rh_v3a,rh_V3A
11931,rh_v3a,rh_V3A
11932,rh_v3a,rh_V3A
11933,rh_pgi,rh_PGi
11934,rh_pgi,rh_PGi
11935,rh_pgi,rh_PGi
11936,rh_pgi,rh_PGi
11937,rh_pgi,rh_PGi
11938,rh_pgs,rh_PGs
11939,rh_pgs,rh_PGs
11940,rh_pgs,rh_PGs
11941,rh_pgp,rh_PGp
11942,rh_pgp,rh_PGp
11943,rh_pgp,rh_PGp
11944,rh_pgp,rh_PGp
11945,rh_v3cd,rh_V3CD
11946,rh_v3cd,rh_V3CD
11947,rh_2,rh_2
11948,rh_pft,rh_PFt
11949,rh_pft,rh_PFt
11950,rh_pft,rh_PFt
11951,rh_pft,rh_PFt
11952,rh_pfm,rh_PFm
11953,rh_pfm,rh_PFm
11954,rh_pfm,rh_PFm
11955,rh_pfm,rh_PFm
11956,rh_pfm,rh_PFm
11957,rh_pfm,rh_PFm
11958,rh_pfm,rh_PFm
11959,rh_pgi,rh_PGi
11960,rh_ig,rh_Ig
11961,rh_ig,rh_Ig
11962,rh_op2_3,rh_OP2-3
11963,rh_op2_3,rh_OP2-3
11964,rh_ri,rh_RI
11965,rh_pfcm,rh_PFcm
11966,rh_ri,rh_RI
11967,rh_pfcm,rh_PFcm
11968,rh_ri,rh_RI
11969,rh_a4,rh_A4
11970,rh_a4,rh_A4
11971,rh_psl,rh_PSL
11972,rh_psl,rh_PSL
11973,rh_stv,rh_STV
11974,rh_47s,rh_47s
11975,rh_47s,rh_47s
11976,rh_47s,rh_47s
11977,rh_aaic,rh_AAIC
11978,rh_pir,rh_Pir
11979,rh_tgd,rh_TGd
11980,rh_tgd,rh_TGd
11981,rh_tgd,rh_TGd
11982,rh_tgd,rh_TGd
11983,rh_tgd,rh_TGd
11984,rh_tgd,rh_TGd
11985,rh_tgd,rh_TGd
11986,rh_tgd,rh_TGd
11987,rh_te2a,rh_TE2a
11988,rh_?,rh_?
11989,rh_?,rh_?
11990,rh_?,rh_?
11991,rh_?,rh_?
11992,rh_?,rh_?
11993,rh_?,rh_?
11994,rh_?,rh_?
11995,rh_h,rh_H
11996,rh_h,rh_H
11997,rh_ec,rh_EC
11998,rh_ec,rh_EC
11999,rh_ec,rh_EC
12000,rh_peec,rh_PeEc
12001,rh_peec,rh_PeEc
12002,rh_v1,rh_V1
12003,rh_v1,rh_V1
12004,rh_v1,rh_V1
12005,rh_v1,rh_V1
12006,rh_v2,rh_V2
12007,rh_vmv1,rh_VMV1
12008,rh_v3,rh_V3
12009,rh_vmv2,rh_VMV2
12010,rh_vmv2,rh_VMV2
12011,rh_vmv3,rh_VMV3
12012,rh_vmv3,rh_VMV3
12013,rh_pha3,rh_PHA3
12014,rh_pha3,rh_PHA3
12015,rh_pha3,rh_PHA3
12016,rh_tpoj2,rh_TPOJ2
12017,rh_tpoj2,rh_TPOJ2
12018,rh_tpoj2,rh_TPOJ2
12019,rh_tpoj2,rh_TPOJ2
12020,rh_fst,rh_FST
12021,rh_pit,rh_PIT
12022,rh_ph,rh_PH
12023,rh_ph,rh_PH
12024,rh_ph,rh_PH
12025,rh_ph,rh_PH
12026,rh_te2p,rh_TE2p
12027,rh_ph,rh_PH
12028,rh_ffc,rh_FFC
12029,rh_ffc,rh_FFC
12030,rh_mbelt,rh_MBelt
12031,rh_mbelt,rh_MBelt
12032,rh_pbelt,rh_PBelt
12033,rh_a4,rh_A4
12034,rh_a5,rh_A5
12035,rh_stsvp,rh_STSvp
12036,rh_stsva,rh_STSva
12037,rh_stsvp,rh_STSvp
12038,rh_stsva,rh_STSva
12039,rh_te1a,rh_TE1a
12040,rh_te1a,rh_TE1a
12041,rh_te1m,rh_TE1m
12042,rh_te1m,rh_TE1m
12043,rh_te2a,rh_TE2a
12044,rh_6ma,rh_6ma
12045,rh_s6_8,rh_s6-8
12046,rh_6ma,rh_6ma
12047,rh_6ma,rh_6ma
12048,rh_s6_8,rh_s6-8
12049,rh_6ma,rh_6ma
12050,rh_6ma,rh_6ma
12051,rh_6a,rh_6a
12052,rh_6a,rh_6a
12053,rh_i6_8,rh_i6-8
12054,rh_i6_8,rh_i6-8
12055,rh_4,rh_4
12056,rh_4,rh_4
12057,rh_4,rh_4
12058,rh_4,rh_4
12059,rh_6mp,rh_6mp
12060,rh_6mp,rh_6mp
12061,rh_6mp,rh_6mp
12062,rh_6ma,rh_6ma
12063,rh_6ma,rh_6ma
12064,rh_6ma,rh_6ma
12065,rh_3b,rh_3b
12066,rh_1,rh_1
12067,rh_3b,rh_3b
12068,rh_3b,rh_3b
12069,rh_3b,rh_3b
12070,rh_3a,rh_3a
12071,rh_3a,rh_3a
12072,rh_3a,rh_3a
12073,rh_3a,rh_3a
12074,rh_3a,rh_3a
12075,rh_4,rh_4
12076,rh_4,rh_4
12077,rh_4,rh_4
12078,rh_4,rh_4
12079,rh_4,rh_4
12080,rh_4,rh_4
12081,rh_4,rh_4
12082,rh_3a,rh_3a
12083,rh_3b,rh_3b
12084,rh_3b,rh_3b
12085,rh_8av,rh_8Av
12086,rh_i6_8,rh_i6-8
12087,rh_6a,rh_6a
12088,rh_fef,rh_FEF
12089,rh_6a,rh_6a
12090,rh_fef,rh_FEF
12091,rh_fef,rh_FEF
12092,rh_fef,rh_FEF
12093,rh_6d,rh_6d
12094,rh_45,rh_45
12095,rh_45,rh_45
12096,rh_ifsp,rh_IFSp
12097,rh_ifsp,rh_IFSp
12098,rh_ifsp,rh_IFSp
12099,rh_ifsp,rh_IFSp
12100,rh_ifsp,rh_IFSp
12101,rh_ifja,rh_IFJa
12102,rh_ifja,rh_IFJa
12103,rh_ifja,rh_IFJa
12104,rh_ifjp,rh_IFJp
12105,rh_a10p,rh_a10p
12106,rh_a10p,rh_a10p
12107,rh_a47r,rh_a47r
12108,rh_a47r,rh_a47r
12109,rh_p47r,rh_p47r
12110,rh_a9_46v,rh_a9-46v
12111,rh_p47r,rh_p47r
12112,rh_p47r,rh_p47r
12113,rh_ifsa,rh_IFSa
12114,rh_ifsa,rh_IFSa
12115,rh_9a,rh_9a
12116,rh_9a,rh_9a
12117,rh_9a,rh_9a
12118,rh_9a,rh_9a
12119,rh_9a,rh_9a
12120,rh_9_46d,rh_9-46d
12121,rh_p10p,rh_p10p
12122,rh_p10p,rh_p10p
12123,rh_p10p,rh_p10p
12124,rh_a10p,rh_a10p
12125,rh_?,rh_?
12126,rh_?,rh_?
12127,rh_?,rh_?
12128,rh_?,rh_?
12129,rh_?,rh_?
12130,rh_?,rh_?
12131,rh_?,rh_?
12132,rh_?,rh_?
12133,rh_?,rh_?
12134,rh_?,rh_?
12135,rh_a24,rh_a24
12136,rh_24dv,rh_24dv
12137,rh_23c,rh_23c
12138,rh_p24pr,rh_p24pr
12139,rh_p24pr,rh_p24pr
12140,rh_23d,rh_23d
12141,rh_p24pr,rh_p24pr
12142,rh_33pr,rh_33pr
12143,rh_rsc,rh_RSC
12144,rh_?,rh_?
12145,rh_?,rh_?
12146,rh_dvt,rh_DVT
12147,rh_v6,rh_V6
12148,rh_pos2,rh_POS2
12149,rh_pos2,rh_POS2
12150,rh_pos2,rh_POS2
12151,rh_7m,rh_7m
12152,rh_pos2,rh_POS2
12153,rh_pos2,rh_POS2
12154,rh_7m,rh_7m
12155,rh_7m,rh_7m
12156,rh_v23ab,rh_v23ab
12157,rh_vip,rh_VIP
12158,rh_vip,rh_VIP
12159,rh_7am,rh_7Am
12160,rh_7am,rh_7Am
12161,rh_7pl,rh_7PL
12162,rh_7pm,rh_7Pm
12163,rh_7pm,rh_7Pm
12164,rh_pos2,rh_POS2
12165,rh_pos2,rh_POS2
12166,rh_pos2,rh_POS2
12167,rh_pfm,rh_PFm
12168,rh_pgs,rh_PGs
12169,rh_pfm,rh_PFm
12170,rh_pgs,rh_PGs
12171,rh_pgs,rh_PGs
12172,rh_pfm,rh_PFm
12173,rh_pgs,rh_PGs
12174,rh_pgs,rh_PGs
12175,rh_ip1,rh_IP1
12176,rh_ip1,rh_IP1
12177,rh_ip1,rh_IP1
12178,rh_aip,rh_AIP
12179,rh_aip,rh_AIP
12180,rh_aip,rh_AIP
12181,rh_aip,rh_AIP
12182,rh_ip2,rh_IP2
12183,rh_ip2,rh_IP2
12184,rh_ip2,rh_IP2
12185,rh_pfm,rh_PFm
12186,rh_pfm,rh_PFm
12187,rh_pfm,rh_PFm
12188,rh_op4,rh_OP4
12189,rh_op1,rh_OP1
12190,rh_op1,rh_OP1
12191,rh_op1,rh_OP1
12192,rh_pfcm,rh_PFcm
12193,rh_pfcm,rh_PFcm
12194,rh_pfcm,rh_PFcm
12195,rh_pfcm,rh_PFcm
12196,rh_pfcm,rh_PFcm
12197,rh_pf,rh_PF
12198,rh_pf,rh_PF
12199,rh_avi,rh_AVI
12200,rh_aaic,rh_AAIC
12201,rh_aaic,rh_AAIC
12202,rh_poi2,rh_PoI2
12203,rh_poi1,rh_PoI1
12204,rh_poi1,rh_PoI1
12205,rh_poi1,rh_PoI1
12206,rh_pi,rh_PI
12207,rh_pi,rh_PI
12208,rh_stga,rh_STGa
12209,rh_stga,rh_STGa
12210,rh_?,rh_?
12211,rh_?,rh_?
12212,rh_?,rh_?
12213,rh_?,rh_?
12214,rh_?,rh_?
12215,rh_?,rh_?
12216,rh_?,rh_?
12217,rh_?,rh_?
12218,rh_?,rh_?
12219,rh_?,rh_?
12220,rh_?,rh_?
12221,rh_v1,rh_V1
12222,rh_v1,rh_V1
12223,rh_v1,rh_V1
12224,rh_v1,rh_V1
12225,rh_v2,rh_V2
12226,rh_v1,rh_V1
12227,rh_v2,rh_V2
12228,rh_vmv1,rh_VMV1
12229,rh_vmv1,rh_VMV1
12230,rh_vmv1,rh_VMV1
12231,rh_pha1,rh_PHA1
12232,rh_mt,rh_MT
12233,rh_mt,rh_MT
12234,rh_mt,rh_MT
12235,rh_v4t,rh_V4t
12236,rh_lo2,rh_LO2
12237,rh_v4,rh_V4
12238,rh_pit,rh_PIT
12239,rh_pit,rh_PIT
12240,rh_pit,rh_PIT
12241,rh_v4,rh_V4
12242,rh_v4,rh_V4
12243,rh_a5,rh_A5
12244,rh_a5,rh_A5
12245,rh_a5,rh_A5
12246,rh_stsdp,rh_STSdp
12247,rh_stsdp,rh_STSdp
12248,rh_stsdp,rh_STSdp
12249,rh_stsdp,rh_STSdp
12250,rh_stsdp,rh_STSdp
12251,rh_stsvp,rh_STSvp
12252,rh_stsvp,rh_STSvp
12253,rh_te1p,rh_TE1p
12254,rh_a32pr,rh_a32pr
12255,rh_a32pr,rh_a32pr
12256,rh_a32pr,rh_a32pr
12257,rh_d32,rh_d32
12258,rh_8bm,rh_8BM
12259,rh_8bm,rh_8BM
12260,rh_8bm,rh_8BM
12261,rh_8bm,rh_8BM
12262,rh_9m,rh_9m
12263,rh_9m,rh_9m
12264,rh_9p,rh_9p
12265,rh_s6_8,rh_s6-8
12266,rh_8bl,rh_8BL
12267,rh_8bl,rh_8BL
12268,rh_8ad,rh_8Ad
12269,rh_8bl,rh_8BL
12270,rh_8bl,rh_8BL
12271,rh_8bl,rh_8BL
12272,rh_9p,rh_9p
12273,rh_9p,rh_9p
12274,rh_9p,rh_9p
12275,rh_9p,rh_9p
12276,rh_9_46d,rh_9-46d
12277,rh_9_46d,rh_9-46d
12278,rh_9_46d,rh_9-46d
12279,rh_9_46d,rh_9-46d
12280,rh_9_46d,rh_9-46d
12281,rh_46,rh_46
12282,rh_46,rh_46
12283,rh_pcv,rh_PCV
12284,rh_pcv,rh_PCV
12285,rh_23c,rh_23c
12286,rh_23c,rh_23c
12287,rh_23c,rh_23c
12288,rh_5mv,rh_5mv
12289,rh_5mv,rh_5mv
12290,rh_23c,rh_23c
12291,rh_23c,rh_23c
12292,rh_23c,rh_23c
12293,rh_5mv,rh_5mv
12294,rh_4,rh_4
12295,rh_4,rh_4
12296,rh_24dd,rh_24dd
12297,rh_6mp,rh_6mp
12298,rh_24dd,rh_24dd
12299,rh_24dd,rh_24dd
12300,rh_24dd,rh_24dd
12301,rh_24dd,rh_24dd
12302,rh_24dv,rh_24dv
12303,rh_24dv,rh_24dv
12304,rh_24dv,rh_24dv
12305,rh_24dv,rh_24dv
12306,rh_p32pr,rh_p32pr
12307,rh_p32pr,rh_p32pr
12308,rh_p32pr,rh_p32pr
12309,rh_p32pr,rh_p32pr
12310,rh_p32pr,rh_p32pr
12311,rh_aip,rh_AIP
12312,rh_aip,rh_AIP
12313,rh_7pc,rh_7PC
12314,rh_7pc,rh_7PC
12315,rh_7pc,rh_7PC
12316,rh_7pc,rh_7PC
12317,rh_7pc,rh_7PC
12318,rh_7pc,rh_7PC
12319,rh_7pc,rh_7PC
12320,rh_7al,rh_7AL
12321,rh_7al,rh_7AL
12322,rh_1,rh_1
12323,rh_2,rh_2
12324,rh_2,rh_2
12325,rh_1,rh_1
12326,rh_5l,rh_5L
12327,rh_7al,rh_7AL
12328,rh_7al,rh_7AL
12329,rh_7al,rh_7AL
12330,rh_7al,rh_7AL
12331,rh_7am,rh_7Am
12332,rh_7am,rh_7Am
12333,rh_7am,rh_7Am
12334,rh_7am,rh_7Am
12335,rh_7am,rh_7Am
12336,rh_7am,rh_7Am
12337,rh_pcv,rh_PCV
12338,rh_pcv,rh_PCV
12339,rh_3b,rh_3b
12340,rh_1,rh_1
12341,rh_3b,rh_3b
12342,rh_1,rh_1
12343,rh_2,rh_2
12344,rh_3b,rh_3b
12345,rh_1,rh_1
12346,rh_2,rh_2
12347,rh_2,rh_2
12348,rh_2,rh_2
12349,rh_2,rh_2
12350,rh_3a,rh_3a
12351,rh_3b,rh_3b
12352,rh_3b,rh_3b
12353,rh_3b,rh_3b
12354,rh_3b,rh_3b
12355,rh_1,rh_1
12356,rh_1,rh_1
12357,rh_2,rh_2
12358,rh_2,rh_2
12359,rh_2,rh_2
12360,rh_2,rh_2
12361,rh_aip,rh_AIP
12362,rh_2,rh_2
12363,rh_2,rh_2
12364,rh_aip,rh_AIP
12365,rh_aip,rh_AIP
12366,rh_aip,rh_AIP
12367,rh_p9_46v,rh_p9-46v
12368,rh_p9_46v,rh_p9-46v
12369,rh_p9_46v,rh_p9-46v
12370,rh_8c,rh_8C
12371,rh_8c,rh_8C
12372,rh_8c,rh_8C
12373,rh_8c,rh_8C
12374,rh_8c,rh_8C
12375,rh_ifjp,rh_IFJp
12376,rh_8av,rh_8Av
12377,rh_8av,rh_8Av
12378,rh_8av,rh_8Av
12379,rh_55b,rh_55b
12380,rh_55b,rh_55b
12381,rh_8c,rh_8C
12382,rh_8c,rh_8C
12383,rh_ifjp,rh_IFJp
12384,rh_ifjp,rh_IFJp
12385,rh_6r,rh_6r
12386,rh_6v,rh_6v
12387,rh_6v,rh_6v
12388,rh_6v,rh_6v
12389,rh_4,rh_4
12390,rh_4,rh_4
12391,rh_4,rh_4
12392,rh_3a,rh_3a
12393,rh_3b,rh_3b
12394,rh_poi2,rh_PoI2
12395,rh_poi1,rh_PoI1
12396,rh_poi2,rh_PoI2
12397,rh_ig,rh_Ig
12398,rh_ig,rh_Ig
12399,rh_fop3,rh_FOP3
12400,rh_fop2,rh_FOP2
12401,rh_fop2,rh_FOP2
12402,rh_fop2,rh_FOP2
12403,rh_fop2,rh_FOP2
12404,rh_op2_3,rh_OP2-3
12405,rh_44,rh_44
12406,rh_44,rh_44
12407,rh_44,rh_44
12408,rh_44,rh_44
12409,rh_6r,rh_6r
12410,rh_fop1,rh_FOP1
12411,rh_fop1,rh_FOP1
12412,rh_43,rh_43
12413,rh_op2_3,rh_OP2-3
12414,rh_op4,rh_OP4
12415,rh_op4,rh_OP4
12416,rh_op4,rh_OP4
12417,rh_43,rh_43
12418,rh_43,rh_43
12419,rh_op4,rh_OP4
12420,rh_op4,rh_OP4
12421,rh_1,rh_1
12422,rh_ofc,rh_OFC
12423,rh_ofc,rh_OFC
12424,rh_ofc,rh_OFC
12425,rh_13l,rh_13l
12426,rh_13l,rh_13l
12427,rh_11l,rh_11l
12428,rh_13l,rh_13l
12429,rh_13l,rh_13l
12430,rh_47s,rh_47s
12431,rh_47s,rh_47s
12432,rh_47s,rh_47s
12433,rh_a47r,rh_a47r
12434,rh_a47r,rh_a47r
12435,rh_a47r,rh_a47r
12436,rh_47l,rh_47l
12437,rh_47l,rh_47l
12438,rh_47l,rh_47l
12439,rh_47s,rh_47s
12440,rh_47s,rh_47s
12441,rh_avi,rh_AVI
12442,rh_avi,rh_AVI
12443,rh_avi,rh_AVI
12444,rh_mi,rh_MI
12445,rh_fop5,rh_FOP5
12446,rh_avi,rh_AVI
12447,rh_mi,rh_MI
12448,rh_mi,rh_MI
12449,rh_poi2,rh_PoI2
12450,rh_a32pr,rh_a32pr
12451,rh_a32pr,rh_a32pr
12452,rh_d32,rh_d32
12453,rh_d32,rh_d32
12454,rh_d32,rh_d32
12455,rh_d32,rh_d32
12456,rh_a24,rh_a24
12457,rh_a24,rh_a24
12458,rh_p32,rh_p32
12459,rh_9a,rh_9a
12460,rh_9m,rh_9m
12461,rh_9m,rh_9m
12462,rh_10d,rh_10d
12463,rh_10d,rh_10d
12464,rh_9m,rh_9m
12465,rh_p32,rh_p32
12466,rh_p32,rh_p32
12467,rh_p32,rh_p32
12468,rh_10r,rh_10r
12469,rh_10r,rh_10r
12470,rh_10v,rh_10v
12471,rh_10v,rh_10v
12472,rh_ofc,rh_OFC
12473,rh_ofc,rh_OFC
12474,rh_ofc,rh_OFC
12475,rh_ofc,rh_OFC
12476,rh_ofc,rh_OFC
12477,rh_?,rh_?
12478,rh_?,rh_?
12479,rh_?,rh_?
12480,rh_?,rh_?
12481,rh_?,rh_?
12482,rh_?,rh_?
12483,rh_?,rh_?
12484,rh_?,rh_?
12485,rh_?,rh_?
12486,rh_?,rh_?
12487,rh_?,rh_?
12488,rh_?,rh_?
12489,rh_?,rh_?
12490,rh_?,rh_?
12491,rh_?,rh_?
12492,rh_?,rh_?
12493,rh_?,rh_?
12494,rh_?,rh_?
12495,rh_?,rh_?
12496,rh_?,rh_?
12497,rh_?,rh_?
12498,rh_?,rh_?
12499,rh_?,rh_?
12500,rh_25,rh_25
12501,rh_25,rh_25
12502,rh_pofc,rh_pOFC
12503,rh_pofc,rh_pOFC
12504,rh_ofc,rh_OFC
12505,rh_31a,rh_31a
12506,rh_31pd,rh_31pd
12507,rh_31pd,rh_31pd
12508,rh_31a,rh_31a
12509,rh_31a,rh_31a
12510,rh_31pv,rh_31pv
12511,rh_31pv,rh_31pv
12512,rh_31pv,rh_31pv
12513,rh_v23ab,rh_v23ab
12514,rh_23d,rh_23d
12515,rh_23d,rh_23d
12516,rh_23d,rh_23d
12517,rh_rsc,rh_RSC
12518,rh_rsc,rh_RSC
12519,rh_rsc,rh_RSC
12520,rh_rsc,rh_RSC
12521,rh_rsc,rh_RSC
12522,rh_v23ab,rh_v23ab
12523,rh_rsc,rh_RSC
12524,rh_rsc,rh_RSC
12525,rh_?,rh_?
12526,rh_?,rh_?
12527,rh_?,rh_?
12528,rh_?,rh_?
12529,rh_?,rh_?
12530,rh_?,rh_?
12531,rh_rsc,rh_RSC
12532,rh_v2,rh_V2
12533,rh_v2,rh_V2
12534,rh_v2,rh_V2
12535,rh_v1,rh_V1
12536,rh_v1,rh_V1
12537,rh_v2,rh_V2
12538,rh_v1,rh_V1
12539,rh_v1,rh_V1
12540,rh_v1,rh_V1
12541,rh_v1,rh_V1
12542,rh_v1,rh_V1
12543,rh_v6,rh_V6
12544,rh_v6,rh_V6
12545,rh_v2,rh_V2
12546,rh_v6,rh_V6
12547,rh_v2,rh_V2
12548,rh_v2,rh_V2
12549,rh_v1,rh_V1
12550,rh_v1,rh_V1
12551,rh_v1,rh_V1
12552,rh_v1,rh_V1
12553,rh_v1,rh_V1
12554,rh_v1,rh_V1
12555,rh_dvt,rh_DVT
12556,rh_v1,rh_V1
12557,rh_v1,rh_V1
12558,rh_pros,rh_ProS
12559,rh_pros,rh_ProS
12560,rh_lipd,rh_LIPd
12561,rh_lipd,rh_LIPd
12562,rh_lipd,rh_LIPd
12563,rh_lipv,rh_LIPv
12564,rh_lipd,rh_LIPd
12565,rh_ip1,rh_IP1
12566,rh_ip1,rh_IP1
12567,rh_ip1,rh_IP1
12568,rh_ip0,rh_IP0
12569,rh_vip,rh_VIP
12570,rh_mip,rh_MIP
12571,rh_mip,rh_MIP
12572,rh_mip,rh_MIP
12573,rh_mip,rh_MIP
12574,rh_mip,rh_MIP
12575,rh_ips1,rh_IPS1
12576,rh_ip0,rh_IP0
12577,rh_ip0,rh_IP0
12578,rh_v3b,rh_V3B
12579,rh_v3b,rh_V3B
12580,rh_v3b,rh_V3B
12581,rh_v3a,rh_V3A
12582,rh_v3a,rh_V3A
12583,rh_v4,rh_V4
12584,rh_v3,rh_V3
12585,rh_v3,rh_V3
12586,rh_v2,rh_V2
12587,rh_tpoj1,rh_TPOJ1
12588,rh_tpoj1,rh_TPOJ1
12589,rh_tpoj1,rh_TPOJ1
12590,rh_tpoj1,rh_TPOJ1
12591,rh_tpoj2,rh_TPOJ2
12592,rh_pgi,rh_PGi
12593,rh_tpoj2,rh_TPOJ2
12594,rh_tpoj2,rh_TPOJ2
12595,rh_tpoj2,rh_TPOJ2
12596,rh_tpoj3,rh_TPOJ3
12597,rh_tpoj3,rh_TPOJ3
12598,rh_pgi,rh_PGi
12599,rh_pgi,rh_PGi
12600,rh_pgi,rh_PGi
12601,rh_pgs,rh_PGs
12602,rh_pgi,rh_PGi
12603,rh_pgi,rh_PGi
12604,rh_tpoj3,rh_TPOJ3
12605,rh_tpoj3,rh_TPOJ3
12606,rh_mt,rh_MT
12607,rh_lo3,rh_LO3
12608,rh_lo3,rh_LO3
12609,rh_lo1,rh_LO1
12610,rh_v3cd,rh_V3CD
12611,rh_v3cd,rh_V3CD
12612,rh_v4,rh_V4
12613,rh_v4,rh_V4
12614,rh_v3,rh_V3
12615,rh_pfop,rh_PFop
12616,rh_pfop,rh_PFop
12617,rh_pfop,rh_PFop
12618,rh_pft,rh_PFt
12619,rh_pfop,rh_PFop
12620,rh_pf,rh_PF
12621,rh_pf,rh_PF
12622,rh_pf,rh_PF
12623,rh_pf,rh_PF
12624,rh_aip,rh_AIP
12625,rh_pf,rh_PF
12626,rh_pf,rh_PF
12627,rh_pfm,rh_PFm
12628,rh_pfm,rh_PFm
12629,rh_pf,rh_PF
12630,rh_pf,rh_PF
12631,rh_pf,rh_PF
12632,rh_pf,rh_PF
12633,rh_psl,rh_PSL
12634,rh_psl,rh_PSL
12635,rh_stv,rh_STV
12636,rh_pfm,rh_PFm
12637,rh_stv,rh_STV
12638,rh_stv,rh_STV
12639,rh_stv,rh_STV
12640,rh_tpoj1,rh_TPOJ1
12641,rh_tpoj1,rh_TPOJ1
12642,rh_poi1,rh_PoI1
12643,rh_poi1,rh_PoI1
12644,rh_52,rh_52
12645,rh_52,rh_52
12646,rh_52,rh_52
12647,rh_mbelt,rh_MBelt
12648,rh_mbelt,rh_MBelt
12649,rh_a1,rh_A1
12650,rh_lbelt,rh_LBelt
12651,rh_pbelt,rh_PBelt
12652,rh_op1,rh_OP1
12653,rh_ri,rh_RI
12654,rh_ri,rh_RI
12655,rh_ri,rh_RI
12656,rh_ri,rh_RI
12657,rh_lbelt,rh_LBelt
12658,rh_lbelt,rh_LBelt
12659,rh_pbelt,rh_PBelt
12660,rh_a4,rh_A4
12661,rh_a5,rh_A5
12662,rh_a5,rh_A5
12663,rh_a5,rh_A5
12664,rh_tpoj1,rh_TPOJ1
12665,rh_tpoj1,rh_TPOJ1
12666,rh_stsdp,rh_STSdp
12667,rh_tpoj1,rh_TPOJ1
12668,rh_tpoj1,rh_TPOJ1
12669,rh_pofc,rh_pOFC
12670,rh_pofc,rh_pOFC
12671,rh_pir,rh_Pir
12672,rh_pofc,rh_pOFC
12673,rh_pir,rh_Pir
12674,rh_?,rh_?
12675,rh_?,rh_?
12676,rh_?,rh_?
12677,rh_?,rh_?
12678,rh_aaic,rh_AAIC
12679,rh_pir,rh_Pir
12680,rh_pir,rh_Pir
12681,rh_tgd,rh_TGd
12682,rh_pir,rh_Pir
12683,rh_pir,rh_Pir
12684,rh_?,rh_?
12685,rh_?,rh_?
12686,rh_peec,rh_PeEc
12687,rh_peec,rh_PeEc
12688,rh_peec,rh_PeEc
12689,rh_tgv,rh_TGv
12690,rh_tgv,rh_TGv
12691,rh_tgv,rh_TGv
12692,rh_tgv,rh_TGv
12693,rh_tf,rh_TF
12694,rh_tf,rh_TF
12695,rh_tf,rh_TF
12696,rh_tf,rh_TF
12697,rh_h,rh_H
12698,rh_h,rh_H
12699,rh_pres,rh_PreS
12700,rh_?,rh_?
12701,rh_h,rh_H
12702,rh_pres,rh_PreS
12703,rh_pres,rh_PreS
12704,rh_pha1,rh_PHA1
12705,rh_pha1,rh_PHA1
12706,rh_?,rh_?
12707,rh_?,rh_?
12708,rh_?,rh_?
12709,rh_?,rh_?
12710,rh_?,rh_?
12711,rh_h,rh_H
12712,rh_pres,rh_PreS
12713,rh_pha1,rh_PHA1
12714,rh_pha2,rh_PHA2
12715,rh_pha2,rh_PHA2
12716,rh_pha2,rh_PHA2
12717,rh_pha3,rh_PHA3
12718,rh_peec,rh_PeEc
12719,rh_peec,rh_PeEc
12720,rh_tf,rh_TF
12721,rh_tf,rh_TF
12722,rh_tf,rh_TF
12723,rh_tf,rh_TF
12724,rh_v1,rh_V1
12725,rh_v1,rh_V1
12726,rh_v1,rh_V1
12727,rh_v1,rh_V1
12728,rh_v1,rh_V1
12729,rh_v2,rh_V2
12730,rh_v3,rh_V3
12731,rh_v3,rh_V3
12732,rh_v4,rh_V4
12733,rh_v1,rh_V1
12734,rh_v2,rh_V2
12735,rh_v2,rh_V2
12736,rh_v3,rh_V3
12737,rh_v3,rh_V3
12738,rh_v3,rh_V3
12739,rh_v3,rh_V3
12740,rh_v4,rh_V4
12741,rh_v8,rh_V8
12742,rh_v8,rh_V8
12743,rh_vvc,rh_VVC
12744,rh_ffc,rh_FFC
12745,rh_vvc,rh_VVC
12746,rh_ffc,rh_FFC
12747,rh_ffc,rh_FFC
12748,rh_tf,rh_TF
12749,rh_tf,rh_TF
12750,rh_tf,rh_TF
12751,rh_tpoj1,rh_TPOJ1
12752,rh_tpoj1,rh_TPOJ1
12753,rh_pht,rh_PHT
12754,rh_pht,rh_PHT
12755,rh_pht,rh_PHT
12756,rh_te1p,rh_TE1p
12757,rh_te1p,rh_TE1p
12758,rh_te1p,rh_TE1p
12759,rh_te1p,rh_TE1p
12760,rh_mst,rh_MST
12761,rh_fst,rh_FST
12762,rh_fst,rh_FST
12763,rh_ph,rh_PH
12764,rh_ph,rh_PH
12765,rh_pht,rh_PHT
12766,rh_te1p,rh_TE1p
12767,rh_te1p,rh_TE1p
12768,rh_te1p,rh_TE1p
12769,rh_te1p,rh_TE1p
12770,rh_te2a,rh_TE2a
12771,rh_te2a,rh_TE2a
12772,rh_te2p,rh_TE2p
12773,rh_te2p,rh_TE2p
12774,rh_te2p,rh_TE2p
12775,rh_te2p,rh_TE2p
12776,rh_te2p,rh_TE2p
12777,rh_tf,rh_TF
12778,rh_pi,rh_PI
12779,rh_pi,rh_PI
12780,rh_ta2,rh_TA2
12781,rh_ta2,rh_TA2
12782,rh_ta2,rh_TA2
12783,rh_ta2,rh_TA2
12784,rh_ta2,rh_TA2
12785,rh_stga,rh_STGa
12786,rh_stsda,rh_STSda
12787,rh_a5,rh_A5
12788,rh_stsda,rh_STSda
12789,rh_stsda,rh_STSda
12790,rh_stsva,rh_STSva
12791,rh_stsda,rh_STSda
12792,rh_stsda,rh_STSda
12793,rh_stsda,rh_STSda
12794,rh_stsda,rh_STSda
12795,rh_tgd,rh_TGd
12796,rh_te1a,rh_TE1a
12797,rh_te1a,rh_TE1a
12798,rh_te2a,rh_TE2a
12799,rh_te2a,rh_TE2a
12800,rh_te2a,rh_TE2a
12801,rh_te2a,rh_TE2a
12802,rh_te2a,rh_TE2a
12803,rh_tf,rh_TF
12804,rh_6mp,rh_6mp
12805,rh_6mp,rh_6mp
12806,rh_6d,rh_6d
12807,rh_6mp,rh_6mp
12808,rh_6mp,rh_6mp
12809,rh_6d,rh_6d
12810,rh_6mp,rh_6mp
12811,rh_6d,rh_6d
12812,rh_6d,rh_6d
12813,rh_6d,rh_6d
12814,rh_46,rh_46
12815,rh_46,rh_46
12816,rh_46,rh_46
12817,rh_46,rh_46
12818,rh_46,rh_46
12819,rh_46,rh_46
12820,rh_46,rh_46
12821,rh_p32pr,rh_p32pr
12822,rh_a32pr,rh_a32pr
12823,rh_a32pr,rh_a32pr
12824,rh_p32pr,rh_p32pr
12825,rh_p32pr,rh_p32pr
12826,rh_pcv,rh_PCV
12827,rh_pcv,rh_PCV
12828,rh_pcv,rh_PCV
12829,rh_pcv,rh_PCV
12830,rh_pcv,rh_PCV
12831,rh_aip,rh_AIP
12832,rh_lipd,rh_LIPd
12833,rh_aip,rh_AIP
12834,rh_aip,rh_AIP
12835,rh_aip,rh_AIP
12836,rh_1,rh_1
12837,rh_pfop,rh_PFop
12838,rh_1,rh_1
12839,rh_poi2,rh_PoI2
12840,rh_poi2,rh_PoI2
12841,rh_poi1,rh_PoI1
12842,rh_pofc,rh_pOFC
12843,rh_pofc,rh_pOFC
12844,rh_pofc,rh_pOFC
12845,rh_pres,rh_PreS
12846,rh_pros,rh_ProS
12847,rh_pres,rh_PreS
12848,rh_v2,rh_V2
12849,rh_v2,rh_V2
12850,rh_v2,rh_V2
12851,rh_tpoj1,rh_TPOJ1
12852,rh_tpoj1,rh_TPOJ1
12853,rh_tpoj1,rh_TPOJ1
12854,rh_sfl,rh_SFL
12855,rh_sfl,rh_SFL
12856,rh_sfl,rh_SFL
12857,rh_8av,rh_8Av
12858,rh_8av,rh_8Av
12859,rh_8av,rh_8Av
12860,rh_8av,rh_8Av
12861,rh_8av,rh_8Av
12862,rh_5m,rh_5m
12863,rh_5m,rh_5m
12864,rh_5m,rh_5m
12865,rh_sfl,rh_SFL
12866,rh_sfl,rh_SFL
12867,rh_sfl,rh_SFL
12868,rh_sfl,rh_SFL
12869,rh_1,rh_1
12870,rh_1,rh_1
12871,rh_1,rh_1
12872,rh_5m,rh_5m
12873,rh_5m,rh_5m
12874,rh_5m,rh_5m
12875,rh_5m,rh_5m
12876,rh_4,rh_4
12877,rh_4,rh_4
12878,rh_4,rh_4
12879,rh_1,rh_1
12880,rh_1,rh_1
12881,rh_1,rh_1
12882,rh_1,rh_1
12883,rh_8av,rh_8Av
12884,rh_8av,rh_8Av
12885,rh_4,rh_4
12886,rh_4,rh_4
12887,rh_4,rh_4
12888,rh_4,rh_4
12889,rh_45,rh_45
12890,rh_45,rh_45
12891,rh_45,rh_45
12892,rh_ifjp,rh_IFJp
12893,rh_6r,rh_6r
12894,rh_ifjp,rh_IFJp
12895,rh_6r,rh_6r
12896,rh_ifjp,rh_IFJp
12897,rh_a10p,rh_a10p
12898,rh_11l,rh_11l
12899,rh_11l,rh_11l
12900,rh_45,rh_45
12901,rh_45,rh_45
12902,rh_45,rh_45
12903,rh_45,rh_45
12904,rh_9p,rh_9p
12905,rh_9m,rh_9m
12906,rh_9a,rh_9a
12907,rh_a10p,rh_a10p
12908,rh_a10p,rh_a10p
12909,rh_a10p,rh_a10p
12910,rh_a10p,rh_a10p
12911,rh_?,rh_?
12912,rh_?,rh_?
12913,rh_?,rh_?
12914,rh_a24,rh_a24
12915,rh_a24,rh_a24
12916,rh_a24,rh_a24
12917,rh_a24,rh_a24
12918,rh_a24,rh_a24
12919,rh_23c,rh_23c
12920,rh_23c,rh_23c
12921,rh_23c,rh_23c
12922,rh_?,rh_?
12923,rh_?,rh_?
12924,rh_?,rh_?
12925,rh_?,rh_?
12926,rh_v6,rh_V6
12927,rh_v6,rh_V6
12928,rh_v6,rh_V6
12929,rh_v23ab,rh_v23ab
12930,rh_pos1,rh_POS1
12931,rh_v23ab,rh_v23ab
12932,rh_v23ab,rh_v23ab
12933,rh_v23ab,rh_v23ab
12934,rh_vip,rh_VIP
12935,rh_vip,rh_VIP
12936,rh_vip,rh_VIP
12937,rh_v6a,rh_V6A
12938,rh_v6a,rh_V6A
12939,rh_v6,rh_V6
12940,rh_v6,rh_V6
12941,rh_pgs,rh_PGs
12942,rh_pgs,rh_PGs
12943,rh_pgs,rh_PGs
12944,rh_ip0,rh_IP0
12945,rh_ip0,rh_IP0
12946,rh_ip0,rh_IP0
12947,rh_ip0,rh_IP0
12948,rh_ip0,rh_IP0
12949,rh_2,rh_2
12950,rh_pft,rh_PFt
12951,rh_pft,rh_PFt
12952,rh_pfm,rh_PFm
12953,rh_pfm,rh_PFm
12954,rh_pgs,rh_PGs
12955,rh_pgs,rh_PGs
12956,rh_op2_3,rh_OP2-3
12957,rh_op2_3,rh_OP2-3
12958,rh_op2_3,rh_OP2-3
12959,rh_pf,rh_PF
12960,rh_pf,rh_PF
12961,rh_pf,rh_PF
12962,rh_psl,rh_PSL
12963,rh_pf,rh_PF
12964,rh_47s,rh_47s
12965,rh_47s,rh_47s
12966,rh_aaic,rh_AAIC
12967,rh_tgd,rh_TGd
12968,rh_tgd,rh_TGd
12969,rh_tgd,rh_TGd
12970,rh_tgd,rh_TGd
12971,rh_tgd,rh_TGd
12972,rh_?,rh_?
12973,rh_?,rh_?
12974,rh_?,rh_?
12975,rh_?,rh_?
12976,rh_?,rh_?
12977,rh_?,rh_?
12978,rh_ec,rh_EC
12979,rh_ec,rh_EC
12980,rh_v1,rh_V1
12981,rh_v1,rh_V1
12982,rh_v1,rh_V1
12983,rh_vmv1,rh_VMV1
12984,rh_vmv2,rh_VMV2
12985,rh_pha2,rh_PHA2
12986,rh_pha2,rh_PHA2
12987,rh_pha2,rh_PHA2
12988,rh_mst,rh_MST
12989,rh_mst,rh_MST
12990,rh_mst,rh_MST
12991,rh_v8,rh_V8
12992,rh_ffc,rh_FFC
12993,rh_ffc,rh_FFC
12994,rh_ffc,rh_FFC
12995,rh_v8,rh_V8
12996,rh_a4,rh_A4
12997,rh_a4,rh_A4
12998,rh_a4,rh_A4
12999,rh_te1m,rh_TE1m
13000,rh_te1m,rh_TE1m
13001,rh_te1m,rh_TE1m
13002,rh_te1m,rh_TE1m
13003,rh_te1p,rh_TE1p
13004,rh_6ma,rh_6ma
13005,rh_6ma,rh_6ma
13006,rh_6ma,rh_6ma
13007,rh_6a,rh_6a
13008,rh_6a,rh_6a
13009,rh_6a,rh_6a
13010,rh_6a,rh_6a
13011,rh_6a,rh_6a
13012,rh_4,rh_4
13013,rh_4,rh_4
13014,rh_4,rh_4
13015,rh_6ma,rh_6ma
13016,rh_6ma,rh_6ma
13017,rh_6ma,rh_6ma
13018,rh_6ma,rh_6ma
13019,rh_3a,rh_3a
13020,rh_3a,rh_3a
13021,rh_3a,rh_3a
13022,rh_4,rh_4
13023,rh_4,rh_4
13024,rh_4,rh_4
13025,rh_4,rh_4
13026,rh_6d,rh_6d
13027,rh_6d,rh_6d
13028,rh_6d,rh_6d
13029,rh_4,rh_4
13030,rh_4,rh_4
13031,rh_4,rh_4
13032,rh_3a,rh_3a
13033,rh_6a,rh_6a
13034,rh_6a,rh_6a
13035,rh_6d,rh_6d
13036,rh_6a,rh_6a
13037,rh_6d,rh_6d
13038,rh_6d,rh_6d
13039,rh_ifsa,rh_IFSa
13040,rh_ifsa,rh_IFSa
13041,rh_ifsa,rh_IFSa
13042,rh_p9_46v,rh_p9-46v
13043,rh_p9_46v,rh_p9-46v
13044,rh_ifsp,rh_IFSp
13045,rh_ifsp,rh_IFSp
13046,rh_ifsp,rh_IFSp
13047,rh_p10p,rh_p10p
13048,rh_a9_46v,rh_a9-46v
13049,rh_a9_46v,rh_a9-46v
13050,rh_ifsa,rh_IFSa
13051,rh_ifsa,rh_IFSa
13052,rh_ifsa,rh_IFSa
13053,rh_ifsa,rh_IFSa
13054,rh_9_46d,rh_9-46d
13055,rh_9_46d,rh_9-46d
13056,rh_9_46d,rh_9-46d
13057,rh_9_46d,rh_9-46d
13058,rh_9_46d,rh_9-46d
13059,rh_p10p,rh_p10p
13060,rh_p10p,rh_p10p
13061,rh_?,rh_?
13062,rh_?,rh_?
13063,rh_?,rh_?
13064,rh_p24,rh_p24
13065,rh_p24,rh_p24
13066,rh_p24,rh_p24
13067,rh_p24,rh_p24
13068,rh_p24,rh_p24
13069,rh_24dv,rh_24dv
13070,rh_p24pr,rh_p24pr
13071,rh_p24pr,rh_p24pr
13072,rh_33pr,rh_33pr
13073,rh_33pr,rh_33pr
13074,rh_?,rh_?
13075,rh_?,rh_?
13076,rh_pos2,rh_POS2
13077,rh_pos2,rh_POS2
13078,rh_pos2,rh_POS2
13079,rh_31pd,rh_31pd
13080,rh_7m,rh_7m
13081,rh_31pd,rh_31pd
13082,rh_31pd,rh_31pd
13083,rh_31pd,rh_31pd
13084,rh_7am,rh_7Am
13085,rh_7am,rh_7Am
13086,rh_7am,rh_7Am
13087,rh_7m,rh_7m
13088,rh_7pm,rh_7Pm
13089,rh_pos2,rh_POS2
13090,rh_pos2,rh_POS2
13091,rh_pfm,rh_PFm
13092,rh_pfm,rh_PFm
13093,rh_pfm,rh_PFm
13094,rh_ip1,rh_IP1
13095,rh_ip1,rh_IP1
13096,rh_ip1,rh_IP1
13097,rh_ip1,rh_IP1
13098,rh_ip1,rh_IP1
13099,rh_aip,rh_AIP
13100,rh_aip,rh_AIP
13101,rh_aip,rh_AIP
13102,rh_ip2,rh_IP2
13103,rh_ip2,rh_IP2
13104,rh_ip2,rh_IP2
13105,rh_pfm,rh_PFm
13106,rh_op4,rh_OP4
13107,rh_op4,rh_OP4
13108,rh_op4,rh_OP4
13109,rh_pfop,rh_PFop
13110,rh_pfop,rh_PFop
13111,rh_pf,rh_PF
13112,rh_pf,rh_PF
13113,rh_pf,rh_PF
13114,rh_mi,rh_MI
13115,rh_mi,rh_MI
13116,rh_poi2,rh_PoI2
13117,rh_pi,rh_PI
13118,rh_pi,rh_PI
13119,rh_pi,rh_PI
13120,rh_ta2,rh_TA2
13121,rh_ta2,rh_TA2
13122,rh_?,rh_?
13123,rh_?,rh_?
13124,rh_?,rh_?
13125,rh_?,rh_?
13126,rh_?,rh_?
13127,rh_?,rh_?
13128,rh_?,rh_?
13129,rh_?,rh_?
13130,rh_v1,rh_V1
13131,rh_v1,rh_V1
13132,rh_v1,rh_V1
13133,rh_pros,rh_ProS
13134,rh_v2,rh_V2
13135,rh_v2,rh_V2
13136,rh_v2,rh_V2
13137,rh_v2,rh_V2
13138,rh_lo1,rh_LO1
13139,rh_lo1,rh_LO1
13140,rh_lo1,rh_LO1
13141,rh_v2,rh_V2
13142,rh_v3,rh_V3
13143,rh_v3,rh_V3
13144,rh_v3,rh_V3
13145,rh_v3,rh_V3
13146,rh_a5,rh_A5
13147,rh_stsdp,rh_STSdp
13148,rh_stsdp,rh_STSdp
13149,rh_stsvp,rh_STSvp
13150,rh_stsvp,rh_STSvp
13151,rh_stsvp,rh_STSvp
13152,rh_stsvp,rh_STSvp
13153,rh_stsvp,rh_STSvp
13154,rh_8bm,rh_8BM
13155,rh_8bm,rh_8BM
13156,rh_8bm,rh_8BM
13157,rh_8bl,rh_8BL
13158,rh_8bl,rh_8BL
13159,rh_8bl,rh_8BL
13160,rh_8bl,rh_8BL
13161,rh_8bl,rh_8BL
13162,rh_s6_8,rh_s6-8
13163,rh_s6_8,rh_s6-8
13164,rh_s6_8,rh_s6-8
13165,rh_8ad,rh_8Ad
13166,rh_8ad,rh_8Ad
13167,rh_8ad,rh_8Ad
13168,rh_9p,rh_9p
13169,rh_9p,rh_9p
13170,rh_9p,rh_9p
13171,rh_9p,rh_9p
13172,rh_46,rh_46
13173,rh_46,rh_46
13174,rh_46,rh_46
13175,rh_46,rh_46
13176,rh_46,rh_46
13177,rh_5mv,rh_5mv
13178,rh_5mv,rh_5mv
13179,rh_5mv,rh_5mv
13180,rh_24dd,rh_24dd
13181,rh_5mv,rh_5mv
13182,rh_24dd,rh_24dd
13183,rh_5mv,rh_5mv
13184,rh_24dd,rh_24dd
13185,rh_6mp,rh_6mp
13186,rh_6mp,rh_6mp
13187,rh_6mp,rh_6mp
13188,rh_24dd,rh_24dd
13189,rh_24dd,rh_24dd
13190,rh_24dd,rh_24dd
13191,rh_24dd,rh_24dd
13192,rh_24dd,rh_24dd
13193,rh_24dv,rh_24dv
13194,rh_24dd,rh_24dd
13195,rh_8bm,rh_8BM
13196,rh_scef,rh_SCEF
13197,rh_8bm,rh_8BM
13198,rh_p32pr,rh_p32pr
13199,rh_2,rh_2
13200,rh_7pc,rh_7PC
13201,rh_2,rh_2
13202,rh_2,rh_2
13203,rh_2,rh_2
13204,rh_7al,rh_7AL
13205,rh_7al,rh_7AL
13206,rh_7al,rh_7AL
13207,rh_3b,rh_3b
13208,rh_3b,rh_3b
13209,rh_3b,rh_3b
13210,rh_5l,rh_5L
13211,rh_5l,rh_5L
13212,rh_5l,rh_5L
13213,rh_5l,rh_5L
13214,rh_5l,rh_5L
13215,rh_5l,rh_5L
13216,rh_5l,rh_5L
13217,rh_5mv,rh_5mv
13218,rh_5mv,rh_5mv
13219,rh_5mv,rh_5mv
13220,rh_5mv,rh_5mv
13221,rh_3a,rh_3a
13222,rh_3b,rh_3b
13223,rh_3b,rh_3b
13224,rh_3b,rh_3b
13225,rh_3b,rh_3b
13226,rh_3b,rh_3b
13227,rh_1,rh_1
13228,rh_3b,rh_3b
13229,rh_3a,rh_3a
13230,rh_3a,rh_3a
13231,rh_3a,rh_3a
13232,rh_1,rh_1
13233,rh_1,rh_1
13234,rh_1,rh_1
13235,rh_2,rh_2
13236,rh_2,rh_2
13237,rh_2,rh_2
13238,rh_2,rh_2
13239,rh_2,rh_2
13240,rh_2,rh_2
13241,rh_2,rh_2
13242,rh_2,rh_2
13243,rh_46,rh_46
13244,rh_46,rh_46
13245,rh_8c,rh_8C
13246,rh_8c,rh_8C
13247,rh_8c,rh_8C
13248,rh_8c,rh_8C
13249,rh_8c,rh_8C
13250,rh_fef,rh_FEF
13251,rh_fef,rh_FEF
13252,rh_fef,rh_FEF
13253,rh_pef,rh_PEF
13254,rh_pef,rh_PEF
13255,rh_pef,rh_PEF
13256,rh_pef,rh_PEF
13257,rh_pef,rh_PEF
13258,rh_pef,rh_PEF
13259,rh_pef,rh_PEF
13260,rh_3a,rh_3a
13261,rh_4,rh_4
13262,rh_3a,rh_3a
13263,rh_3a,rh_3a
13264,rh_fop3,rh_FOP3
13265,rh_fop3,rh_FOP3
13266,rh_fop3,rh_FOP3
13267,rh_fop4,rh_FOP4
13268,rh_fop4,rh_FOP4
13269,rh_fop4,rh_FOP4
13270,rh_fop1,rh_FOP1
13271,rh_fop1,rh_FOP1
13272,rh_44,rh_44
13273,rh_44,rh_44
13274,rh_44,rh_44
13275,rh_6r,rh_6r
13276,rh_6r,rh_6r
13277,rh_6r,rh_6r
13278,rh_43,rh_43
13279,rh_43,rh_43
13280,rh_43,rh_43
13281,rh_43,rh_43
13282,rh_6v,rh_6v
13283,rh_43,rh_43
13284,rh_6v,rh_6v
13285,rh_4,rh_4
13286,rh_6v,rh_6v
13287,rh_ofc,rh_OFC
13288,rh_11l,rh_11l
13289,rh_11l,rh_11l
13290,rh_a47r,rh_a47r
13291,rh_11l,rh_11l
13292,rh_47m,rh_47m
13293,rh_47m,rh_47m
13294,rh_47m,rh_47m
13295,rh_p47r,rh_p47r
13296,rh_a47r,rh_a47r
13297,rh_p47r,rh_p47r
13298,rh_fop5,rh_FOP5
13299,rh_47l,rh_47l
13300,rh_fop5,rh_FOP5
13301,rh_avi,rh_AVI
13302,rh_avi,rh_AVI
13303,rh_avi,rh_AVI
13304,rh_avi,rh_AVI
13305,rh_fop4,rh_FOP4
13306,rh_fop4,rh_FOP4
13307,rh_fop4,rh_FOP4
13308,rh_fop3,rh_FOP3
13309,rh_d32,rh_d32
13310,rh_d32,rh_d32
13311,rh_d32,rh_d32
13312,rh_9m,rh_9m
13313,rh_9m,rh_9m
13314,rh_9m,rh_9m
13315,rh_9m,rh_9m
13316,rh_9m,rh_9m
13317,rh_p10p,rh_p10p
13318,rh_10d,rh_10d
13319,rh_p10p,rh_p10p
13320,rh_10v,rh_10v
13321,rh_10v,rh_10v
13322,rh_10v,rh_10v
13323,rh_10r,rh_10r
13324,rh_10v,rh_10v
13325,rh_10r,rh_10r
13326,rh_10v,rh_10v
13327,rh_ofc,rh_OFC
13328,rh_ofc,rh_OFC
13329,rh_ofc,rh_OFC
13330,rh_ofc,rh_OFC
13331,rh_?,rh_?
13332,rh_?,rh_?
13333,rh_?,rh_?
13334,rh_?,rh_?
13335,rh_?,rh_?
13336,rh_?,rh_?
13337,rh_?,rh_?
13338,rh_?,rh_?
13339,rh_?,rh_?
13340,rh_?,rh_?
13341,rh_?,rh_?
13342,rh_?,rh_?
13343,rh_?,rh_?
13344,rh_?,rh_?
13345,rh_?,rh_?
13346,rh_?,rh_?
13347,rh_?,rh_?
13348,rh_?,rh_?
13349,rh_10v,rh_10v
13350,rh_10v,rh_10v
13351,rh_10v,rh_10v
13352,rh_ofc,rh_OFC
13353,rh_10v,rh_10v
13354,rh_23c,rh_23c
13355,rh_23c,rh_23c
13356,rh_23c,rh_23c
13357,rh_d23ab,rh_d23ab
13358,rh_31pv,rh_31pv
13359,rh_d23ab,rh_d23ab
13360,rh_31pv,rh_31pv
13361,rh_d23ab,rh_d23ab
13362,rh_23d,rh_23d
13363,rh_23d,rh_23d
13364,rh_rsc,rh_RSC
13365,rh_?,rh_?
13366,rh_?,rh_?
13367,rh_?,rh_?
13368,rh_?,rh_?
13369,rh_?,rh_?
13370,rh_?,rh_?
13371,rh_?,rh_?
13372,rh_?,rh_?
13373,rh_?,rh_?
13374,rh_?,rh_?
13375,rh_?,rh_?
13376,rh_v3,rh_V3
13377,rh_v2,rh_V2
13378,rh_v3,rh_V3
13379,rh_v2,rh_V2
13380,rh_v2,rh_V2
13381,rh_v2,rh_V2
13382,rh_v2,rh_V2
13383,rh_v2,rh_V2
13384,rh_pos2,rh_POS2
13385,rh_pos2,rh_POS2
13386,rh_pos2,rh_POS2
13387,rh_dvt,rh_DVT
13388,rh_v2,rh_V2
13389,rh_v2,rh_V2
13390,rh_v2,rh_V2
13391,rh_v2,rh_V2
13392,rh_v1,rh_V1
13393,rh_v2,rh_V2
13394,rh_pos1,rh_POS1
13395,rh_pos1,rh_POS1
13396,rh_pos1,rh_POS1
13397,rh_pos1,rh_POS1
13398,rh_rsc,rh_RSC
13399,rh_lipv,rh_LIPv
13400,rh_lipv,rh_LIPv
13401,rh_lipv,rh_LIPv
13402,rh_mip,rh_MIP
13403,rh_mip,rh_MIP
13404,rh_mip,rh_MIP
13405,rh_mip,rh_MIP
13406,rh_mip,rh_MIP
13407,rh_7pl,rh_7PL
13408,rh_7pl,rh_7PL
13409,rh_7pl,rh_7PL
13410,rh_v7,rh_V7
13411,rh_ips1,rh_IPS1
13412,rh_ips1,rh_IPS1
13413,rh_ips1,rh_IPS1
13414,rh_v7,rh_V7
13415,rh_v7,rh_V7
13416,rh_v7,rh_V7
13417,rh_v3,rh_V3
13418,rh_v3a,rh_V3A
13419,rh_v3,rh_V3
13420,rh_v3,rh_V3
13421,rh_pgi,rh_PGi
13422,rh_pgi,rh_PGi
13423,rh_pgi,rh_PGi
13424,rh_pgi,rh_PGi
13425,rh_pgi,rh_PGi
13426,rh_pgi,rh_PGi
13427,rh_pgi,rh_PGi
13428,rh_pgi,rh_PGi
13429,rh_pgs,rh_PGs
13430,rh_pgi,rh_PGi
13431,rh_pgs,rh_PGs
13432,rh_pgp,rh_PGp
13433,rh_pgp,rh_PGp
13434,rh_pgp,rh_PGp
13435,rh_pgp,rh_PGp
13436,rh_pgp,rh_PGp
13437,rh_pgp,rh_PGp
13438,rh_pgp,rh_PGp
13439,rh_v3cd,rh_V3CD
13440,rh_v3cd,rh_V3CD
13441,rh_v4,rh_V4
13442,rh_v4,rh_V4
13443,rh_v4,rh_V4
13444,rh_2,rh_2
13445,rh_pft,rh_PFt
13446,rh_pft,rh_PFt
13447,rh_pf,rh_PF
13448,rh_pf,rh_PF
13449,rh_pf,rh_PF
13450,rh_pf,rh_PF
13451,rh_pf,rh_PF
13452,rh_pfm,rh_PFm
13453,rh_pfm,rh_PFm
13454,rh_pfm,rh_PFm
13455,rh_pfm,rh_PFm
13456,rh_pfm,rh_PFm
13457,rh_pfm,rh_PFm
13458,rh_pfm,rh_PFm
13459,rh_pfm,rh_PFm
13460,rh_psl,rh_PSL
13461,rh_pfm,rh_PFm
13462,rh_pgi,rh_PGi
13463,rh_pgi,rh_PGi
13464,rh_pgi,rh_PGi
13465,rh_pgi,rh_PGi
13466,rh_ig,rh_Ig
13467,rh_ig,rh_Ig
13468,rh_ig,rh_Ig
13469,rh_a1,rh_A1
13470,rh_a1,rh_A1
13471,rh_a1,rh_A1
13472,rh_a1,rh_A1
13473,rh_lbelt,rh_LBelt
13474,rh_pfcm,rh_PFcm
13475,rh_pfcm,rh_PFcm
13476,rh_pfcm,rh_PFcm
13477,rh_ri,rh_RI
13478,rh_ri,rh_RI
13479,rh_pbelt,rh_PBelt
13480,rh_pbelt,rh_PBelt
13481,rh_pbelt,rh_PBelt
13482,rh_a4,rh_A4
13483,rh_a4,rh_A4
13484,rh_stv,rh_STV
13485,rh_stv,rh_STV
13486,rh_stv,rh_STV
13487,rh_stv,rh_STV
13488,rh_stv,rh_STV
13489,rh_13l,rh_13l
13490,rh_13l,rh_13l
13491,rh_13l,rh_13l
13492,rh_pir,rh_Pir
13493,rh_pir,rh_Pir
13494,rh_?,rh_?
13495,rh_?,rh_?
13496,rh_?,rh_?
13497,rh_pir,rh_Pir
13498,rh_pir,rh_Pir
13499,rh_pir,rh_Pir
13500,rh_tgd,rh_TGd
13501,rh_tgd,rh_TGd
13502,rh_tgd,rh_TGd
13503,rh_tgd,rh_TGd
13504,rh_tgd,rh_TGd
13505,rh_tgd,rh_TGd
13506,rh_tgd,rh_TGd
13507,rh_te2a,rh_TE2a
13508,rh_tgv,rh_TGv
13509,rh_tgv,rh_TGv
13510,rh_tgv,rh_TGv
13511,rh_te2a,rh_TE2a
13512,rh_?,rh_?
13513,rh_?,rh_?
13514,rh_?,rh_?
13515,rh_?,rh_?
13516,rh_?,rh_?
13517,rh_?,rh_?
13518,rh_h,rh_H
13519,rh_h,rh_H
13520,rh_?,rh_?
13521,rh_?,rh_?
13522,rh_?,rh_?
13523,rh_ec,rh_EC
13524,rh_h,rh_H
13525,rh_ec,rh_EC
13526,rh_ec,rh_EC
13527,rh_ec,rh_EC
13528,rh_pha1,rh_PHA1
13529,rh_ec,rh_EC
13530,rh_peec,rh_PeEc
13531,rh_peec,rh_PeEc
13532,rh_peec,rh_PeEc
13533,rh_peec,rh_PeEc
13534,rh_peec,rh_PeEc
13535,rh_v1,rh_V1
13536,rh_v1,rh_V1
13537,rh_v1,rh_V1
13538,rh_v2,rh_V2
13539,rh_v2,rh_V2
13540,rh_v2,rh_V2
13541,rh_v2,rh_V2
13542,rh_v2,rh_V2
13543,rh_v2,rh_V2
13544,rh_v2,rh_V2
13545,rh_v2,rh_V2
13546,rh_vmv3,rh_VMV3
13547,rh_v4,rh_V4
13548,rh_vmv3,rh_VMV3
13549,rh_vmv3,rh_VMV3
13550,rh_vmv3,rh_VMV3
13551,rh_vmv3,rh_VMV3
13552,rh_vmv3,rh_VMV3
13553,rh_pha3,rh_PHA3
13554,rh_vvc,rh_VVC
13555,rh_vvc,rh_VVC
13556,rh_vvc,rh_VVC
13557,rh_vvc,rh_VVC
13558,rh_tpoj2,rh_TPOJ2
13559,rh_tpoj2,rh_TPOJ2
13560,rh_tpoj2,rh_TPOJ2
13561,rh_pht,rh_PHT
13562,rh_pht,rh_PHT
13563,rh_pht,rh_PHT
13564,rh_pht,rh_PHT
13565,rh_pht,rh_PHT
13566,rh_v4t,rh_V4t
13567,rh_v4t,rh_V4t
13568,rh_v4t,rh_V4t
13569,rh_ph,rh_PH
13570,rh_ph,rh_PH
13571,rh_ph,rh_PH
13572,rh_pht,rh_PHT
13573,rh_ph,rh_PH
13574,rh_te1p,rh_TE1p
13575,rh_te2p,rh_TE2p
13576,rh_ffc,rh_FFC
13577,rh_ffc,rh_FFC
13578,rh_ffc,rh_FFC
13579,rh_ffc,rh_FFC
13580,rh_ffc,rh_FFC
13581,rh_mbelt,rh_MBelt
13582,rh_mbelt,rh_MBelt
13583,rh_mbelt,rh_MBelt
13584,rh_a5,rh_A5
13585,rh_a5,rh_A5
13586,rh_a5,rh_A5
13587,rh_stsda,rh_STSda
13588,rh_stsda,rh_STSda
13589,rh_stsdp,rh_STSdp
13590,rh_stsdp,rh_STSdp
13591,rh_stsdp,rh_STSdp
13592,rh_te1a,rh_TE1a
13593,rh_te1a,rh_TE1a
13594,rh_te1a,rh_TE1a
13595,rh_te1a,rh_TE1a
13596,rh_te1a,rh_TE1a
13597,rh_te1a,rh_TE1a
13598,rh_te1a,rh_TE1a
13599,rh_te2a,rh_TE2a
13600,rh_te2a,rh_TE2a
13601,rh_te2a,rh_TE2a
13602,rh_te2a,rh_TE2a
13603,rh_te2a,rh_TE2a
13604,rh_6mp,rh_6mp
13605,rh_6a,rh_6a
13606,rh_6mp,rh_6mp
13607,rh_6a,rh_6a
13608,rh_6a,rh_6a
13609,rh_6a,rh_6a
13610,rh_6a,rh_6a
13611,rh_6a,rh_6a
13612,rh_6mp,rh_6mp
13613,rh_6mp,rh_6mp
13614,rh_6mp,rh_6mp
13615,rh_6mp,rh_6mp
13616,rh_6mp,rh_6mp
13617,rh_6mp,rh_6mp
13618,rh_6mp,rh_6mp
13619,rh_4,rh_4
13620,rh_4,rh_4
13621,rh_4,rh_4
13622,rh_6mp,rh_6mp
13623,rh_4,rh_4
13624,rh_6mp,rh_6mp
13625,rh_6mp,rh_6mp
13626,rh_6d,rh_6d
13627,rh_6d,rh_6d
13628,rh_6d,rh_6d
13629,rh_6d,rh_6d
13630,rh_6d,rh_6d
13631,rh_4,rh_4
13632,rh_4,rh_4
13633,rh_6a,rh_6a
13634,rh_6a,rh_6a
13635,rh_6d,rh_6d
13636,rh_6a,rh_6a
13637,rh_6d,rh_6d
13638,rh_6d,rh_6d
13639,rh_46,rh_46
13640,rh_p9_46v,rh_p9-46v
13641,rh_46,rh_46
13642,rh_p9_46v,rh_p9-46v
13643,rh_p9_46v,rh_p9-46v
13644,rh_p9_46v,rh_p9-46v
13645,rh_p9_46v,rh_p9-46v
13646,rh_p9_46v,rh_p9-46v
13647,rh_a9_46v,rh_a9-46v
13648,rh_a9_46v,rh_a9-46v
13649,rh_a9_46v,rh_a9-46v
13650,rh_46,rh_46
13651,rh_a9_46v,rh_a9-46v
13652,rh_46,rh_46
13653,rh_46,rh_46
13654,rh_9_46d,rh_9-46d
13655,rh_9_46d,rh_9-46d
13656,rh_9_46d,rh_9-46d
13657,rh_9_46d,rh_9-46d
13658,rh_9_46d,rh_9-46d
13659,rh_9_46d,rh_9-46d
13660,rh_9_46d,rh_9-46d
13661,rh_a24pr,rh_a24pr
13662,rh_33pr,rh_33pr
13663,rh_a24pr,rh_a24pr
13664,rh_a32pr,rh_a32pr
13665,rh_p24,rh_p24
13666,rh_a32pr,rh_a32pr
13667,rh_p24,rh_p24
13668,rh_a32pr,rh_a32pr
13669,rh_p32pr,rh_p32pr
13670,rh_p32pr,rh_p32pr
13671,rh_p32pr,rh_p32pr
13672,rh_a24pr,rh_a24pr
13673,rh_a24pr,rh_a24pr
13674,rh_a24pr,rh_a24pr
13675,rh_a24pr,rh_a24pr
13676,rh_7m,rh_7m
13677,rh_7m,rh_7m
13678,rh_7m,rh_7m
13679,rh_pcv,rh_PCV
13680,rh_7m,rh_7m
13681,rh_31pd,rh_31pd
13682,rh_31pd,rh_31pd
13683,rh_31pd,rh_31pd
13684,rh_pcv,rh_PCV
13685,rh_7am,rh_7Am
13686,rh_pcv,rh_PCV
13687,rh_pcv,rh_PCV
13688,rh_pcv,rh_PCV
13689,rh_7pm,rh_7Pm
13690,rh_7pm,rh_7Pm
13691,rh_ip2,rh_IP2
13692,rh_ip2,rh_IP2
13693,rh_ip2,rh_IP2
13694,rh_lipd,rh_LIPd
13695,rh_lipd,rh_LIPd
13696,rh_ip1,rh_IP1
13697,rh_ip1,rh_IP1
13698,rh_ip1,rh_IP1
13699,rh_aip,rh_AIP
13700,rh_aip,rh_AIP
13701,rh_aip,rh_AIP
13702,rh_aip,rh_AIP
13703,rh_aip,rh_AIP
13704,rh_ip2,rh_IP2
13705,rh_ip2,rh_IP2
13706,rh_op4,rh_OP4
13707,rh_op4,rh_OP4
13708,rh_op4,rh_OP4
13709,rh_pfop,rh_PFop
13710,rh_pfop,rh_PFop
13711,rh_pfop,rh_PFop
13712,rh_pfop,rh_PFop
13713,rh_pfop,rh_PFop
13714,rh_poi2,rh_PoI2
13715,rh_poi2,rh_PoI2
13716,rh_poi2,rh_PoI2
13717,rh_poi1,rh_PoI1
13718,rh_poi1,rh_PoI1
13719,rh_poi1,rh_PoI1
13720,rh_pi,rh_PI
13721,rh_pi,rh_PI
13722,rh_pofc,rh_pOFC
13723,rh_?,rh_?
13724,rh_pofc,rh_pOFC
13725,rh_pofc,rh_pOFC
13726,rh_?,rh_?
13727,rh_?,rh_?
13728,rh_?,rh_?
13729,rh_pofc,rh_pOFC
13730,rh_pros,rh_ProS
13731,rh_pros,rh_ProS
13732,rh_pros,rh_ProS
13733,rh_pros,rh_ProS
13734,rh_pros,rh_ProS
13735,rh_pros,rh_ProS
13736,rh_pros,rh_ProS
13737,rh_pres,rh_PreS
13738,rh_v3,rh_V3
13739,rh_v3,rh_V3
13740,rh_v3,rh_V3
13741,rh_v1,rh_V1
13742,rh_v2,rh_V2
13743,rh_v1,rh_V1
13744,rh_v2,rh_V2
13745,rh_v1,rh_V1
13746,rh_stsdp,rh_STSdp
13747,rh_stsdp,rh_STSdp
13748,rh_stsdp,rh_STSdp
13749,rh_tpoj1,rh_TPOJ1
13750,rh_tpoj1,rh_TPOJ1
13751,rh_tpoj1,rh_TPOJ1
13752,rh_stsvp,rh_STSvp
13753,rh_stsvp,rh_STSvp
13754,rh_8bm,rh_8BM
13755,rh_8bm,rh_8BM
13756,rh_8bm,rh_8BM
13757,rh_sfl,rh_SFL
13758,rh_sfl,rh_SFL
13759,rh_sfl,rh_SFL
13760,rh_8bl,rh_8BL
13761,rh_8bl,rh_8BL
13762,rh_i6_8,rh_i6-8
13763,rh_8ad,rh_8Ad
13764,rh_8ad,rh_8Ad
13765,rh_8ad,rh_8Ad
13766,rh_8ad,rh_8Ad
13767,rh_8ad,rh_8Ad
13768,rh_8ad,rh_8Ad
13769,rh_8ad,rh_8Ad
13770,rh_46,rh_46
13771,rh_46,rh_46
13772,rh_8av,rh_8Av
13773,rh_46,rh_46
13774,rh_8av,rh_8Av
13775,rh_46,rh_46
13776,rh_8av,rh_8Av
13777,rh_5m,rh_5m
13778,rh_5m,rh_5m
13779,rh_5m,rh_5m
13780,rh_5m,rh_5m
13781,rh_5m,rh_5m
13782,rh_4,rh_4
13783,rh_24dd,rh_24dd
13784,rh_4,rh_4
13785,rh_sfl,rh_SFL
13786,rh_sfl,rh_SFL
13787,rh_sfl,rh_SFL
13788,rh_scef,rh_SCEF
13789,rh_scef,rh_SCEF
13790,rh_scef,rh_SCEF
13791,rh_scef,rh_SCEF
13792,rh_scef,rh_SCEF
13793,rh_scef,rh_SCEF
13794,rh_scef,rh_SCEF
13795,rh_8bm,rh_8BM
13796,rh_scef,rh_SCEF
13797,rh_8bm,rh_8BM
13798,rh_8bm,rh_8BM
13799,rh_2,rh_2
13800,rh_2,rh_2
13801,rh_2,rh_2
13802,rh_2,rh_2
13803,rh_2,rh_2
13804,rh_2,rh_2
13805,rh_2,rh_2
13806,rh_2,rh_2
13807,rh_3a,rh_3a
13808,rh_3b,rh_3b
13809,rh_3b,rh_3b
13810,rh_5m,rh_5m
13811,rh_5m,rh_5m
13812,rh_5m,rh_5m
13813,rh_5l,rh_5L
13814,rh_5l,rh_5L
13815,rh_5l,rh_5L
13816,rh_5m,rh_5m
13817,rh_5m,rh_5m
13818,rh_5m,rh_5m
13819,rh_5m,rh_5m
13820,rh_5l,rh_5L
13821,rh_4,rh_4
13822,rh_3a,rh_3a
13823,rh_3a,rh_3a
13824,rh_3a,rh_3a
13825,rh_3a,rh_3a
13826,rh_3a,rh_3a
13827,rh_3b,rh_3b
13828,rh_3b,rh_3b
13829,rh_3b,rh_3b
13830,rh_3b,rh_3b
13831,rh_3b,rh_3b
13832,rh_1,rh_1
13833,rh_1,rh_1
13834,rh_1,rh_1
13835,rh_1,rh_1
13836,rh_1,rh_1
13837,rh_2,rh_2
13838,rh_1,rh_1
13839,rh_2,rh_2
13840,rh_2,rh_2
13841,rh_2,rh_2
13842,rh_2,rh_2
13843,rh_8av,rh_8Av
13844,rh_8av,rh_8Av
13845,rh_8av,rh_8Av
13846,rh_8av,rh_8Av
13847,rh_8av,rh_8Av
13848,rh_8av,rh_8Av
13849,rh_8av,rh_8Av
13850,rh_fef,rh_FEF
13851,rh_fef,rh_FEF
13852,rh_fef,rh_FEF
13853,rh_55b,rh_55b
13854,rh_55b,rh_55b
13855,rh_55b,rh_55b
13856,rh_55b,rh_55b
13857,rh_55b,rh_55b
13858,rh_6v,rh_6v
13859,rh_55b,rh_55b
13860,rh_4,rh_4
13861,rh_4,rh_4
13862,rh_4,rh_4
13863,rh_4,rh_4
13864,rh_fop5,rh_FOP5
13865,rh_fop4,rh_FOP4
13866,rh_fop5,rh_FOP5
13867,rh_44,rh_44
13868,rh_fop5,rh_FOP5
13869,rh_44,rh_44
13870,rh_fop4,rh_FOP4
13871,rh_44,rh_44
13872,rh_ifja,rh_IFJa
13873,rh_6r,rh_6r
13874,rh_6r,rh_6r
13875,rh_6r,rh_6r
13876,rh_6r,rh_6r
13877,rh_6r,rh_6r
13878,rh_6r,rh_6r
13879,rh_6r,rh_6r
13880,rh_6r,rh_6r
13881,rh_6r,rh_6r
13882,rh_6r,rh_6r
13883,rh_6r,rh_6r
13884,rh_6v,rh_6v
13885,rh_6v,rh_6v
13886,rh_6v,rh_6v
13887,rh_11l,rh_11l
13888,rh_11l,rh_11l
13889,rh_11l,rh_11l
13890,rh_11l,rh_11l
13891,rh_11l,rh_11l
13892,rh_11l,rh_11l
13893,rh_11l,rh_11l
13894,rh_11l,rh_11l
13895,rh_ifsa,rh_IFSa
13896,rh_p47r,rh_p47r
13897,rh_45,rh_45
13898,rh_45,rh_45
13899,rh_45,rh_45
13900,rh_45,rh_45
13901,rh_fop5,rh_FOP5
13902,rh_fop5,rh_FOP5
13903,rh_fop5,rh_FOP5
13904,rh_fop5,rh_FOP5
13905,rh_fop5,rh_FOP5
13906,rh_fop5,rh_FOP5
13907,rh_fop5,rh_FOP5
13908,rh_fop5,rh_FOP5
13909,rh_9m,rh_9m
13910,rh_9m,rh_9m
13911,rh_9m,rh_9m
13912,rh_9m,rh_9m
13913,rh_9m,rh_9m
13914,rh_9m,rh_9m
13915,rh_9m,rh_9m
13916,rh_9m,rh_9m
13917,rh_p10p,rh_p10p
13918,rh_a10p,rh_a10p
13919,rh_a10p,rh_a10p
13920,rh_10pp,rh_10pp
13921,rh_10pp,rh_10pp
13922,rh_10pp,rh_10pp
13923,rh_10pp,rh_10pp
13924,rh_10pp,rh_10pp
13925,rh_10v,rh_10v
13926,rh_10pp,rh_10pp
13927,rh_10pp,rh_10pp
13928,rh_10pp,rh_10pp
13929,rh_10pp,rh_10pp
13930,rh_10pp,rh_10pp
13931,rh_?,rh_?
13932,rh_?,rh_?
13933,rh_?,rh_?
13934,rh_?,rh_?
13935,rh_?,rh_?
13936,rh_?,rh_?
13937,rh_?,rh_?
13938,rh_?,rh_?
13939,rh_?,rh_?
13940,rh_?,rh_?
13941,rh_?,rh_?
13942,rh_?,rh_?
13943,rh_?,rh_?
13944,rh_?,rh_?
13945,rh_?,rh_?
13946,rh_?,rh_?
13947,rh_?,rh_?
13948,rh_25,rh_25
13949,rh_s32,rh_s32
13950,rh_s32,rh_s32
13951,rh_s32,rh_s32
13952,rh_s32,rh_s32
13953,rh_s32,rh_s32
13954,rh_23c,rh_23c
13955,rh_23c,rh_23c
13956,rh_23c,rh_23c
13957,rh_23c,rh_23c
13958,rh_23c,rh_23c
13959,rh_23d,rh_23d
13960,rh_23d,rh_23d
13961,rh_23d,rh_23d
13962,rh_?,rh_?
13963,rh_?,rh_?
13964,rh_?,rh_?
13965,rh_?,rh_?
13966,rh_?,rh_?
13967,rh_?,rh_?
13968,rh_?,rh_?
13969,rh_?,rh_?
13970,rh_?,rh_?
13971,rh_?,rh_?
13972,rh_?,rh_?
13973,rh_?,rh_?
13974,rh_?,rh_?
13975,rh_?,rh_?
13976,rh_v3,rh_V3
13977,rh_v3,rh_V3
13978,rh_v3,rh_V3
13979,rh_v3,rh_V3
13980,rh_v3,rh_V3
13981,rh_v3,rh_V3
13982,rh_v3,rh_V3
13983,rh_v3,rh_V3
13984,rh_pos1,rh_POS1
13985,rh_pos2,rh_POS2
13986,rh_pos1,rh_POS1
13987,rh_pos1,rh_POS1
13988,rh_pos1,rh_POS1
13989,rh_pos1,rh_POS1
13990,rh_pos1,rh_POS1
13991,rh_pos1,rh_POS1
13992,rh_pos1,rh_POS1
13993,rh_pos1,rh_POS1
13994,rh_v23ab,rh_v23ab
13995,rh_pos1,rh_POS1
13996,rh_pos1,rh_POS1
13997,rh_pos1,rh_POS1
13998,rh_v23ab,rh_v23ab
13999,rh_7pc,rh_7PC
14000,rh_7pc,rh_7PC
14001,rh_vip,rh_VIP
14002,rh_vip,rh_VIP
14003,rh_vip,rh_VIP
14004,rh_vip,rh_VIP
14005,rh_vip,rh_VIP
14006,rh_vip,rh_VIP
14007,rh_dvt,rh_DVT
14008,rh_dvt,rh_DVT
14009,rh_dvt,rh_DVT
14010,rh_v6a,rh_V6A
14011,rh_v6a,rh_V6A
14012,rh_v6a,rh_V6A
14013,rh_v7,rh_V7
14014,rh_v7,rh_V7
14015,rh_v7,rh_V7
14016,rh_v7,rh_V7
14017,rh_v3a,rh_V3A
14018,rh_v3a,rh_V3A
14019,rh_v3a,rh_V3A
14020,rh_v3a,rh_V3A
14021,rh_pgi,rh_PGi
14022,rh_pgi,rh_PGi
14023,rh_pgi,rh_PGi
14024,rh_pgi,rh_PGi
14025,rh_pgi,rh_PGi
14026,rh_pgi,rh_PGi
14027,rh_pgi,rh_PGi
14028,rh_pgi,rh_PGi
14029,rh_pgs,rh_PGs
14030,rh_pgs,rh_PGs
14031,rh_pgs,rh_PGs
14032,rh_pgp,rh_PGp
14033,rh_pgp,rh_PGp
14034,rh_pgp,rh_PGp
14035,rh_pgp,rh_PGp
14036,rh_pgp,rh_PGp
14037,rh_pgp,rh_PGp
14038,rh_pgp,rh_PGp
14039,rh_ip0,rh_IP0
14040,rh_ip0,rh_IP0
14041,rh_ip0,rh_IP0
14042,rh_v3cd,rh_V3CD
14043,rh_v3b,rh_V3B
14044,rh_pft,rh_PFt
14045,rh_pft,rh_PFt
14046,rh_pft,rh_PFt
14047,rh_pft,rh_PFt
14048,rh_pft,rh_PFt
14049,rh_pft,rh_PFt
14050,rh_pft,rh_PFt
14051,rh_pft,rh_PFt
14052,rh_pfm,rh_PFm
14053,rh_pfm,rh_PFm
14054,rh_pfm,rh_PFm
14055,rh_pfm,rh_PFm
14056,rh_pfm,rh_PFm
14057,rh_pfm,rh_PFm
14058,rh_pfm,rh_PFm
14059,rh_pfm,rh_PFm
14060,rh_pfm,rh_PFm
14061,rh_pfm,rh_PFm
14062,rh_pgs,rh_PGs
14063,rh_pfm,rh_PFm
14064,rh_pgi,rh_PGi
14065,rh_pgi,rh_PGi
14066,rh_op2_3,rh_OP2-3
14067,rh_op2_3,rh_OP2-3
14068,rh_op2_3,rh_OP2-3
14069,rh_op2_3,rh_OP2-3
14070,rh_op2_3,rh_OP2-3
14071,rh_op2_3,rh_OP2-3
14072,rh_op2_3,rh_OP2-3
14073,rh_ri,rh_RI
14074,rh_pfcm,rh_PFcm
14075,rh_pfcm,rh_PFcm
14076,rh_pfcm,rh_PFcm
14077,rh_psl,rh_PSL
14078,rh_ri,rh_RI
14079,rh_psl,rh_PSL
14080,rh_psl,rh_PSL
14081,rh_psl,rh_PSL
14082,rh_psl,rh_PSL
14083,rh_psl,rh_PSL
14084,rh_psl,rh_PSL
14085,rh_psl,rh_PSL
14086,rh_psl,rh_PSL
14087,rh_stv,rh_STV
14088,rh_psl,rh_PSL
14089,rh_47s,rh_47s
14090,rh_47s,rh_47s
14091,rh_47s,rh_47s
14092,rh_aaic,rh_AAIC
14093,rh_aaic,rh_AAIC
14094,rh_aaic,rh_AAIC
14095,rh_pir,rh_Pir
14096,rh_pir,rh_Pir
14097,rh_tgd,rh_TGd
14098,rh_tgd,rh_TGd
14099,rh_tgd,rh_TGd
14100,rh_tgd,rh_TGd
14101,rh_tgd,rh_TGd
14102,rh_tgd,rh_TGd
14103,rh_tgd,rh_TGd
14104,rh_tgd,rh_TGd
14105,rh_tgd,rh_TGd
14106,rh_tgd,rh_TGd
14107,rh_tgd,rh_TGd
14108,rh_tgd,rh_TGd
14109,rh_tgd,rh_TGd
14110,rh_te2a,rh_TE2a
14111,rh_te2a,rh_TE2a
14112,rh_?,rh_?
14113,rh_?,rh_?
14114,rh_?,rh_?
14115,rh_?,rh_?
14116,rh_?,rh_?
14117,rh_?,rh_?
14118,rh_?,rh_?
14119,rh_?,rh_?
14120,rh_?,rh_?
14121,rh_?,rh_?
14122,rh_?,rh_?
14123,rh_h,rh_H
14124,rh_h,rh_H
14125,rh_h,rh_H
14126,rh_h,rh_H
14127,rh_ec,rh_EC
14128,rh_ec,rh_EC
14129,rh_ec,rh_EC
14130,rh_peec,rh_PeEc
14131,rh_ec,rh_EC
14132,rh_peec,rh_PeEc
14133,rh_peec,rh_PeEc
14134,rh_peec,rh_PeEc
14135,rh_v1,rh_V1
14136,rh_v1,rh_V1
14137,rh_v1,rh_V1
14138,rh_v1,rh_V1
14139,rh_v1,rh_V1
14140,rh_v1,rh_V1
14141,rh_v1,rh_V1
14142,rh_v1,rh_V1
14143,rh_vmv1,rh_VMV1
14144,rh_vmv1,rh_VMV1
14145,rh_vmv2,rh_VMV2
14146,rh_vmv2,rh_VMV2
14147,rh_vmv2,rh_VMV2
14148,rh_vmv2,rh_VMV2
14149,rh_vmv3,rh_VMV3
14150,rh_vmv3,rh_VMV3
14151,rh_vmv3,rh_VMV3
14152,rh_pha3,rh_PHA3
14153,rh_pha3,rh_PHA3
14154,rh_pha3,rh_PHA3
14155,rh_pha3,rh_PHA3
14156,rh_pha3,rh_PHA3
14157,rh_pha3,rh_PHA3
14158,rh_tpoj2,rh_TPOJ2
14159,rh_tpoj2,rh_TPOJ2
14160,rh_tpoj2,rh_TPOJ2
14161,rh_tpoj2,rh_TPOJ2
14162,rh_tpoj2,rh_TPOJ2
14163,rh_tpoj2,rh_TPOJ2
14164,rh_fst,rh_FST
14165,rh_fst,rh_FST
14166,rh_pit,rh_PIT
14167,rh_pit,rh_PIT
14168,rh_pit,rh_PIT
14169,rh_ph,rh_PH
14170,rh_ph,rh_PH
14171,rh_ph,rh_PH
14172,rh_ph,rh_PH
14173,rh_ph,rh_PH
14174,rh_ph,rh_PH
14175,rh_ph,rh_PH
14176,rh_ffc,rh_FFC
14177,rh_ffc,rh_FFC
14178,rh_ffc,rh_FFC
14179,rh_ffc,rh_FFC
14180,rh_ffc,rh_FFC
14181,rh_pbelt,rh_PBelt
14182,rh_pbelt,rh_PBelt
14183,rh_pbelt,rh_PBelt
14184,rh_a4,rh_A4
14185,rh_a4,rh_A4
14186,rh_a4,rh_A4
14187,rh_a5,rh_A5
14188,rh_a5,rh_A5
14189,rh_stsvp,rh_STSvp
14190,rh_stsvp,rh_STSvp
14191,rh_stsvp,rh_STSvp
14192,rh_te1m,rh_TE1m
14193,rh_stsvp,rh_STSvp
14194,rh_te1m,rh_TE1m
14195,rh_te1a,rh_TE1a
14196,rh_te1a,rh_TE1a
14197,rh_te1m,rh_TE1m
14198,rh_te1m,rh_TE1m
14199,rh_te1m,rh_TE1m
14200,rh_te1m,rh_TE1m
14201,rh_te1m,rh_TE1m
14202,rh_te1m,rh_TE1m
14203,rh_te2a,rh_TE2a
14204,rh_6ma,rh_6ma
14205,rh_6ma,rh_6ma
14206,rh_6ma,rh_6ma
14207,rh_6ma,rh_6ma
14208,rh_6ma,rh_6ma
14209,rh_6ma,rh_6ma
14210,rh_s6_8,rh_s6-8
14211,rh_6ma,rh_6ma
14212,rh_6a,rh_6a
14213,rh_6ma,rh_6ma
14214,rh_6ma,rh_6ma
14215,rh_6a,rh_6a
14216,rh_6a,rh_6a
14217,rh_6a,rh_6a
14218,rh_6ma,rh_6ma
14219,rh_6a,rh_6a
14220,rh_6a,rh_6a
14221,rh_6a,rh_6a
14222,rh_6a,rh_6a
14223,rh_6a,rh_6a
14224,rh_6a,rh_6a
14225,rh_i6_8,rh_i6-8
14226,rh_i6_8,rh_i6-8
14227,rh_4,rh_4
14228,rh_4,rh_4
14229,rh_4,rh_4
14230,rh_4,rh_4
14231,rh_4,rh_4
14232,rh_4,rh_4
14233,rh_6mp,rh_6mp
14234,rh_6mp,rh_6mp
14235,rh_6mp,rh_6mp
14236,rh_6mp,rh_6mp
14237,rh_6mp,rh_6mp
14238,rh_6ma,rh_6ma
14239,rh_6mp,rh_6mp
14240,rh_6mp,rh_6mp
14241,rh_6mp,rh_6mp
14242,rh_6ma,rh_6ma
14243,rh_6ma,rh_6ma
14244,rh_6ma,rh_6ma
14245,rh_6ma,rh_6ma
14246,rh_6ma,rh_6ma
14247,rh_6ma,rh_6ma
14248,rh_6ma,rh_6ma
14249,rh_3b,rh_3b
14250,rh_3b,rh_3b
14251,rh_3b,rh_3b
14252,rh_3a,rh_3a
14253,rh_3b,rh_3b
14254,rh_3b,rh_3b
14255,rh_3b,rh_3b
14256,rh_3b,rh_3b
14257,rh_4,rh_4
14258,rh_4,rh_4
14259,rh_4,rh_4
14260,rh_4,rh_4
14261,rh_3a,rh_3a
14262,rh_3a,rh_3a
14263,rh_3a,rh_3a
14264,rh_3a,rh_3a
14265,rh_3a,rh_3a
14266,rh_3a,rh_3a
14267,rh_4,rh_4
14268,rh_4,rh_4
14269,rh_4,rh_4
14270,rh_4,rh_4
14271,rh_4,rh_4
14272,rh_4,rh_4
14273,rh_4,rh_4
14274,rh_4,rh_4
14275,rh_4,rh_4
14276,rh_4,rh_4
14277,rh_4,rh_4
14278,rh_4,rh_4
14279,rh_4,rh_4
14280,rh_4,rh_4
14281,rh_4,rh_4
14282,rh_4,rh_4
14283,rh_4,rh_4
14284,rh_4,rh_4
14285,rh_4,rh_4
14286,rh_3a,rh_3a
14287,rh_3a,rh_3a
14288,rh_3a,rh_3a
14289,rh_3b,rh_3b
14290,rh_3b,rh_3b
14291,rh_3b,rh_3b
14292,rh_3b,rh_3b
14293,rh_i6_8,rh_i6-8
14294,rh_i6_8,rh_i6-8
14295,rh_6a,rh_6a
14296,rh_6a,rh_6a
14297,rh_6a,rh_6a
14298,rh_fef,rh_FEF
14299,rh_fef,rh_FEF
14300,rh_6a,rh_6a
14301,rh_6a,rh_6a
14302,rh_6a,rh_6a
14303,rh_6a,rh_6a
14304,rh_fef,rh_FEF
14305,rh_fef,rh_FEF
14306,rh_fef,rh_FEF
14307,rh_fef,rh_FEF
14308,rh_fef,rh_FEF
14309,rh_fef,rh_FEF
14310,rh_6d,rh_6d
14311,rh_fef,rh_FEF
14312,rh_6d,rh_6d
14313,rh_4,rh_4
14314,rh_ifsa,rh_IFSa
14315,rh_45,rh_45
14316,rh_ifsa,rh_IFSa
14317,rh_ifsp,rh_IFSp
14318,rh_ifsp,rh_IFSp
14319,rh_ifsp,rh_IFSp
14320,rh_ifsp,rh_IFSp
14321,rh_ifsp,rh_IFSp
14322,rh_p9_46v,rh_p9-46v
14323,rh_ifsp,rh_IFSp
14324,rh_ifsp,rh_IFSp
14325,rh_ifsp,rh_IFSp
14326,rh_ifsp,rh_IFSp
14327,rh_ifsp,rh_IFSp
14328,rh_ifsp,rh_IFSp
14329,rh_ifsp,rh_IFSp
14330,rh_ifja,rh_IFJa
14331,rh_ifsp,rh_IFSp
14332,rh_ifja,rh_IFJa
14333,rh_ifja,rh_IFJa
14334,rh_ifja,rh_IFJa
14335,rh_ifja,rh_IFJa
14336,rh_ifja,rh_IFJa
14337,rh_a47r,rh_a47r
14338,rh_a47r,rh_a47r
14339,rh_a47r,rh_a47r
14340,rh_a47r,rh_a47r
14341,rh_a47r,rh_a47r
14342,rh_a47r,rh_a47r
14343,rh_a47r,rh_a47r
14344,rh_p47r,rh_p47r
14345,rh_a9_46v,rh_a9-46v
14346,rh_a9_46v,rh_a9-46v
14347,rh_a9_46v,rh_a9-46v
14348,rh_ifsa,rh_IFSa
14349,rh_p47r,rh_p47r
14350,rh_p47r,rh_p47r
14351,rh_p47r,rh_p47r
14352,rh_p47r,rh_p47r
14353,rh_p47r,rh_p47r
14354,rh_ifsa,rh_IFSa
14355,rh_ifsa,rh_IFSa
14356,rh_ifsa,rh_IFSa
14357,rh_ifsa,rh_IFSa
14358,rh_45,rh_45
14359,rh_9a,rh_9a
14360,rh_9a,rh_9a
14361,rh_9a,rh_9a
14362,rh_9_46d,rh_9-46d
14363,rh_9a,rh_9a
14364,rh_9a,rh_9a
14365,rh_9a,rh_9a
14366,rh_9a,rh_9a
14367,rh_9_46d,rh_9-46d
14368,rh_9_46d,rh_9-46d
14369,rh_9_46d,rh_9-46d
14370,rh_p10p,rh_p10p
14371,rh_p10p,rh_p10p
14372,rh_p10p,rh_p10p
14373,rh_p10p,rh_p10p
14374,rh_p10p,rh_p10p
14375,rh_p10p,rh_p10p
14376,rh_p10p,rh_p10p
14377,rh_p10p,rh_p10p
14378,rh_p10p,rh_p10p
14379,rh_a47r,rh_a47r
14380,rh_a10p,rh_a10p
14381,rh_?,rh_?
14382,rh_?,rh_?
14383,rh_?,rh_?
14384,rh_?,rh_?
14385,rh_?,rh_?
14386,rh_?,rh_?
14387,rh_?,rh_?
14388,rh_?,rh_?
14389,rh_?,rh_?
14390,rh_?,rh_?
14391,rh_?,rh_?
14392,rh_?,rh_?
14393,rh_?,rh_?
14394,rh_?,rh_?
14395,rh_?,rh_?
14396,rh_?,rh_?
14397,rh_?,rh_?
14398,rh_?,rh_?
14399,rh_p24,rh_p24
14400,rh_?,rh_?
14401,rh_a24,rh_a24
14402,rh_a24,rh_a24
14403,rh_a24,rh_a24
14404,rh_24dv,rh_24dv
14405,rh_23c,rh_23c
14406,rh_23c,rh_23c
14407,rh_p24pr,rh_p24pr
14408,rh_p24pr,rh_p24pr
14409,rh_p24pr,rh_p24pr
14410,rh_p24pr,rh_p24pr
14411,rh_p24pr,rh_p24pr
14412,rh_p24pr,rh_p24pr
14413,rh_p24pr,rh_p24pr
14414,rh_p24pr,rh_p24pr
14415,rh_33pr,rh_33pr
14416,rh_33pr,rh_33pr
14417,rh_33pr,rh_33pr
14418,rh_rsc,rh_RSC
14419,rh_?,rh_?
14420,rh_?,rh_?
14421,rh_?,rh_?
14422,rh_?,rh_?
14423,rh_?,rh_?
14424,rh_?,rh_?
14425,rh_?,rh_?
14426,rh_pos2,rh_POS2
14427,rh_dvt,rh_DVT
14428,rh_pos2,rh_POS2
14429,rh_pos2,rh_POS2
14430,rh_pos2,rh_POS2
14431,rh_pos2,rh_POS2
14432,rh_pos2,rh_POS2
14433,rh_pos2,rh_POS2
14434,rh_7m,rh_7m
14435,rh_7m,rh_7m
14436,rh_7m,rh_7m
14437,rh_7m,rh_7m
14438,rh_7m,rh_7m
14439,rh_7m,rh_7m
14440,rh_7m,rh_7m
14441,rh_7m,rh_7m
14442,rh_7m,rh_7m
14443,rh_7m,rh_7m
14444,rh_31pd,rh_31pd
14445,rh_7m,rh_7m
14446,rh_31pd,rh_31pd
14447,rh_v23ab,rh_v23ab
14448,rh_31pd,rh_31pd
14449,rh_7am,rh_7Am
14450,rh_7am,rh_7Am
14451,rh_7am,rh_7Am
14452,rh_7am,rh_7Am
14453,rh_7am,rh_7Am
14454,rh_7am,rh_7Am
14455,rh_7pl,rh_7PL
14456,rh_7pl,rh_7PL
14457,rh_7pm,rh_7Pm
14458,rh_7pm,rh_7Pm
14459,rh_7pm,rh_7Pm
14460,rh_7pm,rh_7Pm
14461,rh_7pm,rh_7Pm
14462,rh_7pm,rh_7Pm
14463,rh_7pm,rh_7Pm
14464,rh_pos2,rh_POS2
14465,rh_pos2,rh_POS2
14466,rh_pos2,rh_POS2
14467,rh_pos2,rh_POS2
14468,rh_pos2,rh_POS2
14469,rh_pos2,rh_POS2
14470,rh_dvt,rh_DVT
14471,rh_pfm,rh_PFm
14472,rh_pfm,rh_PFm
14473,rh_pfm,rh_PFm
14474,rh_pfm,rh_PFm
14475,rh_pfm,rh_PFm
14476,rh_pfm,rh_PFm
14477,rh_pgs,rh_PGs
14478,rh_pgs,rh_PGs
14479,rh_ip1,rh_IP1
14480,rh_pfm,rh_PFm
14481,rh_ip1,rh_IP1
14482,rh_pgs,rh_PGs
14483,rh_pgs,rh_PGs
14484,rh_pgs,rh_PGs
14485,rh_pgs,rh_PGs
14486,rh_pgs,rh_PGs
14487,rh_pgs,rh_PGs
14488,rh_pgs,rh_PGs
14489,rh_ip1,rh_IP1
14490,rh_ip1,rh_IP1
14491,rh_ip1,rh_IP1
14492,rh_ip1,rh_IP1
14493,rh_ip1,rh_IP1
14494,rh_aip,rh_AIP
14495,rh_aip,rh_AIP
14496,rh_aip,rh_AIP
14497,rh_aip,rh_AIP
14498,rh_aip,rh_AIP
14499,rh_aip,rh_AIP
14500,rh_ip2,rh_IP2
14501,rh_ip2,rh_IP2
14502,rh_aip,rh_AIP
14503,rh_aip,rh_AIP
14504,rh_aip,rh_AIP
14505,rh_ip2,rh_IP2
14506,rh_ip2,rh_IP2
14507,rh_ip2,rh_IP2
14508,rh_ip2,rh_IP2
14509,rh_ip2,rh_IP2
14510,rh_pfm,rh_PFm
14511,rh_pfm,rh_PFm
14512,rh_pfm,rh_PFm
14513,rh_pfm,rh_PFm
14514,rh_pfm,rh_PFm
14515,rh_pfm,rh_PFm
14516,rh_op4,rh_OP4
14517,rh_op4,rh_OP4
14518,rh_op4,rh_OP4
14519,rh_op1,rh_OP1
14520,rh_op1,rh_OP1
14521,rh_op1,rh_OP1
14522,rh_op1,rh_OP1
14523,rh_op1,rh_OP1
14524,rh_op4,rh_OP4
14525,rh_op4,rh_OP4
14526,rh_op4,rh_OP4
14527,rh_pfcm,rh_PFcm
14528,rh_pfcm,rh_PFcm
14529,rh_pfcm,rh_PFcm
14530,rh_pfcm,rh_PFcm
14531,rh_pfcm,rh_PFcm
14532,rh_pfcm,rh_PFcm
14533,rh_pfcm,rh_PFcm
14534,rh_pf,rh_PF
14535,rh_pf,rh_PF
14536,rh_pf,rh_PF
14537,rh_pf,rh_PF
14538,rh_pf,rh_PF
14539,rh_aaic,rh_AAIC
14540,rh_aaic,rh_AAIC
14541,rh_aaic,rh_AAIC
14542,rh_poi2,rh_PoI2
14543,rh_poi2,rh_PoI2
14544,rh_poi2,rh_PoI2
14545,rh_poi2,rh_PoI2
14546,rh_poi1,rh_PoI1
14547,rh_poi1,rh_PoI1
14548,rh_poi2,rh_PoI2
14549,rh_poi1,rh_PoI1
14550,rh_pi,rh_PI
14551,rh_poi1,rh_PoI1
14552,rh_pi,rh_PI
14553,rh_poi1,rh_PoI1
14554,rh_pi,rh_PI
14555,rh_pi,rh_PI
14556,rh_pi,rh_PI
14557,rh_stga,rh_STGa
14558,rh_stga,rh_STGa
14559,rh_stga,rh_STGa
14560,rh_stga,rh_STGa
14561,rh_stga,rh_STGa
14562,rh_?,rh_?
14563,rh_?,rh_?
14564,rh_?,rh_?
14565,rh_?,rh_?
14566,rh_?,rh_?
14567,rh_?,rh_?
14568,rh_?,rh_?
14569,rh_?,rh_?
14570,rh_?,rh_?
14571,rh_?,rh_?
14572,rh_?,rh_?
14573,rh_?,rh_?
14574,rh_?,rh_?
14575,rh_?,rh_?
14576,rh_?,rh_?
14577,rh_?,rh_?
14578,rh_?,rh_?
14579,rh_?,rh_?
14580,rh_?,rh_?
14581,rh_?,rh_?
14582,rh_?,rh_?
14583,rh_?,rh_?
14584,rh_?,rh_?
14585,rh_v1,rh_V1
14586,rh_v1,rh_V1
14587,rh_v1,rh_V1
14588,rh_v1,rh_V1
14589,rh_v1,rh_V1
14590,rh_v1,rh_V1
14591,rh_v1,rh_V1
14592,rh_v1,rh_V1
14593,rh_v1,rh_V1
14594,rh_v1,rh_V1
14595,rh_v1,rh_V1
14596,rh_v2,rh_V2
14597,rh_v2,rh_V2
14598,rh_v2,rh_V2
14599,rh_v2,rh_V2
14600,rh_vmv1,rh_VMV1
14601,rh_vmv1,rh_VMV1
14602,rh_vmv1,rh_VMV1
14603,rh_pha1,rh_PHA1
14604,rh_vmv1,rh_VMV1
14605,rh_pha1,rh_PHA1
14606,rh_vmv1,rh_VMV1
14607,rh_pha1,rh_PHA1
14608,rh_mt,rh_MT
14609,rh_mt,rh_MT
14610,rh_lo3,rh_LO3
14611,rh_lo2,rh_LO2
14612,rh_v4t,rh_V4t
14613,rh_lo2,rh_LO2
14614,rh_v4t,rh_V4t
14615,rh_lo2,rh_LO2
14616,rh_v3,rh_V3
14617,rh_v4,rh_V4
14618,rh_v3,rh_V3
14619,rh_v4,rh_V4
14620,rh_v4,rh_V4
14621,rh_v4,rh_V4
14622,rh_pit,rh_PIT
14623,rh_pit,rh_PIT
14624,rh_pit,rh_PIT
14625,rh_v4,rh_V4
14626,rh_v4,rh_V4
14627,rh_v4,rh_V4
14628,rh_v4,rh_V4
14629,rh_v4,rh_V4
14630,rh_v4,rh_V4
14631,rh_a5,rh_A5
14632,rh_a5,rh_A5
14633,rh_a5,rh_A5
14634,rh_stsdp,rh_STSdp
14635,rh_stsdp,rh_STSdp
14636,rh_stsdp,rh_STSdp
14637,rh_stsdp,rh_STSdp
14638,rh_stsdp,rh_STSdp
14639,rh_stsdp,rh_STSdp
14640,rh_stsdp,rh_STSdp
14641,rh_stsdp,rh_STSdp
14642,rh_stsdp,rh_STSdp
14643,rh_stsdp,rh_STSdp
14644,rh_stsdp,rh_STSdp
14645,rh_stsdp,rh_STSdp
14646,rh_stsdp,rh_STSdp
14647,rh_stsvp,rh_STSvp
14648,rh_stsvp,rh_STSvp
14649,rh_stsvp,rh_STSvp
14650,rh_stsvp,rh_STSvp
14651,rh_stsvp,rh_STSvp
14652,rh_te1m,rh_TE1m
14653,rh_te1p,rh_TE1p
14654,rh_a32pr,rh_a32pr
14655,rh_a32pr,rh_a32pr
14656,rh_a32pr,rh_a32pr
14657,rh_8bm,rh_8BM
14658,rh_8bm,rh_8BM
14659,rh_8bm,rh_8BM
14660,rh_8bm,rh_8BM
14661,rh_8bm,rh_8BM
14662,rh_8bm,rh_8BM
14663,rh_8bm,rh_8BM
14664,rh_8bm,rh_8BM
14665,rh_8bm,rh_8BM
14666,rh_8bm,rh_8BM
14667,rh_8bm,rh_8BM
14668,rh_8bm,rh_8BM
14669,rh_8bm,rh_8BM
14670,rh_9m,rh_9m
14671,rh_8bl,rh_8BL
14672,rh_8bl,rh_8BL
14673,rh_9m,rh_9m
14674,rh_9m,rh_9m
14675,rh_9m,rh_9m
14676,rh_9p,rh_9p
14677,rh_s6_8,rh_s6-8
14678,rh_s6_8,rh_s6-8
14679,rh_s6_8,rh_s6-8
14680,rh_8bl,rh_8BL
14681,rh_8bl,rh_8BL
14682,rh_8bl,rh_8BL
14683,rh_8bl,rh_8BL
14684,rh_8bl,rh_8BL
14685,rh_8ad,rh_8Ad
14686,rh_8ad,rh_8Ad
14687,rh_8ad,rh_8Ad
14688,rh_8ad,rh_8Ad
14689,rh_8ad,rh_8Ad
14690,rh_8bl,rh_8BL
14691,rh_8bl,rh_8BL
14692,rh_8bl,rh_8BL
14693,rh_8bl,rh_8BL
14694,rh_8bl,rh_8BL
14695,rh_9p,rh_9p
14696,rh_9p,rh_9p
14697,rh_9p,rh_9p
14698,rh_9p,rh_9p
14699,rh_9p,rh_9p
14700,rh_9p,rh_9p
14701,rh_9p,rh_9p
14702,rh_9p,rh_9p
14703,rh_9p,rh_9p
14704,rh_9p,rh_9p
14705,rh_9_46d,rh_9-46d
14706,rh_9_46d,rh_9-46d
14707,rh_46,rh_46
14708,rh_9_46d,rh_9-46d
14709,rh_46,rh_46
14710,rh_9_46d,rh_9-46d
14711,rh_9_46d,rh_9-46d
14712,rh_9_46d,rh_9-46d
14713,rh_9_46d,rh_9-46d
14714,rh_9_46d,rh_9-46d
14715,rh_9_46d,rh_9-46d
14716,rh_9_46d,rh_9-46d
14717,rh_46,rh_46
14718,rh_46,rh_46
14719,rh_46,rh_46
14720,rh_46,rh_46
14721,rh_46,rh_46
14722,rh_pcv,rh_PCV
14723,rh_pcv,rh_PCV
14724,rh_23c,rh_23c
14725,rh_5mv,rh_5mv
14726,rh_5mv,rh_5mv
14727,rh_5mv,rh_5mv
14728,rh_23c,rh_23c
14729,rh_5mv,rh_5mv
14730,rh_5mv,rh_5mv
14731,rh_5mv,rh_5mv
14732,rh_5mv,rh_5mv
14733,rh_5mv,rh_5mv
14734,rh_5mv,rh_5mv
14735,rh_5mv,rh_5mv
14736,rh_23c,rh_23c
14737,rh_23c,rh_23c
14738,rh_23c,rh_23c
14739,rh_5mv,rh_5mv
14740,rh_5mv,rh_5mv
14741,rh_5mv,rh_5mv
14742,rh_5mv,rh_5mv
14743,rh_5mv,rh_5mv
14744,rh_5mv,rh_5mv
14745,rh_4,rh_4
14746,rh_4,rh_4
14747,rh_4,rh_4
14748,rh_4,rh_4
14749,rh_4,rh_4
14750,rh_4,rh_4
14751,rh_4,rh_4
14752,rh_4,rh_4
14753,rh_scef,rh_SCEF
14754,rh_scef,rh_SCEF
14755,rh_scef,rh_SCEF
14756,rh_24dd,rh_24dd
14757,rh_24dd,rh_24dd
14758,rh_24dd,rh_24dd
14759,rh_24dd,rh_24dd
14760,rh_24dd,rh_24dd
14761,rh_24dd,rh_24dd
14762,rh_24dd,rh_24dd
14763,rh_24dv,rh_24dv
14764,rh_24dd,rh_24dd
14765,rh_24dd,rh_24dd
14766,rh_24dd,rh_24dd
14767,rh_24dv,rh_24dv
14768,rh_24dv,rh_24dv
14769,rh_24dv,rh_24dv
14770,rh_24dv,rh_24dv
14771,rh_24dv,rh_24dv
14772,rh_24dv,rh_24dv
14773,rh_24dv,rh_24dv
14774,rh_24dv,rh_24dv
14775,rh_scef,rh_SCEF
14776,rh_scef,rh_SCEF
14777,rh_scef,rh_SCEF
14778,rh_p32pr,rh_p32pr
14779,rh_p32pr,rh_p32pr
14780,rh_p32pr,rh_p32pr
14781,rh_p32pr,rh_p32pr
14782,rh_p32pr,rh_p32pr
14783,rh_p32pr,rh_p32pr
14784,rh_p32pr,rh_p32pr
14785,rh_a32pr,rh_a32pr
14786,rh_p32pr,rh_p32pr
14787,rh_a32pr,rh_a32pr
14788,rh_p32pr,rh_p32pr
14789,rh_aip,rh_AIP
14790,rh_aip,rh_AIP
14791,rh_7pc,rh_7PC
14792,rh_7pc,rh_7PC
14793,rh_7pc,rh_7PC
14794,rh_7pc,rh_7PC
14795,rh_7pc,rh_7PC
14796,rh_7pc,rh_7PC
14797,rh_2,rh_2
14798,rh_7pc,rh_7PC
14799,rh_2,rh_2
14800,rh_7pc,rh_7PC
14801,rh_7pc,rh_7PC
14802,rh_7pc,rh_7PC
14803,rh_7pc,rh_7PC
14804,rh_7pc,rh_7PC
14805,rh_7pc,rh_7PC
14806,rh_7pc,rh_7PC
14807,rh_7al,rh_7AL
14808,rh_7al,rh_7AL
14809,rh_7al,rh_7AL
14810,rh_7al,rh_7AL
14811,rh_7al,rh_7AL
14812,rh_1,rh_1
14813,rh_1,rh_1
14814,rh_1,rh_1
14815,rh_1,rh_1
14816,rh_1,rh_1
14817,rh_2,rh_2
14818,rh_2,rh_2
14819,rh_2,rh_2
14820,rh_1,rh_1
14821,rh_1,rh_1
14822,rh_1,rh_1
14823,rh_5l,rh_5L
14824,rh_5l,rh_5L
14825,rh_5l,rh_5L
14826,rh_2,rh_2
14827,rh_7al,rh_7AL
14828,rh_7al,rh_7AL
14829,rh_7al,rh_7AL
14830,rh_7al,rh_7AL
14831,rh_7al,rh_7AL
14832,rh_7al,rh_7AL
14833,rh_7al,rh_7AL
14834,rh_7al,rh_7AL
14835,rh_7al,rh_7AL
14836,rh_7al,rh_7AL
14837,rh_7am,rh_7Am
14838,rh_7am,rh_7Am
14839,rh_7am,rh_7Am
14840,rh_7am,rh_7Am
14841,rh_7am,rh_7Am
14842,rh_5l,rh_5L
14843,rh_5l,rh_5L
14844,rh_5l,rh_5L
14845,rh_5mv,rh_5mv
14846,rh_5mv,rh_5mv
14847,rh_7am,rh_7Am
14848,rh_7am,rh_7Am
14849,rh_7am,rh_7Am
14850,rh_7am,rh_7Am
14851,rh_pcv,rh_PCV
14852,rh_5mv,rh_5mv
14853,rh_pcv,rh_PCV
14854,rh_pcv,rh_PCV
14855,rh_pcv,rh_PCV
14856,rh_3b,rh_3b
14857,rh_3b,rh_3b
14858,rh_3b,rh_3b
14859,rh_3b,rh_3b
14860,rh_3b,rh_3b
14861,rh_1,rh_1
14862,rh_1,rh_1
14863,rh_1,rh_1
14864,rh_3b,rh_3b
14865,rh_3b,rh_3b
14866,rh_3b,rh_3b
14867,rh_3b,rh_3b
14868,rh_3b,rh_3b
14869,rh_1,rh_1
14870,rh_1,rh_1
14871,rh_1,rh_1
14872,rh_2,rh_2
14873,rh_1,rh_1
14874,rh_1,rh_1
14875,rh_2,rh_2
14876,rh_2,rh_2
14877,rh_2,rh_2
14878,rh_2,rh_2
14879,rh_4,rh_4
14880,rh_4,rh_4
14881,rh_4,rh_4
14882,rh_3a,rh_3a
14883,rh_3a,rh_3a
14884,rh_3b,rh_3b
14885,rh_3b,rh_3b
14886,rh_3b,rh_3b
14887,rh_3b,rh_3b
14888,rh_3b,rh_3b
14889,rh_3b,rh_3b
14890,rh_1,rh_1
14891,rh_1,rh_1
14892,rh_1,rh_1
14893,rh_1,rh_1
14894,rh_1,rh_1
14895,rh_1,rh_1
14896,rh_1,rh_1
14897,rh_2,rh_2
14898,rh_2,rh_2
14899,rh_2,rh_2
14900,rh_2,rh_2
14901,rh_2,rh_2
14902,rh_2,rh_2
14903,rh_2,rh_2
14904,rh_2,rh_2
14905,rh_2,rh_2
14906,rh_2,rh_2
14907,rh_aip,rh_AIP
14908,rh_2,rh_2
14909,rh_2,rh_2
14910,rh_2,rh_2
14911,rh_2,rh_2
14912,rh_2,rh_2
14913,rh_2,rh_2
14914,rh_2,rh_2
14915,rh_aip,rh_AIP
14916,rh_aip,rh_AIP
14917,rh_aip,rh_AIP
14918,rh_aip,rh_AIP
14919,rh_7pc,rh_7PC
14920,rh_aip,rh_AIP
14921,rh_aip,rh_AIP
14922,rh_aip,rh_AIP
14923,rh_p9_46v,rh_p9-46v
14924,rh_p9_46v,rh_p9-46v
14925,rh_p9_46v,rh_p9-46v
14926,rh_p9_46v,rh_p9-46v
14927,rh_p9_46v,rh_p9-46v
14928,rh_p9_46v,rh_p9-46v
14929,rh_p9_46v,rh_p9-46v
14930,rh_8c,rh_8C
14931,rh_8c,rh_8C
14932,rh_8c,rh_8C
14933,rh_8c,rh_8C
14934,rh_8c,rh_8C
14935,rh_8c,rh_8C
14936,rh_8c,rh_8C
14937,rh_8c,rh_8C
14938,rh_8c,rh_8C
14939,rh_8c,rh_8C
14940,rh_8c,rh_8C
14941,rh_8c,rh_8C
14942,rh_8c,rh_8C
14943,rh_ifjp,rh_IFJp
14944,rh_ifjp,rh_IFJp
14945,rh_i6_8,rh_i6-8
14946,rh_8av,rh_8Av
14947,rh_i6_8,rh_i6-8
14948,rh_8av,rh_8Av
14949,rh_8av,rh_8Av
14950,rh_8av,rh_8Av
14951,rh_8av,rh_8Av
14952,rh_8av,rh_8Av
14953,rh_55b,rh_55b
14954,rh_55b,rh_55b
14955,rh_55b,rh_55b
14956,rh_pef,rh_PEF
14957,rh_55b,rh_55b
14958,rh_8c,rh_8C
14959,rh_8c,rh_8C
14960,rh_8c,rh_8C
14961,rh_8c,rh_8C
14962,rh_8c,rh_8C
14963,rh_pef,rh_PEF
14964,rh_pef,rh_PEF
14965,rh_pef,rh_PEF
14966,rh_ifjp,rh_IFJp
14967,rh_pef,rh_PEF
14968,rh_6r,rh_6r
14969,rh_6r,rh_6r
14970,rh_6v,rh_6v
14971,rh_6r,rh_6r
14972,rh_6v,rh_6v
14973,rh_6v,rh_6v
14974,rh_6v,rh_6v
14975,rh_6v,rh_6v
14976,rh_6v,rh_6v
14977,rh_4,rh_4
14978,rh_4,rh_4
14979,rh_4,rh_4
14980,rh_4,rh_4
14981,rh_4,rh_4
14982,rh_4,rh_4
14983,rh_4,rh_4
14984,rh_4,rh_4
14985,rh_3a,rh_3a
14986,rh_3a,rh_3a
14987,rh_3a,rh_3a
14988,rh_3b,rh_3b
14989,rh_poi2,rh_PoI2
14990,rh_poi2,rh_PoI2
14991,rh_mi,rh_MI
14992,rh_fop3,rh_FOP3
14993,rh_ig,rh_Ig
14994,rh_fop2,rh_FOP2
14995,rh_ig,rh_Ig
14996,rh_fop2,rh_FOP2
14997,rh_fop4,rh_FOP4
14998,rh_fop3,rh_FOP3
14999,rh_fop3,rh_FOP3
15000,rh_fop3,rh_FOP3
15001,rh_fop3,rh_FOP3
15002,rh_fop2,rh_FOP2
15003,rh_fop2,rh_FOP2
15004,rh_fop2,rh_FOP2
15005,rh_fop2,rh_FOP2
15006,rh_fop2,rh_FOP2
15007,rh_fop2,rh_FOP2
15008,rh_fop2,rh_FOP2
15009,rh_fop2,rh_FOP2
15010,rh_op2_3,rh_OP2-3
15011,rh_fop2,rh_FOP2
15012,rh_45,rh_45
15013,rh_44,rh_44
15014,rh_44,rh_44
15015,rh_44,rh_44
15016,rh_44,rh_44
15017,rh_44,rh_44
15018,rh_44,rh_44
15019,rh_44,rh_44
15020,rh_6r,rh_6r
15021,rh_44,rh_44
15022,rh_6r,rh_6r
15023,rh_6r,rh_6r
15024,rh_6r,rh_6r
15025,rh_6r,rh_6r
15026,rh_6r,rh_6r
15027,rh_fop1,rh_FOP1
15028,rh_fop1,rh_FOP1
15029,rh_fop1,rh_FOP1
15030,rh_43,rh_43
15031,rh_fop1,rh_FOP1
15032,rh_43,rh_43
15033,rh_43,rh_43
15034,rh_43,rh_43
15035,rh_op4,rh_OP4
15036,rh_43,rh_43
15037,rh_43,rh_43
15038,rh_43,rh_43
15039,rh_op4,rh_OP4
15040,rh_op4,rh_OP4
15041,rh_op4,rh_OP4
15042,rh_43,rh_43
15043,rh_43,rh_43
15044,rh_43,rh_43
15045,rh_43,rh_43
15046,rh_43,rh_43
15047,rh_op4,rh_OP4
15048,rh_op4,rh_OP4
15049,rh_op4,rh_OP4
15050,rh_op4,rh_OP4
15051,rh_op4,rh_OP4
15052,rh_3a,rh_3a
15053,rh_1,rh_1
15054,rh_3a,rh_3a
15055,rh_3b,rh_3b
15056,rh_3a,rh_3a
15057,rh_ofc,rh_OFC
15058,rh_ofc,rh_OFC
15059,rh_ofc,rh_OFC
15060,rh_13l,rh_13l
15061,rh_ofc,rh_OFC
15062,rh_13l,rh_13l
15063,rh_13l,rh_13l
15064,rh_13l,rh_13l
15065,rh_11l,rh_11l
15066,rh_11l,rh_11l
15067,rh_11l,rh_11l
15068,rh_13l,rh_13l
15069,rh_13l,rh_13l
15070,rh_13l,rh_13l
15071,rh_13l,rh_13l
15072,rh_13l,rh_13l
15073,rh_13l,rh_13l
15074,rh_47m,rh_47m
15075,rh_47m,rh_47m
15076,rh_47m,rh_47m
15077,rh_47s,rh_47s
15078,rh_47s,rh_47s
15079,rh_47s,rh_47s
15080,rh_a47r,rh_a47r
15081,rh_11l,rh_11l
15082,rh_a47r,rh_a47r
15083,rh_a47r,rh_a47r
15084,rh_a47r,rh_a47r
15085,rh_a47r,rh_a47r
15086,rh_a47r,rh_a47r
15087,rh_a47r,rh_a47r
15088,rh_47l,rh_47l
15089,rh_p47r,rh_p47r
15090,rh_47l,rh_47l
15091,rh_47l,rh_47l
15092,rh_47l,rh_47l
15093,rh_47l,rh_47l
15094,rh_47l,rh_47l
15095,rh_47l,rh_47l
15096,rh_47l,rh_47l
15097,rh_47l,rh_47l
15098,rh_avi,rh_AVI
15099,rh_47s,rh_47s
15100,rh_avi,rh_AVI
15101,rh_avi,rh_AVI
15102,rh_avi,rh_AVI
15103,rh_avi,rh_AVI
15104,rh_avi,rh_AVI
15105,rh_avi,rh_AVI
15106,rh_avi,rh_AVI
15107,rh_avi,rh_AVI
15108,rh_mi,rh_MI
15109,rh_avi,rh_AVI
15110,rh_fop5,rh_FOP5
15111,rh_fop5,rh_FOP5
15112,rh_fop5,rh_FOP5
15113,rh_fop4,rh_FOP4
15114,rh_fop4,rh_FOP4
15115,rh_fop3,rh_FOP3
15116,rh_mi,rh_MI
15117,rh_mi,rh_MI
15118,rh_mi,rh_MI
15119,rh_mi,rh_MI
15120,rh_mi,rh_MI
15121,rh_mi,rh_MI
15122,rh_mi,rh_MI
15123,rh_poi2,rh_PoI2
15124,rh_d32,rh_d32
15125,rh_a32pr,rh_a32pr
15126,rh_d32,rh_d32
15127,rh_d32,rh_d32
15128,rh_a32pr,rh_a32pr
15129,rh_a32pr,rh_a32pr
15130,rh_a32pr,rh_a32pr
15131,rh_d32,rh_d32
15132,rh_9m,rh_9m
15133,rh_d32,rh_d32
15134,rh_9m,rh_9m
15135,rh_9m,rh_9m
15136,rh_d32,rh_d32
15137,rh_d32,rh_d32
15138,rh_d32,rh_d32
15139,rh_9m,rh_9m
15140,rh_a24,rh_a24
15141,rh_9m,rh_9m
15142,rh_p32,rh_p32
15143,rh_a24,rh_a24
15144,rh_a24,rh_a24
15145,rh_p32,rh_p32
15146,rh_p32,rh_p32
15147,rh_9a,rh_9a
15148,rh_9a,rh_9a
15149,rh_9a,rh_9a
15150,rh_10d,rh_10d
15151,rh_10d,rh_10d
15152,rh_10d,rh_10d
15153,rh_9m,rh_9m
15154,rh_10d,rh_10d
15155,rh_10d,rh_10d
15156,rh_10d,rh_10d
15157,rh_10d,rh_10d
15158,rh_10d,rh_10d
15159,rh_10d,rh_10d
15160,rh_10d,rh_10d
15161,rh_10d,rh_10d
15162,rh_p32,rh_p32
15163,rh_p32,rh_p32
15164,rh_p32,rh_p32
15165,rh_10r,rh_10r
15166,rh_10r,rh_10r
15167,rh_p32,rh_p32
15168,rh_p32,rh_p32
15169,rh_10r,rh_10r
15170,rh_p32,rh_p32
15171,rh_10r,rh_10r
15172,rh_10r,rh_10r
15173,rh_10r,rh_10r
15174,rh_10r,rh_10r
15175,rh_10r,rh_10r
15176,rh_10v,rh_10v
15177,rh_10pp,rh_10pp
15178,rh_10v,rh_10v
15179,rh_10v,rh_10v
15180,rh_ofc,rh_OFC
15181,rh_ofc,rh_OFC
15182,rh_ofc,rh_OFC
15183,rh_ofc,rh_OFC
15184,rh_ofc,rh_OFC
15185,rh_ofc,rh_OFC
15186,rh_ofc,rh_OFC
15187,rh_ofc,rh_OFC
15188,rh_ofc,rh_OFC
15189,rh_ofc,rh_OFC
15190,rh_ofc,rh_OFC
15191,rh_?,rh_?
15192,rh_?,rh_?
15193,rh_?,rh_?
15194,rh_?,rh_?
15195,rh_?,rh_?
15196,rh_?,rh_?
15197,rh_?,rh_?
15198,rh_?,rh_?
15199,rh_?,rh_?
15200,rh_?,rh_?
15201,rh_?,rh_?
15202,rh_?,rh_?
15203,rh_?,rh_?
15204,rh_?,rh_?
15205,rh_?,rh_?
15206,rh_?,rh_?
15207,rh_?,rh_?
15208,rh_?,rh_?
15209,rh_?,rh_?
15210,rh_?,rh_?
15211,rh_?,rh_?
15212,rh_?,rh_?
15213,rh_?,rh_?
15214,rh_?,rh_?
15215,rh_?,rh_?
15216,rh_?,rh_?
15217,rh_?,rh_?
15218,rh_?,rh_?
15219,rh_?,rh_?
15220,rh_?,rh_?
15221,rh_?,rh_?
15222,rh_?,rh_?
15223,rh_?,rh_?
15224,rh_?,rh_?
15225,rh_?,rh_?
15226,rh_?,rh_?
15227,rh_?,rh_?
15228,rh_?,rh_?
15229,rh_?,rh_?
15230,rh_?,rh_?
15231,rh_?,rh_?
15232,rh_?,rh_?
15233,rh_?,rh_?
15234,rh_?,rh_?
15235,rh_?,rh_?
15236,rh_?,rh_?
15237,rh_?,rh_?
15238,rh_?,rh_?
15239,rh_?,rh_?
15240,rh_?,rh_?
15241,rh_?,rh_?
15242,rh_?,rh_?
15243,rh_?,rh_?
15244,rh_25,rh_25
15245,rh_?,rh_?
15246,rh_25,rh_25
15247,rh_25,rh_25
15248,rh_25,rh_25
15249,rh_25,rh_25
15250,rh_25,rh_25
15251,rh_pofc,rh_pOFC
15252,rh_pofc,rh_pOFC
15253,rh_ofc,rh_OFC
15254,rh_ofc,rh_OFC
15255,rh_ofc,rh_OFC
15256,rh_ofc,rh_OFC
15257,rh_ofc,rh_OFC
15258,rh_ofc,rh_OFC
15259,rh_23c,rh_23c
15260,rh_pcv,rh_PCV
15261,rh_23c,rh_23c
15262,rh_31a,rh_31a
15263,rh_31a,rh_31a
15264,rh_31a,rh_31a
15265,rh_31pd,rh_31pd
15266,rh_31pd,rh_31pd
15267,rh_23c,rh_23c
15268,rh_23c,rh_23c
15269,rh_31a,rh_31a
15270,rh_31pv,rh_31pv
15271,rh_31pv,rh_31pv
15272,rh_31pv,rh_31pv
15273,rh_31pv,rh_31pv
15274,rh_31pv,rh_31pv
15275,rh_31pv,rh_31pv
15276,rh_31pv,rh_31pv
15277,rh_31pv,rh_31pv
15278,rh_31pv,rh_31pv
15279,rh_31pv,rh_31pv
15280,rh_31pv,rh_31pv
15281,rh_d23ab,rh_d23ab
15282,rh_p24pr,rh_p24pr
15283,rh_23c,rh_23c
15284,rh_p24pr,rh_p24pr
15285,rh_23d,rh_23d
15286,rh_23d,rh_23d
15287,rh_23d,rh_23d
15288,rh_23d,rh_23d
15289,rh_23d,rh_23d
15290,rh_?,rh_?
15291,rh_rsc,rh_RSC
15292,rh_?,rh_?
15293,rh_rsc,rh_RSC
15294,rh_rsc,rh_RSC
15295,rh_rsc,rh_RSC
15296,rh_rsc,rh_RSC
15297,rh_rsc,rh_RSC
15298,rh_rsc,rh_RSC
15299,rh_rsc,rh_RSC
15300,rh_rsc,rh_RSC
15301,rh_rsc,rh_RSC
15302,rh_rsc,rh_RSC
15303,rh_rsc,rh_RSC
15304,rh_rsc,rh_RSC
15305,rh_v23ab,rh_v23ab
15306,rh_rsc,rh_RSC
15307,rh_?,rh_?
15308,rh_?,rh_?
15309,rh_?,rh_?
15310,rh_?,rh_?
15311,rh_?,rh_?
15312,rh_?,rh_?
15313,rh_?,rh_?
15314,rh_?,rh_?
15315,rh_?,rh_?
15316,rh_?,rh_?
15317,rh_?,rh_?
15318,rh_?,rh_?
15319,rh_?,rh_?
15320,rh_?,rh_?
15321,rh_?,rh_?
15322,rh_?,rh_?
15323,rh_?,rh_?
15324,rh_?,rh_?
15325,rh_?,rh_?
15326,rh_v2,rh_V2
15327,rh_v2,rh_V2
15328,rh_v2,rh_V2
15329,rh_v2,rh_V2
15330,rh_v2,rh_V2
15331,rh_v1,rh_V1
15332,rh_v1,rh_V1
15333,rh_v1,rh_V1
15334,rh_v3,rh_V3
15335,rh_v2,rh_V2
15336,rh_v2,rh_V2
15337,rh_v2,rh_V2
15338,rh_v2,rh_V2
15339,rh_v1,rh_V1
15340,rh_v1,rh_V1
15341,rh_v1,rh_V1
15342,rh_v1,rh_V1
15343,rh_v1,rh_V1
15344,rh_v1,rh_V1
15345,rh_v1,rh_V1
15346,rh_v1,rh_V1
15347,rh_v1,rh_V1
15348,rh_v1,rh_V1
15349,rh_dvt,rh_DVT
15350,rh_v6,rh_V6
15351,rh_v6,rh_V6
15352,rh_v6,rh_V6
15353,rh_v6,rh_V6
15354,rh_v6,rh_V6
15355,rh_v3,rh_V3
15356,rh_v6,rh_V6
15357,rh_pos2,rh_POS2
15358,rh_dvt,rh_DVT
15359,rh_dvt,rh_DVT
15360,rh_v2,rh_V2
15361,rh_v2,rh_V2
15362,rh_v2,rh_V2
15363,rh_v2,rh_V2
15364,rh_v2,rh_V2
15365,rh_v2,rh_V2
15366,rh_v2,rh_V2
15367,rh_v1,rh_V1
15368,rh_v1,rh_V1
15369,rh_v1,rh_V1
15370,rh_v1,rh_V1
15371,rh_v1,rh_V1
15372,rh_v1,rh_V1
15373,rh_v1,rh_V1
15374,rh_v1,rh_V1
15375,rh_v1,rh_V1
15376,rh_v1,rh_V1
15377,rh_v1,rh_V1
15378,rh_v1,rh_V1
15379,rh_pos1,rh_POS1
15380,rh_dvt,rh_DVT
15381,rh_dvt,rh_DVT
15382,rh_pros,rh_ProS
15383,rh_pros,rh_ProS
15384,rh_pros,rh_ProS
15385,rh_v1,rh_V1
15386,rh_pros,rh_ProS
15387,rh_pros,rh_ProS
15388,rh_pros,rh_ProS
15389,rh_pos1,rh_POS1
15390,rh_pos1,rh_POS1
15391,rh_rsc,rh_RSC
15392,rh_rsc,rh_RSC
15393,rh_rsc,rh_RSC
15394,rh_aip,rh_AIP
15395,rh_aip,rh_AIP
15396,rh_lipv,rh_LIPv
15397,rh_lipv,rh_LIPv
15398,rh_lipv,rh_LIPv
15399,rh_lipd,rh_LIPd
15400,rh_lipd,rh_LIPd
15401,rh_lipd,rh_LIPd
15402,rh_lipv,rh_LIPv
15403,rh_lipv,rh_LIPv
15404,rh_lipv,rh_LIPv
15405,rh_lipd,rh_LIPd
15406,rh_lipd,rh_LIPd
15407,rh_mip,rh_MIP
15408,rh_lipd,rh_LIPd
15409,rh_ip1,rh_IP1
15410,rh_ip1,rh_IP1
15411,rh_ip1,rh_IP1
15412,rh_mip,rh_MIP
15413,rh_mip,rh_MIP
15414,rh_mip,rh_MIP
15415,rh_ip0,rh_IP0
15416,rh_ip0,rh_IP0
15417,rh_7am,rh_7Am
15418,rh_vip,rh_VIP
15419,rh_7pl,rh_7PL
15420,rh_mip,rh_MIP
15421,rh_mip,rh_MIP
15422,rh_mip,rh_MIP
15423,rh_mip,rh_MIP
15424,rh_mip,rh_MIP
15425,rh_ips1,rh_IPS1
15426,rh_dvt,rh_DVT
15427,rh_ips1,rh_IPS1
15428,rh_ips1,rh_IPS1
15429,rh_ips1,rh_IPS1
15430,rh_ips1,rh_IPS1
15431,rh_mip,rh_MIP
15432,rh_mip,rh_MIP
15433,rh_mip,rh_MIP
15434,rh_ips1,rh_IPS1
15435,rh_ips1,rh_IPS1
15436,rh_ips1,rh_IPS1
15437,rh_ips1,rh_IPS1
15438,rh_ip0,rh_IP0
15439,rh_ip0,rh_IP0
15440,rh_v3b,rh_V3B
15441,rh_v3b,rh_V3B
15442,rh_v3b,rh_V3B
15443,rh_v3b,rh_V3B
15444,rh_v3b,rh_V3B
15445,rh_v3b,rh_V3B
15446,rh_v3b,rh_V3B
15447,rh_v3a,rh_V3A
15448,rh_v3a,rh_V3A
15449,rh_v3a,rh_V3A
15450,rh_v3a,rh_V3A
15451,rh_v3a,rh_V3A
15452,rh_v3a,rh_V3A
15453,rh_v3a,rh_V3A
15454,rh_v4,rh_V4
15455,rh_v4,rh_V4
15456,rh_v3,rh_V3
15457,rh_v3,rh_V3
15458,rh_v3,rh_V3
15459,rh_v2,rh_V2
15460,rh_v2,rh_V2
15461,rh_tpoj1,rh_TPOJ1
15462,rh_tpoj1,rh_TPOJ1
15463,rh_tpoj1,rh_TPOJ1
15464,rh_pgi,rh_PGi
15465,rh_tpoj1,rh_TPOJ1
15466,rh_tpoj1,rh_TPOJ1
15467,rh_tpoj1,rh_TPOJ1
15468,rh_tpoj2,rh_TPOJ2
15469,rh_pgi,rh_PGi
15470,rh_pgi,rh_PGi
15471,rh_pgi,rh_PGi
15472,rh_pgi,rh_PGi
15473,rh_pgi,rh_PGi
15474,rh_tpoj2,rh_TPOJ2
15475,rh_tpoj2,rh_TPOJ2
15476,rh_tpoj2,rh_TPOJ2
15477,rh_tpoj2,rh_TPOJ2
15478,rh_tpoj2,rh_TPOJ2
15479,rh_tpoj3,rh_TPOJ3
15480,rh_tpoj3,rh_TPOJ3
15481,rh_tpoj3,rh_TPOJ3
15482,rh_tpoj3,rh_TPOJ3
15483,rh_tpoj3,rh_TPOJ3
15484,rh_pgs,rh_PGs
15485,rh_pgs,rh_PGs
15486,rh_pgs,rh_PGs
15487,rh_pgi,rh_PGi
15488,rh_pgi,rh_PGi
15489,rh_pgi,rh_PGi
15490,rh_pgi,rh_PGi
15491,rh_pgi,rh_PGi
15492,rh_pgs,rh_PGs
15493,rh_pgs,rh_PGs
15494,rh_pgs,rh_PGs
15495,rh_pgs,rh_PGs
15496,rh_pgs,rh_PGs
15497,rh_pgi,rh_PGi
15498,rh_pgi,rh_PGi
15499,rh_pgi,rh_PGi
15500,rh_pgi,rh_PGi
15501,rh_tpoj3,rh_TPOJ3
15502,rh_tpoj3,rh_TPOJ3
15503,rh_tpoj3,rh_TPOJ3
15504,rh_tpoj3,rh_TPOJ3
15505,rh_tpoj3,rh_TPOJ3
15506,rh_tpoj3,rh_TPOJ3
15507,rh_mt,rh_MT
15508,rh_lo3,rh_LO3
15509,rh_lo3,rh_LO3
15510,rh_lo3,rh_LO3
15511,rh_lo3,rh_LO3
15512,rh_lo3,rh_LO3
15513,rh_lo1,rh_LO1
15514,rh_pgp,rh_PGp
15515,rh_pgp,rh_PGp
15516,rh_pgp,rh_PGp
15517,rh_v4,rh_V4
15518,rh_v3cd,rh_V3CD
15519,rh_v3cd,rh_V3CD
15520,rh_lo1,rh_LO1
15521,rh_v4,rh_V4
15522,rh_v4,rh_V4
15523,rh_v4,rh_V4
15524,rh_v3,rh_V3
15525,rh_v3,rh_V3
15526,rh_v3,rh_V3
15527,rh_v3,rh_V3
15528,rh_v3,rh_V3
15529,rh_2,rh_2
15530,rh_2,rh_2
15531,rh_2,rh_2
15532,rh_pft,rh_PFt
15533,rh_pft,rh_PFt
15534,rh_pfop,rh_PFop
15535,rh_pfop,rh_PFop
15536,rh_pfop,rh_PFop
15537,rh_pft,rh_PFt
15538,rh_pft,rh_PFt
15539,rh_pft,rh_PFt
15540,rh_pf,rh_PF
15541,rh_pft,rh_PFt
15542,rh_pfop,rh_PFop
15543,rh_pfop,rh_PFop
15544,rh_pf,rh_PF
15545,rh_pf,rh_PF
15546,rh_pf,rh_PF
15547,rh_pf,rh_PF
15548,rh_pf,rh_PF
15549,rh_pf,rh_PF
15550,rh_pf,rh_PF
15551,rh_pf,rh_PF
15552,rh_aip,rh_AIP
15553,rh_pft,rh_PFt
15554,rh_aip,rh_AIP
15555,rh_ip2,rh_IP2
15556,rh_ip2,rh_IP2
15557,rh_ip2,rh_IP2
15558,rh_pf,rh_PF
15559,rh_pfm,rh_PFm
15560,rh_pfm,rh_PFm
15561,rh_pfm,rh_PFm
15562,rh_pfm,rh_PFm
15563,rh_pfm,rh_PFm
15564,rh_pfm,rh_PFm
15565,rh_pfm,rh_PFm
15566,rh_pfm,rh_PFm
15567,rh_pf,rh_PF
15568,rh_pf,rh_PF
15569,rh_pf,rh_PF
15570,rh_psl,rh_PSL
15571,rh_pf,rh_PF
15572,rh_pf,rh_PF
15573,rh_pf,rh_PF
15574,rh_psl,rh_PSL
15575,rh_psl,rh_PSL
15576,rh_psl,rh_PSL
15577,rh_psl,rh_PSL
15578,rh_psl,rh_PSL
15579,rh_stv,rh_STV
15580,rh_stv,rh_STV
15581,rh_stv,rh_STV
15582,rh_pfm,rh_PFm
15583,rh_pfm,rh_PFm
15584,rh_pfm,rh_PFm
15585,rh_stv,rh_STV
15586,rh_stv,rh_STV
15587,rh_stv,rh_STV
15588,rh_stv,rh_STV
15589,rh_stv,rh_STV
15590,rh_stv,rh_STV
15591,rh_stv,rh_STV
15592,rh_tpoj1,rh_TPOJ1
15593,rh_tpoj1,rh_TPOJ1
15594,rh_tpoj1,rh_TPOJ1
15595,rh_tpoj1,rh_TPOJ1
15596,rh_poi2,rh_PoI2
15597,rh_poi1,rh_PoI1
15598,rh_poi1,rh_PoI1
15599,rh_poi1,rh_PoI1
15600,rh_poi1,rh_PoI1
15601,rh_52,rh_52
15602,rh_52,rh_52
15603,rh_52,rh_52
15604,rh_ig,rh_Ig
15605,rh_ig,rh_Ig
15606,rh_52,rh_52
15607,rh_mbelt,rh_MBelt
15608,rh_mbelt,rh_MBelt
15609,rh_mbelt,rh_MBelt
15610,rh_mbelt,rh_MBelt
15611,rh_mbelt,rh_MBelt
15612,rh_mbelt,rh_MBelt
15613,rh_a1,rh_A1
15614,rh_lbelt,rh_LBelt
15615,rh_a1,rh_A1
15616,rh_lbelt,rh_LBelt
15617,rh_lbelt,rh_LBelt
15618,rh_lbelt,rh_LBelt
15619,rh_op1,rh_OP1
15620,rh_op1,rh_OP1
15621,rh_op1,rh_OP1
15622,rh_ri,rh_RI
15623,rh_ri,rh_RI
15624,rh_ri,rh_RI
15625,rh_ri,rh_RI
15626,rh_ri,rh_RI
15627,rh_ri,rh_RI
15628,rh_ri,rh_RI
15629,rh_ri,rh_RI
15630,rh_pbelt,rh_PBelt
15631,rh_ri,rh_RI
15632,rh_lbelt,rh_LBelt
15633,rh_lbelt,rh_LBelt
15634,rh_lbelt,rh_LBelt
15635,rh_lbelt,rh_LBelt
15636,rh_lbelt,rh_LBelt
15637,rh_pbelt,rh_PBelt
15638,rh_lbelt,rh_LBelt
15639,rh_pbelt,rh_PBelt
15640,rh_pbelt,rh_PBelt
15641,rh_a4,rh_A4
15642,rh_a4,rh_A4
15643,rh_a4,rh_A4
15644,rh_a4,rh_A4
15645,rh_a5,rh_A5
15646,rh_a5,rh_A5
15647,rh_a5,rh_A5
15648,rh_a5,rh_A5
15649,rh_a4,rh_A4
15650,rh_a4,rh_A4
15651,rh_a4,rh_A4
15652,rh_tpoj1,rh_TPOJ1
15653,rh_tpoj1,rh_TPOJ1
15654,rh_tpoj1,rh_TPOJ1
15655,rh_tpoj1,rh_TPOJ1
15656,rh_tpoj1,rh_TPOJ1
15657,rh_tpoj1,rh_TPOJ1
15658,rh_tpoj1,rh_TPOJ1
15659,rh_tpoj1,rh_TPOJ1
15660,rh_tpoj1,rh_TPOJ1
15661,rh_tpoj1,rh_TPOJ1
15662,rh_tpoj1,rh_TPOJ1
15663,rh_tpoj1,rh_TPOJ1
15664,rh_ofc,rh_OFC
15665,rh_ofc,rh_OFC
15666,rh_pofc,rh_pOFC
15667,rh_pofc,rh_pOFC
15668,rh_pofc,rh_pOFC
15669,rh_pofc,rh_pOFC
15670,rh_pofc,rh_pOFC
15671,rh_pir,rh_Pir
15672,rh_47s,rh_47s
15673,rh_47s,rh_47s
15674,rh_pofc,rh_pOFC
15675,rh_?,rh_?
15676,rh_pir,rh_Pir
15677,rh_?,rh_?
15678,rh_?,rh_?
15679,rh_?,rh_?
15680,rh_?,rh_?
15681,rh_?,rh_?
15682,rh_?,rh_?
15683,rh_?,rh_?
15684,rh_?,rh_?
15685,rh_?,rh_?
15686,rh_?,rh_?
15687,rh_aaic,rh_AAIC
15688,rh_aaic,rh_AAIC
15689,rh_aaic,rh_AAIC
15690,rh_pir,rh_Pir
15691,rh_pir,rh_Pir
15692,rh_pir,rh_Pir
15693,rh_pir,rh_Pir
15694,rh_pir,rh_Pir
15695,rh_tgd,rh_TGd
15696,rh_tgd,rh_TGd
15697,rh_tgd,rh_TGd
15698,rh_tgd,rh_TGd
15699,rh_tgd,rh_TGd
15700,rh_tgd,rh_TGd
15701,rh_pir,rh_Pir
15702,rh_pir,rh_Pir
15703,rh_pir,rh_Pir
15704,rh_pir,rh_Pir
15705,rh_tgd,rh_TGd
15706,rh_peec,rh_PeEc
15707,rh_peec,rh_PeEc
15708,rh_?,rh_?
15709,rh_peec,rh_PeEc
15710,rh_peec,rh_PeEc
15711,rh_peec,rh_PeEc
15712,rh_tgv,rh_TGv
15713,rh_tgv,rh_TGv
15714,rh_tgv,rh_TGv
15715,rh_tgv,rh_TGv
15716,rh_tgv,rh_TGv
15717,rh_tgd,rh_TGd
15718,rh_tgd,rh_TGd
15719,rh_tgv,rh_TGv
15720,rh_tgv,rh_TGv
15721,rh_tgv,rh_TGv
15722,rh_tgv,rh_TGv
15723,rh_tgv,rh_TGv
15724,rh_tgv,rh_TGv
15725,rh_tf,rh_TF
15726,rh_tf,rh_TF
15727,rh_tf,rh_TF
15728,rh_tf,rh_TF
15729,rh_tf,rh_TF
15730,rh_tf,rh_TF
15731,rh_tf,rh_TF
15732,rh_?,rh_?
15733,rh_?,rh_?
15734,rh_?,rh_?
15735,rh_?,rh_?
15736,rh_?,rh_?
15737,rh_?,rh_?
15738,rh_h,rh_H
15739,rh_h,rh_H
15740,rh_?,rh_?
15741,rh_?,rh_?
15742,rh_?,rh_?
15743,rh_?,rh_?
15744,rh_?,rh_?
15745,rh_h,rh_H
15746,rh_h,rh_H
15747,rh_pres,rh_PreS
15748,rh_pres,rh_PreS
15749,rh_pres,rh_PreS
15750,rh_pres,rh_PreS
15751,rh_pres,rh_PreS
15752,rh_pres,rh_PreS
15753,rh_pha1,rh_PHA1
15754,rh_pha1,rh_PHA1
15755,rh_?,rh_?
15756,rh_?,rh_?
15757,rh_?,rh_?
15758,rh_?,rh_?
15759,rh_?,rh_?
15760,rh_?,rh_?
15761,rh_?,rh_?
15762,rh_?,rh_?
15763,rh_h,rh_H
15764,rh_?,rh_?
15765,rh_h,rh_H
15766,rh_h,rh_H
15767,rh_h,rh_H
15768,rh_h,rh_H
15769,rh_h,rh_H
15770,rh_h,rh_H
15771,rh_h,rh_H
15772,rh_h,rh_H
15773,rh_pha1,rh_PHA1
15774,rh_pres,rh_PreS
15775,rh_pha1,rh_PHA1
15776,rh_pha1,rh_PHA1
15777,rh_pha1,rh_PHA1
15778,rh_pha2,rh_PHA2
15779,rh_pha2,rh_PHA2
15780,rh_pha2,rh_PHA2
15781,rh_pha2,rh_PHA2
15782,rh_pha2,rh_PHA2
15783,rh_pha3,rh_PHA3
15784,rh_pha3,rh_PHA3
15785,rh_peec,rh_PeEc
15786,rh_peec,rh_PeEc
15787,rh_peec,rh_PeEc
15788,rh_peec,rh_PeEc
15789,rh_peec,rh_PeEc
15790,rh_tf,rh_TF
15791,rh_peec,rh_PeEc
15792,rh_tf,rh_TF
15793,rh_tf,rh_TF
15794,rh_tf,rh_TF
15795,rh_tf,rh_TF
15796,rh_tf,rh_TF
15797,rh_tf,rh_TF
15798,rh_tf,rh_TF
15799,rh_tf,rh_TF
15800,rh_v1,rh_V1
15801,rh_v1,rh_V1
15802,rh_v1,rh_V1
15803,rh_v1,rh_V1
15804,rh_v1,rh_V1
15805,rh_v1,rh_V1
15806,rh_v1,rh_V1
15807,rh_v1,rh_V1
15808,rh_v1,rh_V1
15809,rh_v1,rh_V1
15810,rh_v1,rh_V1
15811,rh_v2,rh_V2
15812,rh_v1,rh_V1
15813,rh_v2,rh_V2
15814,rh_v2,rh_V2
15815,rh_v2,rh_V2
15816,rh_v2,rh_V2
15817,rh_v2,rh_V2
15818,rh_v3,rh_V3
15819,rh_v3,rh_V3
15820,rh_v3,rh_V3
15821,rh_v4,rh_V4
15822,rh_v4,rh_V4
15823,rh_v1,rh_V1
15824,rh_v1,rh_V1
15825,rh_v1,rh_V1
15826,rh_v2,rh_V2
15827,rh_v2,rh_V2
15828,rh_v2,rh_V2
15829,rh_v2,rh_V2
15830,rh_v2,rh_V2
15831,rh_v3,rh_V3
15832,rh_v3,rh_V3
15833,rh_v3,rh_V3
15834,rh_v4,rh_V4
15835,rh_v3,rh_V3
15836,rh_v3,rh_V3
15837,rh_v3,rh_V3
15838,rh_v3,rh_V3
15839,rh_v3,rh_V3
15840,rh_v4,rh_V4
15841,rh_v8,rh_V8
15842,rh_v4,rh_V4
15843,rh_v8,rh_V8
15844,rh_v8,rh_V8
15845,rh_v8,rh_V8
15846,rh_v8,rh_V8
15847,rh_v8,rh_V8
15848,rh_vvc,rh_VVC
15849,rh_vvc,rh_VVC
15850,rh_vvc,rh_VVC
15851,rh_ffc,rh_FFC
15852,rh_vvc,rh_VVC
15853,rh_vvc,rh_VVC
15854,rh_vvc,rh_VVC
15855,rh_vvc,rh_VVC
15856,rh_vvc,rh_VVC
15857,rh_vvc,rh_VVC
15858,rh_ffc,rh_FFC
15859,rh_ffc,rh_FFC
15860,rh_ffc,rh_FFC
15861,rh_ffc,rh_FFC
15862,rh_tf,rh_TF
15863,rh_tf,rh_TF
15864,rh_tf,rh_TF
15865,rh_tf,rh_TF
15866,rh_tf,rh_TF
15867,rh_tf,rh_TF
15868,rh_tpoj1,rh_TPOJ1
15869,rh_tpoj1,rh_TPOJ1
15870,rh_tpoj1,rh_TPOJ1
15871,rh_tpoj1,rh_TPOJ1
15872,rh_tpoj1,rh_TPOJ1
15873,rh_pht,rh_PHT
15874,rh_pht,rh_PHT
15875,rh_pht,rh_PHT
15876,rh_tpoj2,rh_TPOJ2
15877,rh_tpoj2,rh_TPOJ2
15878,rh_tpoj2,rh_TPOJ2
15879,rh_pht,rh_PHT
15880,rh_pht,rh_PHT
15881,rh_te1p,rh_TE1p
15882,rh_te1p,rh_TE1p
15883,rh_te1p,rh_TE1p
15884,rh_te1p,rh_TE1p
15885,rh_te1p,rh_TE1p
15886,rh_te1p,rh_TE1p
15887,rh_te1p,rh_TE1p
15888,rh_te1p,rh_TE1p
15889,rh_te1p,rh_TE1p
15890,rh_te1p,rh_TE1p
15891,rh_mt,rh_MT
15892,rh_mst,rh_MST
15893,rh_mst,rh_MST
15894,rh_fst,rh_FST
15895,rh_mst,rh_MST
15896,rh_fst,rh_FST
15897,rh_fst,rh_FST
15898,rh_fst,rh_FST
15899,rh_ph,rh_PH
15900,rh_fst,rh_FST
15901,rh_ph,rh_PH
15902,rh_ph,rh_PH
15903,rh_ph,rh_PH
15904,rh_ph,rh_PH
15905,rh_ph,rh_PH
15906,rh_pht,rh_PHT
15907,rh_pht,rh_PHT
15908,rh_pht,rh_PHT
15909,rh_te1p,rh_TE1p
15910,rh_te1p,rh_TE1p
15911,rh_te1p,rh_TE1p
15912,rh_te1p,rh_TE1p
15913,rh_te1p,rh_TE1p
15914,rh_te1p,rh_TE1p
15915,rh_te1p,rh_TE1p
15916,rh_te1p,rh_TE1p
15917,rh_te1p,rh_TE1p
15918,rh_te2a,rh_TE2a
15919,rh_te2a,rh_TE2a
15920,rh_te2a,rh_TE2a
15921,rh_te2p,rh_TE2p
15922,rh_te2p,rh_TE2p
15923,rh_te2p,rh_TE2p
15924,rh_te2p,rh_TE2p
15925,rh_te2p,rh_TE2p
15926,rh_te2p,rh_TE2p
15927,rh_te2p,rh_TE2p
15928,rh_te2p,rh_TE2p
15929,rh_te2p,rh_TE2p
15930,rh_te2p,rh_TE2p
15931,rh_tf,rh_TF
15932,rh_te2p,rh_TE2p
15933,rh_te2p,rh_TE2p
15934,rh_te2p,rh_TE2p
15935,rh_tf,rh_TF
15936,rh_poi1,rh_PoI1
15937,rh_poi1,rh_PoI1
15938,rh_52,rh_52
15939,rh_pi,rh_PI
15940,rh_pi,rh_PI
15941,rh_pi,rh_PI
15942,rh_pi,rh_PI
15943,rh_ta2,rh_TA2
15944,rh_pbelt,rh_PBelt
15945,rh_ta2,rh_TA2
15946,rh_pbelt,rh_PBelt
15947,rh_a4,rh_A4
15948,rh_ta2,rh_TA2
15949,rh_ta2,rh_TA2
15950,rh_ta2,rh_TA2
15951,rh_ta2,rh_TA2
15952,rh_ta2,rh_TA2
15953,rh_ta2,rh_TA2
15954,rh_stsda,rh_STSda
15955,rh_a5,rh_A5
15956,rh_stsda,rh_STSda
15957,rh_stsda,rh_STSda
15958,rh_stsda,rh_STSda
15959,rh_a5,rh_A5
15960,rh_a5,rh_A5
15961,rh_a5,rh_A5
15962,rh_stsda,rh_STSda
15963,rh_stsda,rh_STSda
15964,rh_stsda,rh_STSda
15965,rh_stsda,rh_STSda
15966,rh_stsda,rh_STSda
15967,rh_stsva,rh_STSva
15968,rh_stsva,rh_STSva
15969,rh_stsva,rh_STSva
15970,rh_stsva,rh_STSva
15971,rh_stsva,rh_STSva
15972,rh_stsda,rh_STSda
15973,rh_stsda,rh_STSda
15974,rh_stsda,rh_STSda
15975,rh_stsda,rh_STSda
15976,rh_stsva,rh_STSva
15977,rh_te1a,rh_TE1a
15978,rh_stsva,rh_STSva
15979,rh_stsva,rh_STSva
15980,rh_tgd,rh_TGd
15981,rh_te1a,rh_TE1a
15982,rh_te1a,rh_TE1a
15983,rh_te1a,rh_TE1a
15984,rh_te1a,rh_TE1a
15985,rh_te1a,rh_TE1a
15986,rh_te1a,rh_TE1a
15987,rh_te2a,rh_TE2a
15988,rh_te2a,rh_TE2a
15989,rh_te1m,rh_TE1m
15990,rh_te1a,rh_TE1a
15991,rh_te2a,rh_TE2a
15992,rh_te2a,rh_TE2a
15993,rh_te2a,rh_TE2a
15994,rh_te2a,rh_TE2a
15995,rh_te2a,rh_TE2a
15996,rh_te2a,rh_TE2a
15997,rh_te2a,rh_TE2a
15998,rh_te2a,rh_TE2a
15999,rh_te2a,rh_TE2a
16000,rh_te2a,rh_TE2a
16001,rh_te2p,rh_TE2p
16002,rh_tf,rh_TF
16003,rh_te2p,rh_TE2p
16004,rh_6mp,rh_6mp
16005,rh_6mp,rh_6mp
16006,rh_6mp,rh_6mp
16007,rh_6a,rh_6a
16008,rh_6a,rh_6a
16009,rh_6mp,rh_6mp
16010,rh_6mp,rh_6mp
16011,rh_6mp,rh_6mp
16012,rh_6mp,rh_6mp
16013,rh_6d,rh_6d
16014,rh_6mp,rh_6mp
16015,rh_6mp,rh_6mp
16016,rh_6mp,rh_6mp
16017,rh_6d,rh_6d
16018,rh_6d,rh_6d
16019,rh_6d,rh_6d
16020,rh_6d,rh_6d
16021,rh_6a,rh_6a
16022,rh_6d,rh_6d
16023,rh_6d,rh_6d
16024,rh_46,rh_46
16025,rh_46,rh_46
16026,rh_46,rh_46
16027,rh_p9_46v,rh_p9-46v
16028,rh_p9_46v,rh_p9-46v
16029,rh_9_46d,rh_9-46d
16030,rh_a9_46v,rh_a9-46v
16031,rh_46,rh_46
16032,rh_46,rh_46
16033,rh_9_46d,rh_9-46d
16034,rh_9_46d,rh_9-46d
16035,rh_9_46d,rh_9-46d
16036,rh_9_46d,rh_9-46d
16037,rh_a24pr,rh_a24pr
16038,rh_a24pr,rh_a24pr
16039,rh_a24pr,rh_a24pr
16040,rh_a32pr,rh_a32pr
16041,rh_a32pr,rh_a32pr
16042,rh_p32pr,rh_p32pr
16043,rh_p32pr,rh_p32pr
16044,rh_p32pr,rh_p32pr
16045,rh_p32pr,rh_p32pr
16046,rh_pcv,rh_PCV
16047,rh_pcv,rh_PCV
16048,rh_pcv,rh_PCV
16049,rh_pcv,rh_PCV
16050,rh_pcv,rh_PCV
16051,rh_pcv,rh_PCV
16052,rh_pcv,rh_PCV
16053,rh_pcv,rh_PCV
16054,rh_pcv,rh_PCV
16055,rh_lipd,rh_LIPd
16056,rh_lipd,rh_LIPd
16057,rh_lipd,rh_LIPd
16058,rh_lipd,rh_LIPd
16059,rh_lipd,rh_LIPd
16060,rh_aip,rh_AIP
16061,rh_aip,rh_AIP
16062,rh_aip,rh_AIP
16063,rh_aip,rh_AIP
16064,rh_op4,rh_OP4
16065,rh_op4,rh_OP4
16066,rh_pfop,rh_PFop
16067,rh_pfop,rh_PFop
16068,rh_pfop,rh_PFop
16069,rh_poi2,rh_PoI2
16070,rh_poi2,rh_PoI2
16071,rh_poi2,rh_PoI2
16072,rh_poi1,rh_PoI1
16073,rh_poi1,rh_PoI1
16074,rh_pofc,rh_pOFC
16075,rh_pofc,rh_pOFC
16076,rh_pofc,rh_pOFC
16077,rh_pofc,rh_pOFC
16078,rh_pofc,rh_pOFC
16079,rh_pros,rh_ProS
16080,rh_pros,rh_ProS
16081,rh_pros,rh_ProS
16082,rh_pros,rh_ProS
16083,rh_pres,rh_PreS
16084,rh_v3,rh_V3
16085,rh_v3,rh_V3
16086,rh_v2,rh_V2
16087,rh_v2,rh_V2
16088,rh_v1,rh_V1
16089,rh_tpoj1,rh_TPOJ1
16090,rh_tpoj1,rh_TPOJ1
16091,rh_tpoj1,rh_TPOJ1
16092,rh_tpoj1,rh_TPOJ1
16093,rh_tpoj1,rh_TPOJ1
16094,rh_sfl,rh_SFL
16095,rh_8bm,rh_8BM
16096,rh_sfl,rh_SFL
16097,rh_sfl,rh_SFL
16098,rh_sfl,rh_SFL
16099,rh_i6_8,rh_i6-8
16100,rh_8ad,rh_8Ad
16101,rh_8ad,rh_8Ad
16102,rh_8ad,rh_8Ad
16103,rh_8ad,rh_8Ad
16104,rh_8ad,rh_8Ad
16105,rh_8ad,rh_8Ad
16106,rh_8av,rh_8Av
16107,rh_8av,rh_8Av
16108,rh_5m,rh_5m
16109,rh_5m,rh_5m
16110,rh_5m,rh_5m
16111,rh_5m,rh_5m
16112,rh_4,rh_4
16113,rh_6ma,rh_6ma
16114,rh_sfl,rh_SFL
16115,rh_sfl,rh_SFL
16116,rh_sfl,rh_SFL
16117,rh_scef,rh_SCEF
16118,rh_scef,rh_SCEF
16119,rh_sfl,rh_SFL
16120,rh_sfl,rh_SFL
16121,rh_1,rh_1
16122,rh_2,rh_2
16123,rh_1,rh_1
16124,rh_2,rh_2
16125,rh_2,rh_2
16126,rh_3a,rh_3a
16127,rh_3b,rh_3b
16128,rh_5m,rh_5m
16129,rh_5m,rh_5m
16130,rh_5m,rh_5m
16131,rh_5m,rh_5m
16132,rh_5m,rh_5m
16133,rh_5m,rh_5m
16134,rh_4,rh_4
16135,rh_4,rh_4
16136,rh_4,rh_4
16137,rh_3a,rh_3a
16138,rh_3a,rh_3a
16139,rh_3b,rh_3b
16140,rh_3b,rh_3b
16141,rh_3b,rh_3b
16142,rh_1,rh_1
16143,rh_1,rh_1
16144,rh_1,rh_1
16145,rh_1,rh_1
16146,rh_1,rh_1
16147,rh_8av,rh_8Av
16148,rh_8av,rh_8Av
16149,rh_8av,rh_8Av
16150,rh_8av,rh_8Av
16151,rh_fef,rh_FEF
16152,rh_fef,rh_FEF
16153,rh_fef,rh_FEF
16154,rh_fef,rh_FEF
16155,rh_55b,rh_55b
16156,rh_4,rh_4
16157,rh_4,rh_4
16158,rh_4,rh_4
16159,rh_fop5,rh_FOP5
16160,rh_fop5,rh_FOP5
16161,rh_fop5,rh_FOP5
16162,rh_45,rh_45
16163,rh_44,rh_44
16164,rh_ifjp,rh_IFJp
16165,rh_6r,rh_6r
16166,rh_6r,rh_6r
16167,rh_6r,rh_6r
16168,rh_6r,rh_6r
16169,rh_6r,rh_6r
16170,rh_6r,rh_6r
16171,rh_6r,rh_6r
16172,rh_6r,rh_6r
16173,rh_11l,rh_11l
16174,rh_11l,rh_11l
16175,rh_11l,rh_11l
16176,rh_11l,rh_11l
16177,rh_11l,rh_11l
16178,rh_45,rh_45
16179,rh_45,rh_45
16180,rh_45,rh_45
16181,rh_45,rh_45
16182,rh_45,rh_45
16183,rh_fop5,rh_FOP5
16184,rh_fop5,rh_FOP5
16185,rh_fop5,rh_FOP5
16186,rh_9m,rh_9m
16187,rh_9m,rh_9m
16188,rh_9m,rh_9m
16189,rh_9m,rh_9m
16190,rh_9m,rh_9m
16191,rh_a10p,rh_a10p
16192,rh_a10p,rh_a10p
16193,rh_a10p,rh_a10p
16194,rh_a10p,rh_a10p
16195,rh_10pp,rh_10pp
16196,rh_10pp,rh_10pp
16197,rh_10pp,rh_10pp
16198,rh_10pp,rh_10pp
16199,rh_?,rh_?
16200,rh_?,rh_?
16201,rh_?,rh_?
16202,rh_?,rh_?
16203,rh_?,rh_?
16204,rh_?,rh_?
16205,rh_?,rh_?
16206,rh_?,rh_?
16207,rh_?,rh_?
16208,rh_a24,rh_a24
16209,rh_a24,rh_a24
16210,rh_a24,rh_a24
16211,rh_s32,rh_s32
16212,rh_s32,rh_s32
16213,rh_23c,rh_23c
16214,rh_23c,rh_23c
16215,rh_23c,rh_23c
16216,rh_23c,rh_23c
16217,rh_23c,rh_23c
16218,rh_?,rh_?
16219,rh_?,rh_?
16220,rh_?,rh_?
16221,rh_?,rh_?
16222,rh_?,rh_?
16223,rh_?,rh_?
16224,rh_?,rh_?
16225,rh_?,rh_?
16226,rh_v3a,rh_V3A
16227,rh_v3,rh_V3
16228,rh_v3a,rh_V3A
16229,rh_v6,rh_V6
16230,rh_v6,rh_V6
16231,rh_pos1,rh_POS1
16232,rh_pos1,rh_POS1
16233,rh_pos1,rh_POS1
16234,rh_pos1,rh_POS1
16235,rh_pos1,rh_POS1
16236,rh_pos1,rh_POS1
16237,rh_pos1,rh_POS1
16238,rh_pos1,rh_POS1
16239,rh_v23ab,rh_v23ab
16240,rh_7al,rh_7AL
16241,rh_vip,rh_VIP
16242,rh_vip,rh_VIP
16243,rh_vip,rh_VIP
16244,rh_vip,rh_VIP
16245,rh_dvt,rh_DVT
16246,rh_dvt,rh_DVT
16247,rh_v6a,rh_V6A
16248,rh_v6a,rh_V6A
16249,rh_v6a,rh_V6A
16250,rh_v3a,rh_V3A
16251,rh_v3a,rh_V3A
16252,rh_v3a,rh_V3A
16253,rh_pgi,rh_PGi
16254,rh_pgi,rh_PGi
16255,rh_pgi,rh_PGi
16256,rh_pgi,rh_PGi
16257,rh_pgi,rh_PGi
16258,rh_ip1,rh_IP1
16259,rh_pgs,rh_PGs
16260,rh_pgp,rh_PGp
16261,rh_pgp,rh_PGp
16262,rh_pgp,rh_PGp
16263,rh_pgp,rh_PGp
16264,rh_ip0,rh_IP0
16265,rh_ip0,rh_IP0
16266,rh_ip0,rh_IP0
16267,rh_pft,rh_PFt
16268,rh_pft,rh_PFt
16269,rh_pft,rh_PFt
16270,rh_pft,rh_PFt
16271,rh_pft,rh_PFt
16272,rh_pfm,rh_PFm
16273,rh_pfm,rh_PFm
16274,rh_pfm,rh_PFm
16275,rh_pfm,rh_PFm
16276,rh_pfm,rh_PFm
16277,rh_pfm,rh_PFm
16278,rh_pfm,rh_PFm
16279,rh_pgs,rh_PGs
16280,rh_op2_3,rh_OP2-3
16281,rh_op2_3,rh_OP2-3
16282,rh_op2_3,rh_OP2-3
16283,rh_op2_3,rh_OP2-3
16284,rh_op2_3,rh_OP2-3
16285,rh_pf,rh_PF
16286,rh_pfcm,rh_PFcm
16287,rh_pfcm,rh_PFcm
16288,rh_pfcm,rh_PFcm
16289,rh_psl,rh_PSL
16290,rh_psl,rh_PSL
16291,rh_psl,rh_PSL
16292,rh_psl,rh_PSL
16293,rh_psl,rh_PSL
16294,rh_47s,rh_47s
16295,rh_47s,rh_47s
16296,rh_47s,rh_47s
16297,rh_aaic,rh_AAIC
16298,rh_aaic,rh_AAIC
16299,rh_tgd,rh_TGd
16300,rh_tgd,rh_TGd
16301,rh_tgd,rh_TGd
16302,rh_tgd,rh_TGd
16303,rh_tgd,rh_TGd
16304,rh_tgd,rh_TGd
16305,rh_tgd,rh_TGd
16306,rh_tgd,rh_TGd
16307,rh_tgd,rh_TGd
16308,rh_?,rh_?
16309,rh_?,rh_?
16310,rh_?,rh_?
16311,rh_?,rh_?
16312,rh_?,rh_?
16313,rh_?,rh_?
16314,rh_h,rh_H
16315,rh_?,rh_?
16316,rh_h,rh_H
16317,rh_ec,rh_EC
16318,rh_ec,rh_EC
16319,rh_ec,rh_EC
16320,rh_ec,rh_EC
16321,rh_peec,rh_PeEc
16322,rh_v1,rh_V1
16323,rh_v1,rh_V1
16324,rh_v1,rh_V1
16325,rh_v1,rh_V1
16326,rh_v1,rh_V1
16327,rh_vmv1,rh_VMV1
16328,rh_vmv2,rh_VMV2
16329,rh_vmv2,rh_VMV2
16330,rh_vmv2,rh_VMV2
16331,rh_vmv2,rh_VMV2
16332,rh_pha3,rh_PHA3
16333,rh_vmv2,rh_VMV2
16334,rh_pha3,rh_PHA3
16335,rh_pha3,rh_PHA3
16336,rh_mst,rh_MST
16337,rh_tpoj2,rh_TPOJ2
16338,rh_mst,rh_MST
16339,rh_mst,rh_MST
16340,rh_mst,rh_MST
16341,rh_pit,rh_PIT
16342,rh_ffc,rh_FFC
16343,rh_ffc,rh_FFC
16344,rh_ffc,rh_FFC
16345,rh_ffc,rh_FFC
16346,rh_ffc,rh_FFC
16347,rh_ffc,rh_FFC
16348,rh_ffc,rh_FFC
16349,rh_ffc,rh_FFC
16350,rh_pbelt,rh_PBelt
16351,rh_a4,rh_A4
16352,rh_a4,rh_A4
16353,rh_a4,rh_A4
16354,rh_a5,rh_A5
16355,rh_te1m,rh_TE1m
16356,rh_te1m,rh_TE1m
16357,rh_te1m,rh_TE1m
16358,rh_te1m,rh_TE1m
16359,rh_te1m,rh_TE1m
16360,rh_te1m,rh_TE1m
16361,rh_te1m,rh_TE1m
16362,rh_te1m,rh_TE1m
16363,rh_te1m,rh_TE1m
16364,rh_6ma,rh_6ma
16365,rh_6ma,rh_6ma
16366,rh_6ma,rh_6ma
16367,rh_6ma,rh_6ma
16368,rh_6ma,rh_6ma
16369,rh_6a,rh_6a
16370,rh_6a,rh_6a
16371,rh_6a,rh_6a
16372,rh_6a,rh_6a
16373,rh_6a,rh_6a
16374,rh_6a,rh_6a
16375,rh_6a,rh_6a
16376,rh_6a,rh_6a
16377,rh_6a,rh_6a
16378,rh_4,rh_4
16379,rh_4,rh_4
16380,rh_4,rh_4
16381,rh_4,rh_4
16382,rh_6mp,rh_6mp
16383,rh_6mp,rh_6mp
16384,rh_6mp,rh_6mp
16385,rh_6mp,rh_6mp
16386,rh_6ma,rh_6ma
16387,rh_6ma,rh_6ma
16388,rh_6ma,rh_6ma
16389,rh_6ma,rh_6ma
16390,rh_6ma,rh_6ma
16391,rh_3b,rh_3b
16392,rh_3b,rh_3b
16393,rh_3a,rh_3a
16394,rh_3a,rh_3a
16395,rh_3a,rh_3a
16396,rh_4,rh_4
16397,rh_4,rh_4
16398,rh_4,rh_4
16399,rh_4,rh_4
16400,rh_4,rh_4
16401,rh_4,rh_4
16402,rh_4,rh_4
16403,rh_4,rh_4
16404,rh_6d,rh_6d
16405,rh_4,rh_4
16406,rh_6d,rh_6d
16407,rh_4,rh_4
16408,rh_4,rh_4
16409,rh_4,rh_4
16410,rh_4,rh_4
16411,rh_4,rh_4
16412,rh_4,rh_4
16413,rh_3a,rh_3a
16414,rh_3a,rh_3a
16415,rh_3a,rh_3a
16416,rh_3a,rh_3a
16417,rh_6a,rh_6a
16418,rh_6a,rh_6a
16419,rh_6a,rh_6a
16420,rh_6a,rh_6a
16421,rh_6a,rh_6a
16422,rh_6a,rh_6a
16423,rh_6a,rh_6a
16424,rh_6a,rh_6a
16425,rh_6a,rh_6a
16426,rh_fef,rh_FEF
16427,rh_6d,rh_6d
16428,rh_6d,rh_6d
16429,rh_ifsa,rh_IFSa
16430,rh_ifsa,rh_IFSa
16431,rh_ifsa,rh_IFSa
16432,rh_ifsa,rh_IFSa
16433,rh_ifsp,rh_IFSp
16434,rh_p9_46v,rh_p9-46v
16435,rh_p9_46v,rh_p9-46v
16436,rh_p9_46v,rh_p9-46v
16437,rh_ifsp,rh_IFSp
16438,rh_ifsp,rh_IFSp
16439,rh_ifsp,rh_IFSp
16440,rh_ifsp,rh_IFSp
16441,rh_ifsp,rh_IFSp
16442,rh_ifja,rh_IFJa
16443,rh_a47r,rh_a47r
16444,rh_a47r,rh_a47r
16445,rh_a47r,rh_a47r
16446,rh_a47r,rh_a47r
16447,rh_a47r,rh_a47r
16448,rh_a9_46v,rh_a9-46v
16449,rh_a9_46v,rh_a9-46v
16450,rh_ifsa,rh_IFSa
16451,rh_ifsa,rh_IFSa
16452,rh_ifsa,rh_IFSa
16453,rh_ifsa,rh_IFSa
16454,rh_ifsa,rh_IFSa
16455,rh_ifsa,rh_IFSa
16456,rh_9_46d,rh_9-46d
16457,rh_9a,rh_9a
16458,rh_9_46d,rh_9-46d
16459,rh_9_46d,rh_9-46d
16460,rh_9_46d,rh_9-46d
16461,rh_9_46d,rh_9-46d
16462,rh_9_46d,rh_9-46d
16463,rh_9_46d,rh_9-46d
16464,rh_p10p,rh_p10p
16465,rh_p10p,rh_p10p
16466,rh_p10p,rh_p10p
16467,rh_p10p,rh_p10p
16468,rh_p10p,rh_p10p
16469,rh_?,rh_?
16470,rh_?,rh_?
16471,rh_?,rh_?
16472,rh_?,rh_?
16473,rh_?,rh_?
16474,rh_33pr,rh_33pr
16475,rh_?,rh_?
16476,rh_?,rh_?
16477,rh_?,rh_?
16478,rh_?,rh_?
16479,rh_?,rh_?
16480,rh_?,rh_?
16481,rh_p24,rh_p24
16482,rh_p24,rh_p24
16483,rh_24dv,rh_24dv
16484,rh_24dv,rh_24dv
16485,rh_24dv,rh_24dv
16486,rh_p24pr,rh_p24pr
16487,rh_p24pr,rh_p24pr
16488,rh_33pr,rh_33pr
16489,rh_p24pr,rh_p24pr
16490,rh_33pr,rh_33pr
16491,rh_33pr,rh_33pr
16492,rh_?,rh_?
16493,rh_?,rh_?
16494,rh_?,rh_?
16495,rh_?,rh_?
16496,rh_pos2,rh_POS2
16497,rh_pos2,rh_POS2
16498,rh_pos2,rh_POS2
16499,rh_pos2,rh_POS2
16500,rh_pos2,rh_POS2
16501,rh_7m,rh_7m
16502,rh_7m,rh_7m
16503,rh_7m,rh_7m
16504,rh_7m,rh_7m
16505,rh_7m,rh_7m
16506,rh_7m,rh_7m
16507,rh_7m,rh_7m
16508,rh_31pd,rh_31pd
16509,rh_31pd,rh_31pd
16510,rh_7am,rh_7Am
16511,rh_7am,rh_7Am
16512,rh_7am,rh_7Am
16513,rh_7am,rh_7Am
16514,rh_7pm,rh_7Pm
16515,rh_7pm,rh_7Pm
16516,rh_7pm,rh_7Pm
16517,rh_7pm,rh_7Pm
16518,rh_7pm,rh_7Pm
16519,rh_pos2,rh_POS2
16520,rh_pos2,rh_POS2
16521,rh_pos2,rh_POS2
16522,rh_pos2,rh_POS2
16523,rh_pfm,rh_PFm
16524,rh_pfm,rh_PFm
16525,rh_pfm,rh_PFm
16526,rh_pfm,rh_PFm
16527,rh_pfm,rh_PFm
16528,rh_ip1,rh_IP1
16529,rh_ip1,rh_IP1
16530,rh_ip1,rh_IP1
16531,rh_ip1,rh_IP1
16532,rh_ip1,rh_IP1
16533,rh_ip1,rh_IP1
16534,rh_ip1,rh_IP1
16535,rh_ip1,rh_IP1
16536,rh_ip1,rh_IP1
16537,rh_aip,rh_AIP
16538,rh_aip,rh_AIP
16539,rh_aip,rh_AIP
16540,rh_aip,rh_AIP
16541,rh_aip,rh_AIP
16542,rh_ip2,rh_IP2
16543,rh_ip2,rh_IP2
16544,rh_ip2,rh_IP2
16545,rh_ip2,rh_IP2
16546,rh_ip2,rh_IP2
16547,rh_pfm,rh_PFm
16548,rh_pfm,rh_PFm
16549,rh_pfm,rh_PFm
16550,rh_op4,rh_OP4
16551,rh_op4,rh_OP4
16552,rh_op4,rh_OP4
16553,rh_op4,rh_OP4
16554,rh_op4,rh_OP4
16555,rh_pfop,rh_PFop
16556,rh_pfcm,rh_PFcm
16557,rh_pfop,rh_PFop
16558,rh_pf,rh_PF
16559,rh_pf,rh_PF
16560,rh_pf,rh_PF
16561,rh_pf,rh_PF
16562,rh_pf,rh_PF
16563,rh_pf,rh_PF
16564,rh_mi,rh_MI
16565,rh_aaic,rh_AAIC
16566,rh_mi,rh_MI
16567,rh_poi2,rh_PoI2
16568,rh_poi2,rh_PoI2
16569,rh_poi1,rh_PoI1
16570,rh_poi1,rh_PoI1
16571,rh_pi,rh_PI
16572,rh_pi,rh_PI
16573,rh_pi,rh_PI
16574,rh_pi,rh_PI
16575,rh_pi,rh_PI
16576,rh_stga,rh_STGa
16577,rh_stga,rh_STGa
16578,rh_?,rh_?
16579,rh_?,rh_?
16580,rh_?,rh_?
16581,rh_?,rh_?
16582,rh_?,rh_?
16583,rh_?,rh_?
16584,rh_?,rh_?
16585,rh_?,rh_?
16586,rh_?,rh_?
16587,rh_?,rh_?
16588,rh_?,rh_?
16589,rh_?,rh_?
16590,rh_?,rh_?
16591,rh_?,rh_?
16592,rh_v1,rh_V1
16593,rh_v1,rh_V1
16594,rh_v1,rh_V1
16595,rh_v1,rh_V1
16596,rh_v1,rh_V1
16597,rh_v1,rh_V1
16598,rh_v1,rh_V1
16599,rh_v1,rh_V1
16600,rh_v2,rh_V2
16601,rh_v2,rh_V2
16602,rh_vmv1,rh_VMV1
16603,rh_v2,rh_V2
16604,rh_pha1,rh_PHA1
16605,rh_pha1,rh_PHA1
16606,rh_lo3,rh_LO3
16607,rh_lo3,rh_LO3
16608,rh_lo1,rh_LO1
16609,rh_lo1,rh_LO1
16610,rh_lo2,rh_LO2
16611,rh_v2,rh_V2
16612,rh_v3,rh_V3
16613,rh_v3,rh_V3
16614,rh_v3,rh_V3
16615,rh_v4,rh_V4
16616,rh_v4,rh_V4
16617,rh_v4,rh_V4
16618,rh_v3,rh_V3
16619,rh_v3,rh_V3
16620,rh_a5,rh_A5
16621,rh_a5,rh_A5
16622,rh_a5,rh_A5
16623,rh_stsdp,rh_STSdp
16624,rh_stsdp,rh_STSdp
16625,rh_stsdp,rh_STSdp
16626,rh_stsdp,rh_STSdp
16627,rh_stsdp,rh_STSdp
16628,rh_stsvp,rh_STSvp
16629,rh_stsvp,rh_STSvp
16630,rh_stsvp,rh_STSvp
16631,rh_stsvp,rh_STSvp
16632,rh_stsvp,rh_STSvp
16633,rh_te1p,rh_TE1p
16634,rh_a32pr,rh_a32pr
16635,rh_a32pr,rh_a32pr
16636,rh_8bm,rh_8BM
16637,rh_8bm,rh_8BM
16638,rh_8bm,rh_8BM
16639,rh_8bl,rh_8BL
16640,rh_8bm,rh_8BM
16641,rh_8bl,rh_8BL
16642,rh_8bl,rh_8BL
16643,rh_8bl,rh_8BL
16644,rh_8bl,rh_8BL
16645,rh_8bl,rh_8BL
16646,rh_8bl,rh_8BL
16647,rh_8bl,rh_8BL
16648,rh_s6_8,rh_s6-8
16649,rh_s6_8,rh_s6-8
16650,rh_s6_8,rh_s6-8
16651,rh_s6_8,rh_s6-8
16652,rh_s6_8,rh_s6-8
16653,rh_8ad,rh_8Ad
16654,rh_8ad,rh_8Ad
16655,rh_8ad,rh_8Ad
16656,rh_8ad,rh_8Ad
16657,rh_8ad,rh_8Ad
16658,rh_8ad,rh_8Ad
16659,rh_8ad,rh_8Ad
16660,rh_9p,rh_9p
16661,rh_9p,rh_9p
16662,rh_9p,rh_9p
16663,rh_9p,rh_9p
16664,rh_9p,rh_9p
16665,rh_9p,rh_9p
16666,rh_46,rh_46
16667,rh_46,rh_46
16668,rh_46,rh_46
16669,rh_46,rh_46
16670,rh_46,rh_46
16671,rh_46,rh_46
16672,rh_46,rh_46
16673,rh_46,rh_46
16674,rh_46,rh_46
16675,rh_5mv,rh_5mv
16676,rh_5mv,rh_5mv
16677,rh_5mv,rh_5mv
16678,rh_5mv,rh_5mv
16679,rh_5mv,rh_5mv
16680,rh_5mv,rh_5mv
16681,rh_5mv,rh_5mv
16682,rh_5mv,rh_5mv
16683,rh_5mv,rh_5mv
16684,rh_5mv,rh_5mv
16685,rh_5mv,rh_5mv
16686,rh_5mv,rh_5mv
16687,rh_5mv,rh_5mv
16688,rh_5mv,rh_5mv
16689,rh_4,rh_4
16690,rh_4,rh_4
16691,rh_4,rh_4
16692,rh_4,rh_4
16693,rh_6mp,rh_6mp
16694,rh_scef,rh_SCEF
16695,rh_scef,rh_SCEF
16696,rh_24dd,rh_24dd
16697,rh_24dd,rh_24dd
16698,rh_24dd,rh_24dd
16699,rh_24dd,rh_24dd
16700,rh_24dd,rh_24dd
16701,rh_24dv,rh_24dv
16702,rh_24dv,rh_24dv
16703,rh_24dv,rh_24dv
16704,rh_24dv,rh_24dv
16705,rh_24dv,rh_24dv
16706,rh_24dv,rh_24dv
16707,rh_scef,rh_SCEF
16708,rh_scef,rh_SCEF
16709,rh_scef,rh_SCEF
16710,rh_p32pr,rh_p32pr
16711,rh_p32pr,rh_p32pr
16712,rh_p32pr,rh_p32pr
16713,rh_p32pr,rh_p32pr
16714,rh_a32pr,rh_a32pr
16715,rh_7pc,rh_7PC
16716,rh_7pc,rh_7PC
16717,rh_7pc,rh_7PC
16718,rh_7pc,rh_7PC
16719,rh_7pc,rh_7PC
16720,rh_2,rh_2
16721,rh_2,rh_2
16722,rh_2,rh_2
16723,rh_7pc,rh_7PC
16724,rh_7pc,rh_7PC
16725,rh_7pc,rh_7PC
16726,rh_7al,rh_7AL
16727,rh_7al,rh_7AL
16728,rh_7al,rh_7AL
16729,rh_3b,rh_3b
16730,rh_3b,rh_3b
16731,rh_3b,rh_3b
16732,rh_1,rh_1
16733,rh_1,rh_1
16734,rh_5l,rh_5L
16735,rh_5l,rh_5L
16736,rh_5l,rh_5L
16737,rh_5l,rh_5L
16738,rh_7al,rh_7AL
16739,rh_7al,rh_7AL
16740,rh_7al,rh_7AL
16741,rh_7al,rh_7AL
16742,rh_7al,rh_7AL
16743,rh_7al,rh_7AL
16744,rh_7al,rh_7AL
16745,rh_7am,rh_7Am
16746,rh_7am,rh_7Am
16747,rh_5l,rh_5L
16748,rh_5l,rh_5L
16749,rh_5mv,rh_5mv
16750,rh_5mv,rh_5mv
16751,rh_5mv,rh_5mv
16752,rh_5mv,rh_5mv
16753,rh_5mv,rh_5mv
16754,rh_5mv,rh_5mv
16755,rh_3b,rh_3b
16756,rh_3b,rh_3b
16757,rh_3b,rh_3b
16758,rh_3b,rh_3b
16759,rh_3b,rh_3b
16760,rh_3b,rh_3b
16761,rh_3b,rh_3b
16762,rh_3b,rh_3b
16763,rh_3b,rh_3b
16764,rh_1,rh_1
16765,rh_1,rh_1
16766,rh_1,rh_1
16767,rh_1,rh_1
16768,rh_1,rh_1
16769,rh_4,rh_4
16770,rh_4,rh_4
16771,rh_3a,rh_3a
16772,rh_3a,rh_3a
16773,rh_3b,rh_3b
16774,rh_1,rh_1
16775,rh_1,rh_1
16776,rh_1,rh_1
16777,rh_1,rh_1
16778,rh_1,rh_1
16779,rh_1,rh_1
16780,rh_1,rh_1
16781,rh_2,rh_2
16782,rh_2,rh_2
16783,rh_2,rh_2
16784,rh_2,rh_2
16785,rh_2,rh_2
16786,rh_2,rh_2
16787,rh_2,rh_2
16788,rh_2,rh_2
16789,rh_2,rh_2
16790,rh_2,rh_2
16791,rh_2,rh_2
16792,rh_2,rh_2
16793,rh_2,rh_2
16794,rh_7pc,rh_7PC
16795,rh_p9_46v,rh_p9-46v
16796,rh_p9_46v,rh_p9-46v
16797,rh_p9_46v,rh_p9-46v
16798,rh_p9_46v,rh_p9-46v
16799,rh_8c,rh_8C
16800,rh_8c,rh_8C
16801,rh_8c,rh_8C
16802,rh_8c,rh_8C
16803,rh_8c,rh_8C
16804,rh_8c,rh_8C
16805,rh_8c,rh_8C
16806,rh_8c,rh_8C
16807,rh_8c,rh_8C
16808,rh_i6_8,rh_i6-8
16809,rh_i6_8,rh_i6-8
16810,rh_i6_8,rh_i6-8
16811,rh_8av,rh_8Av
16812,rh_8av,rh_8Av
16813,rh_55b,rh_55b
16814,rh_55b,rh_55b
16815,rh_pef,rh_PEF
16816,rh_pef,rh_PEF
16817,rh_pef,rh_PEF
16818,rh_pef,rh_PEF
16819,rh_pef,rh_PEF
16820,rh_pef,rh_PEF
16821,rh_pef,rh_PEF
16822,rh_pef,rh_PEF
16823,rh_pef,rh_PEF
16824,rh_6v,rh_6v
16825,rh_6v,rh_6v
16826,rh_4,rh_4
16827,rh_4,rh_4
16828,rh_4,rh_4
16829,rh_4,rh_4
16830,rh_4,rh_4
16831,rh_4,rh_4
16832,rh_3a,rh_3a
16833,rh_3a,rh_3a
16834,rh_fop3,rh_FOP3
16835,rh_mi,rh_MI
16836,rh_fop3,rh_FOP3
16837,rh_fop3,rh_FOP3
16838,rh_fop3,rh_FOP3
16839,rh_fop4,rh_FOP4
16840,rh_fop4,rh_FOP4
16841,rh_fop4,rh_FOP4
16842,rh_fop4,rh_FOP4
16843,rh_fop2,rh_FOP2
16844,rh_fop2,rh_FOP2
16845,rh_fop1,rh_FOP1
16846,rh_fop2,rh_FOP2
16847,rh_fop1,rh_FOP1
16848,rh_44,rh_44
16849,rh_44,rh_44
16850,rh_44,rh_44
16851,rh_44,rh_44
16852,rh_44,rh_44
16853,rh_6r,rh_6r
16854,rh_6r,rh_6r
16855,rh_6r,rh_6r
16856,rh_6r,rh_6r
16857,rh_6r,rh_6r
16858,rh_fop1,rh_FOP1
16859,rh_fop1,rh_FOP1
16860,rh_43,rh_43
16861,rh_43,rh_43
16862,rh_43,rh_43
16863,rh_43,rh_43
16864,rh_43,rh_43
16865,rh_43,rh_43
16866,rh_43,rh_43
16867,rh_43,rh_43
16868,rh_43,rh_43
16869,rh_4,rh_4
16870,rh_3a,rh_3a
16871,rh_op4,rh_OP4
16872,rh_4,rh_4
16873,rh_4,rh_4
16874,rh_4,rh_4
16875,rh_ofc,rh_OFC
16876,rh_ofc,rh_OFC
16877,rh_ofc,rh_OFC
16878,rh_11l,rh_11l
16879,rh_11l,rh_11l
16880,rh_11l,rh_11l
16881,rh_11l,rh_11l
16882,rh_11l,rh_11l
16883,rh_11l,rh_11l
16884,rh_47m,rh_47m
16885,rh_47m,rh_47m
16886,rh_47m,rh_47m
16887,rh_47m,rh_47m
16888,rh_47m,rh_47m
16889,rh_a47r,rh_a47r
16890,rh_a47r,rh_a47r
16891,rh_a47r,rh_a47r
16892,rh_a47r,rh_a47r
16893,rh_a47r,rh_a47r
16894,rh_47l,rh_47l
16895,rh_47l,rh_47l
16896,rh_47l,rh_47l
16897,rh_47l,rh_47l
16898,rh_47l,rh_47l
16899,rh_47l,rh_47l
16900,rh_47l,rh_47l
16901,rh_avi,rh_AVI
16902,rh_avi,rh_AVI
16903,rh_avi,rh_AVI
16904,rh_avi,rh_AVI
16905,rh_avi,rh_AVI
16906,rh_avi,rh_AVI
16907,rh_fop4,rh_FOP4
16908,rh_fop5,rh_FOP5
16909,rh_fop4,rh_FOP4
16910,rh_fop4,rh_FOP4
16911,rh_fop3,rh_FOP3
16912,rh_mi,rh_MI
16913,rh_fop3,rh_FOP3
16914,rh_fop3,rh_FOP3
16915,rh_d32,rh_d32
16916,rh_d32,rh_d32
16917,rh_d32,rh_d32
16918,rh_d32,rh_d32
16919,rh_d32,rh_d32
16920,rh_9m,rh_9m
16921,rh_9m,rh_9m
16922,rh_9m,rh_9m
16923,rh_9m,rh_9m
16924,rh_9m,rh_9m
16925,rh_9m,rh_9m
16926,rh_9m,rh_9m
16927,rh_9m,rh_9m
16928,rh_p32,rh_p32
16929,rh_9a,rh_9a
16930,rh_9a,rh_9a
16931,rh_10d,rh_10d
16932,rh_10d,rh_10d
16933,rh_10d,rh_10d
16934,rh_10v,rh_10v
16935,rh_10d,rh_10d
16936,rh_10v,rh_10v
16937,rh_10d,rh_10d
16938,rh_10r,rh_10r
16939,rh_10r,rh_10r
16940,rh_10r,rh_10r
16941,rh_10r,rh_10r
16942,rh_10r,rh_10r
16943,rh_10r,rh_10r
16944,rh_10r,rh_10r
16945,rh_10r,rh_10r
16946,rh_10v,rh_10v
16947,rh_10pp,rh_10pp
16948,rh_10pp,rh_10pp
16949,rh_10pp,rh_10pp
16950,rh_ofc,rh_OFC
16951,rh_ofc,rh_OFC
16952,rh_ofc,rh_OFC
16953,rh_ofc,rh_OFC
16954,rh_ofc,rh_OFC
16955,rh_?,rh_?
16956,rh_?,rh_?
16957,rh_?,rh_?
16958,rh_?,rh_?
16959,rh_?,rh_?
16960,rh_?,rh_?
16961,rh_?,rh_?
16962,rh_?,rh_?
16963,rh_?,rh_?
16964,rh_?,rh_?
16965,rh_?,rh_?
16966,rh_?,rh_?
16967,rh_?,rh_?
16968,rh_?,rh_?
16969,rh_?,rh_?
16970,rh_?,rh_?
16971,rh_?,rh_?
16972,rh_?,rh_?
16973,rh_?,rh_?
16974,rh_?,rh_?
16975,rh_?,rh_?
16976,rh_?,rh_?
16977,rh_?,rh_?
16978,rh_?,rh_?
16979,rh_?,rh_?
16980,rh_?,rh_?
16981,rh_?,rh_?
16982,rh_?,rh_?
16983,rh_?,rh_?
16984,rh_?,rh_?
16985,rh_?,rh_?
16986,rh_?,rh_?
16987,rh_25,rh_25
16988,rh_25,rh_25
16989,rh_25,rh_25
16990,rh_25,rh_25
16991,rh_ofc,rh_OFC
16992,rh_ofc,rh_OFC
16993,rh_ofc,rh_OFC
16994,rh_ofc,rh_OFC
16995,rh_ofc,rh_OFC
16996,rh_23c,rh_23c
16997,rh_23c,rh_23c
16998,rh_23c,rh_23c
16999,rh_23c,rh_23c
17000,rh_31a,rh_31a
17001,rh_31a,rh_31a
17002,rh_31a,rh_31a
17003,rh_31pv,rh_31pv
17004,rh_31pv,rh_31pv
17005,rh_31pv,rh_31pv
17006,rh_31pv,rh_31pv
17007,rh_31pv,rh_31pv
17008,rh_31pv,rh_31pv
17009,rh_d23ab,rh_d23ab
17010,rh_23d,rh_23d
17011,rh_23d,rh_23d
17012,rh_23d,rh_23d
17013,rh_23d,rh_23d
17014,rh_23d,rh_23d
17015,rh_?,rh_?
17016,rh_?,rh_?
17017,rh_?,rh_?
17018,rh_?,rh_?
17019,rh_?,rh_?
17020,rh_rsc,rh_RSC
17021,rh_?,rh_?
17022,rh_?,rh_?
17023,rh_?,rh_?
17024,rh_?,rh_?
17025,rh_?,rh_?
17026,rh_?,rh_?
17027,rh_?,rh_?
17028,rh_?,rh_?
17029,rh_?,rh_?
17030,rh_?,rh_?
17031,rh_?,rh_?
17032,rh_?,rh_?
17033,rh_?,rh_?
17034,rh_?,rh_?
17035,rh_?,rh_?
17036,rh_v2,rh_V2
17037,rh_v2,rh_V2
17038,rh_v2,rh_V2
17039,rh_v2,rh_V2
17040,rh_v2,rh_V2
17041,rh_v2,rh_V2
17042,rh_v2,rh_V2
17043,rh_v2,rh_V2
17044,rh_v2,rh_V2
17045,rh_v1,rh_V1
17046,rh_v1,rh_V1
17047,rh_v1,rh_V1
17048,rh_v1,rh_V1
17049,rh_v1,rh_V1
17050,rh_pos2,rh_POS2
17051,rh_dvt,rh_DVT
17052,rh_dvt,rh_DVT
17053,rh_dvt,rh_DVT
17054,rh_v6,rh_V6
17055,rh_dvt,rh_DVT
17056,rh_dvt,rh_DVT
17057,rh_v2,rh_V2
17058,rh_v2,rh_V2
17059,rh_v2,rh_V2
17060,rh_v1,rh_V1
17061,rh_v2,rh_V2
17062,rh_v1,rh_V1
17063,rh_v1,rh_V1
17064,rh_v1,rh_V1
17065,rh_v1,rh_V1
17066,rh_v1,rh_V1
17067,rh_v1,rh_V1
17068,rh_pos1,rh_POS1
17069,rh_pos1,rh_POS1
17070,rh_pos1,rh_POS1
17071,rh_pos1,rh_POS1
17072,rh_pos1,rh_POS1
17073,rh_pros,rh_ProS
17074,rh_pos1,rh_POS1
17075,rh_pos1,rh_POS1
17076,rh_rsc,rh_RSC
17077,rh_lipv,rh_LIPv
17078,rh_lipv,rh_LIPv
17079,rh_lipv,rh_LIPv
17080,rh_lipv,rh_LIPv
17081,rh_lipv,rh_LIPv
17082,rh_lipv,rh_LIPv
17083,rh_lipv,rh_LIPv
17084,rh_lipv,rh_LIPv
17085,rh_mip,rh_MIP
17086,rh_mip,rh_MIP
17087,rh_mip,rh_MIP
17088,rh_mip,rh_MIP
17089,rh_mip,rh_MIP
17090,rh_mip,rh_MIP
17091,rh_7pl,rh_7PL
17092,rh_7pl,rh_7PL
17093,rh_7pl,rh_7PL
17094,rh_7pl,rh_7PL
17095,rh_mip,rh_MIP
17096,rh_ips1,rh_IPS1
17097,rh_ips1,rh_IPS1
17098,rh_ips1,rh_IPS1
17099,rh_ips1,rh_IPS1
17100,rh_ips1,rh_IPS1
17101,rh_ips1,rh_IPS1
17102,rh_ips1,rh_IPS1
17103,rh_ips1,rh_IPS1
17104,rh_v3b,rh_V3B
17105,rh_v3b,rh_V3B
17106,rh_v3b,rh_V3B
17107,rh_v3b,rh_V3B
17108,rh_v3b,rh_V3B
17109,rh_v3a,rh_V3A
17110,rh_v3a,rh_V3A
17111,rh_v3a,rh_V3A
17112,rh_v3a,rh_V3A
17113,rh_v3a,rh_V3A
17114,rh_v3,rh_V3
17115,rh_v3,rh_V3
17116,rh_v3,rh_V3
17117,rh_tpoj1,rh_TPOJ1
17118,rh_tpoj1,rh_TPOJ1
17119,rh_pgi,rh_PGi
17120,rh_pgi,rh_PGi
17121,rh_pgi,rh_PGi
17122,rh_pgi,rh_PGi
17123,rh_pgi,rh_PGi
17124,rh_pgi,rh_PGi
17125,rh_pgi,rh_PGi
17126,rh_pgi,rh_PGi
17127,rh_tpoj3,rh_TPOJ3
17128,rh_pgi,rh_PGi
17129,rh_tpoj3,rh_TPOJ3
17130,rh_tpoj3,rh_TPOJ3
17131,rh_pgs,rh_PGs
17132,rh_pgs,rh_PGs
17133,rh_pgs,rh_PGs
17134,rh_pgi,rh_PGi
17135,rh_pgi,rh_PGi
17136,rh_pgp,rh_PGp
17137,rh_pgs,rh_PGs
17138,rh_pgp,rh_PGp
17139,rh_pgp,rh_PGp
17140,rh_pgp,rh_PGp
17141,rh_tpoj3,rh_TPOJ3
17142,rh_pgp,rh_PGp
17143,rh_pgp,rh_PGp
17144,rh_pgp,rh_PGp
17145,rh_lo3,rh_LO3
17146,rh_pgp,rh_PGp
17147,rh_pgp,rh_PGp
17148,rh_pgp,rh_PGp
17149,rh_v3cd,rh_V3CD
17150,rh_v3cd,rh_V3CD
17151,rh_v3cd,rh_V3CD
17152,rh_v4,rh_V4
17153,rh_v4,rh_V4
17154,rh_v4,rh_V4
17155,rh_v4,rh_V4
17156,rh_v4,rh_V4
17157,rh_v3,rh_V3
17158,rh_2,rh_2
17159,rh_2,rh_2
17160,rh_2,rh_2
17161,rh_pft,rh_PFt
17162,rh_pft,rh_PFt
17163,rh_pft,rh_PFt
17164,rh_pft,rh_PFt
17165,rh_pft,rh_PFt
17166,rh_pf,rh_PF
17167,rh_pf,rh_PF
17168,rh_pf,rh_PF
17169,rh_pf,rh_PF
17170,rh_pf,rh_PF
17171,rh_pf,rh_PF
17172,rh_ip2,rh_IP2
17173,rh_ip2,rh_IP2
17174,rh_ip2,rh_IP2
17175,rh_ip2,rh_IP2
17176,rh_pfm,rh_PFm
17177,rh_pfm,rh_PFm
17178,rh_pfm,rh_PFm
17179,rh_pfm,rh_PFm
17180,rh_pfm,rh_PFm
17181,rh_pf,rh_PF
17182,rh_pf,rh_PF
17183,rh_pf,rh_PF
17184,rh_psl,rh_PSL
17185,rh_psl,rh_PSL
17186,rh_psl,rh_PSL
17187,rh_psl,rh_PSL
17188,rh_psl,rh_PSL
17189,rh_psl,rh_PSL
17190,rh_pgi,rh_PGi
17191,rh_pfm,rh_PFm
17192,rh_pgi,rh_PGi
17193,rh_pgi,rh_PGi
17194,rh_stv,rh_STV
17195,rh_stv,rh_STV
17196,rh_pgi,rh_PGi
17197,rh_stv,rh_STV
17198,rh_poi2,rh_PoI2
17199,rh_poi1,rh_PoI1
17200,rh_poi2,rh_PoI2
17201,rh_poi1,rh_PoI1
17202,rh_ig,rh_Ig
17203,rh_ri,rh_RI
17204,rh_mbelt,rh_MBelt
17205,rh_mbelt,rh_MBelt
17206,rh_a1,rh_A1
17207,rh_a1,rh_A1
17208,rh_a1,rh_A1
17209,rh_a1,rh_A1
17210,rh_lbelt,rh_LBelt
17211,rh_lbelt,rh_LBelt
17212,rh_op1,rh_OP1
17213,rh_op1,rh_OP1
17214,rh_op1,rh_OP1
17215,rh_ri,rh_RI
17216,rh_ri,rh_RI
17217,rh_ri,rh_RI
17218,rh_ri,rh_RI
17219,rh_ri,rh_RI
17220,rh_pbelt,rh_PBelt
17221,rh_pbelt,rh_PBelt
17222,rh_pbelt,rh_PBelt
17223,rh_pbelt,rh_PBelt
17224,rh_pbelt,rh_PBelt
17225,rh_pbelt,rh_PBelt
17226,rh_a4,rh_A4
17227,rh_a4,rh_A4
17228,rh_a4,rh_A4
17229,rh_a4,rh_A4
17230,rh_stv,rh_STV
17231,rh_tpoj1,rh_TPOJ1
17232,rh_stv,rh_STV
17233,rh_stv,rh_STV
17234,rh_tpoj1,rh_TPOJ1
17235,rh_tpoj1,rh_TPOJ1
17236,rh_stv,rh_STV
17237,rh_stv,rh_STV
17238,rh_stv,rh_STV
17239,rh_13l,rh_13l
17240,rh_pofc,rh_pOFC
17241,rh_13l,rh_13l
17242,rh_pofc,rh_pOFC
17243,rh_pofc,rh_pOFC
17244,rh_pir,rh_Pir
17245,rh_pir,rh_Pir
17246,rh_pir,rh_Pir
17247,rh_pir,rh_Pir
17248,rh_?,rh_?
17249,rh_?,rh_?
17250,rh_?,rh_?
17251,rh_?,rh_?
17252,rh_?,rh_?
17253,rh_pir,rh_Pir
17254,rh_pir,rh_Pir
17255,rh_pir,rh_Pir
17256,rh_pir,rh_Pir
17257,rh_pir,rh_Pir
17258,rh_tgd,rh_TGd
17259,rh_tgd,rh_TGd
17260,rh_tgd,rh_TGd
17261,rh_tgd,rh_TGd
17262,rh_tgd,rh_TGd
17263,rh_tgd,rh_TGd
17264,rh_tgd,rh_TGd
17265,rh_tgd,rh_TGd
17266,rh_tgv,rh_TGv
17267,rh_tgv,rh_TGv
17268,rh_tgd,rh_TGd
17269,rh_tgv,rh_TGv
17270,rh_tgv,rh_TGv
17271,rh_tgv,rh_TGv
17272,rh_tgv,rh_TGv
17273,rh_tgv,rh_TGv
17274,rh_tgv,rh_TGv
17275,rh_tgv,rh_TGv
17276,rh_tgv,rh_TGv
17277,rh_tgv,rh_TGv
17278,rh_tgv,rh_TGv
17279,rh_te2a,rh_TE2a
17280,rh_?,rh_?
17281,rh_?,rh_?
17282,rh_?,rh_?
17283,rh_?,rh_?
17284,rh_?,rh_?
17285,rh_?,rh_?
17286,rh_?,rh_?
17287,rh_?,rh_?
17288,rh_?,rh_?
17289,rh_h,rh_H
17290,rh_pres,rh_PreS
17291,rh_h,rh_H
17292,rh_pres,rh_PreS
17293,rh_pres,rh_PreS
17294,rh_?,rh_?
17295,rh_?,rh_?
17296,rh_?,rh_?
17297,rh_?,rh_?
17298,rh_?,rh_?
17299,rh_h,rh_H
17300,rh_h,rh_H
17301,rh_h,rh_H
17302,rh_h,rh_H
17303,rh_pres,rh_PreS
17304,rh_pres,rh_PreS
17305,rh_pres,rh_PreS
17306,rh_pha1,rh_PHA1
17307,rh_pha1,rh_PHA1
17308,rh_pha1,rh_PHA1
17309,rh_pha1,rh_PHA1
17310,rh_pha1,rh_PHA1
17311,rh_peec,rh_PeEc
17312,rh_peec,rh_PeEc
17313,rh_peec,rh_PeEc
17314,rh_peec,rh_PeEc
17315,rh_peec,rh_PeEc
17316,rh_peec,rh_PeEc
17317,rh_tf,rh_TF
17318,rh_peec,rh_PeEc
17319,rh_tf,rh_TF
17320,rh_tf,rh_TF
17321,rh_v1,rh_V1
17322,rh_v1,rh_V1
17323,rh_v1,rh_V1
17324,rh_v1,rh_V1
17325,rh_v1,rh_V1
17326,rh_v1,rh_V1
17327,rh_v1,rh_V1
17328,rh_v1,rh_V1
17329,rh_v2,rh_V2
17330,rh_v2,rh_V2
17331,rh_v2,rh_V2
17332,rh_v2,rh_V2
17333,rh_v3,rh_V3
17334,rh_v3,rh_V3
17335,rh_v2,rh_V2
17336,rh_v2,rh_V2
17337,rh_v2,rh_V2
17338,rh_v2,rh_V2
17339,rh_v2,rh_V2
17340,rh_v4,rh_V4
17341,rh_v4,rh_V4
17342,rh_v4,rh_V4
17343,rh_v4,rh_V4
17344,rh_v4,rh_V4
17345,rh_v4,rh_V4
17346,rh_v4,rh_V4
17347,rh_v8,rh_V8
17348,rh_v8,rh_V8
17349,rh_v8,rh_V8
17350,rh_vvc,rh_VVC
17351,rh_vvc,rh_VVC
17352,rh_vvc,rh_VVC
17353,rh_vvc,rh_VVC
17354,rh_vvc,rh_VVC
17355,rh_vvc,rh_VVC
17356,rh_vvc,rh_VVC
17357,rh_vvc,rh_VVC
17358,rh_tf,rh_TF
17359,rh_tf,rh_TF
17360,rh_tf,rh_TF
17361,rh_tf,rh_TF
17362,rh_tpoj2,rh_TPOJ2
17363,rh_tpoj1,rh_TPOJ1
17364,rh_tpoj2,rh_TPOJ2
17365,rh_tpoj2,rh_TPOJ2
17366,rh_pht,rh_PHT
17367,rh_pht,rh_PHT
17368,rh_pht,rh_PHT
17369,rh_pht,rh_PHT
17370,rh_pht,rh_PHT
17371,rh_pht,rh_PHT
17372,rh_te1p,rh_TE1p
17373,rh_te1p,rh_TE1p
17374,rh_te1p,rh_TE1p
17375,rh_te1p,rh_TE1p
17376,rh_v4t,rh_V4t
17377,rh_mst,rh_MST
17378,rh_mst,rh_MST
17379,rh_fst,rh_FST
17380,rh_fst,rh_FST
17381,rh_ph,rh_PH
17382,rh_ph,rh_PH
17383,rh_ph,rh_PH
17384,rh_ph,rh_PH
17385,rh_ph,rh_PH
17386,rh_pht,rh_PHT
17387,rh_pht,rh_PHT
17388,rh_te1p,rh_TE1p
17389,rh_te1p,rh_TE1p
17390,rh_te1p,rh_TE1p
17391,rh_te1p,rh_TE1p
17392,rh_te1p,rh_TE1p
17393,rh_te1p,rh_TE1p
17394,rh_te2p,rh_TE2p
17395,rh_te2p,rh_TE2p
17396,rh_te2p,rh_TE2p
17397,rh_te2p,rh_TE2p
17398,rh_te2p,rh_TE2p
17399,rh_te2p,rh_TE2p
17400,rh_te2p,rh_TE2p
17401,rh_ffc,rh_FFC
17402,rh_ffc,rh_FFC
17403,rh_52,rh_52
17404,rh_52,rh_52
17405,rh_52,rh_52
17406,rh_52,rh_52
17407,rh_ta2,rh_TA2
17408,rh_a4,rh_A4
17409,rh_pbelt,rh_PBelt
17410,rh_a4,rh_A4
17411,rh_a4,rh_A4
17412,rh_a5,rh_A5
17413,rh_a5,rh_A5
17414,rh_a5,rh_A5
17415,rh_stsda,rh_STSda
17416,rh_stsda,rh_STSda
17417,rh_stsdp,rh_STSdp
17418,rh_stsdp,rh_STSdp
17419,rh_stsdp,rh_STSdp
17420,rh_stsda,rh_STSda
17421,rh_stsda,rh_STSda
17422,rh_stsva,rh_STSva
17423,rh_stsva,rh_STSva
17424,rh_stsva,rh_STSva
17425,rh_stsva,rh_STSva
17426,rh_stsva,rh_STSva
17427,rh_stsva,rh_STSva
17428,rh_stsva,rh_STSva
17429,rh_te1a,rh_TE1a
17430,rh_te1a,rh_TE1a
17431,rh_te1a,rh_TE1a
17432,rh_te1a,rh_TE1a
17433,rh_te1a,rh_TE1a
17434,rh_te2a,rh_TE2a
17435,rh_te2a,rh_TE2a
17436,rh_te2a,rh_TE2a
17437,rh_te2a,rh_TE2a
17438,rh_te2a,rh_TE2a
17439,rh_te2a,rh_TE2a
17440,rh_te2a,rh_TE2a
17441,rh_te2a,rh_TE2a
17442,rh_te2a,rh_TE2a
17443,rh_te2p,rh_TE2p
17444,rh_6ma,rh_6ma
17445,rh_6ma,rh_6ma
17446,rh_6ma,rh_6ma
17447,rh_6a,rh_6a
17448,rh_6a,rh_6a
17449,rh_6a,rh_6a
17450,rh_6a,rh_6a
17451,rh_6a,rh_6a
17452,rh_6a,rh_6a
17453,rh_6a,rh_6a
17454,rh_6a,rh_6a
17455,rh_4,rh_4
17456,rh_6mp,rh_6mp
17457,rh_6mp,rh_6mp
17458,rh_6mp,rh_6mp
17459,rh_6mp,rh_6mp
17460,rh_6mp,rh_6mp
17461,rh_6mp,rh_6mp
17462,rh_6mp,rh_6mp
17463,rh_6mp,rh_6mp
17464,rh_6mp,rh_6mp
17465,rh_4,rh_4
17466,rh_4,rh_4
17467,rh_4,rh_4
17468,rh_4,rh_4
17469,rh_4,rh_4
17470,rh_4,rh_4
17471,rh_4,rh_4
17472,rh_4,rh_4
17473,rh_4,rh_4
17474,rh_4,rh_4
17475,rh_6d,rh_6d
17476,rh_6d,rh_6d
17477,rh_6d,rh_6d
17478,rh_6d,rh_6d
17479,rh_6d,rh_6d
17480,rh_6d,rh_6d
17481,rh_6d,rh_6d
17482,rh_4,rh_4
17483,rh_4,rh_4
17484,rh_4,rh_4
17485,rh_6a,rh_6a
17486,rh_6a,rh_6a
17487,rh_6a,rh_6a
17488,rh_6a,rh_6a
17489,rh_6a,rh_6a
17490,rh_6a,rh_6a
17491,rh_6a,rh_6a
17492,rh_6a,rh_6a
17493,rh_6d,rh_6d
17494,rh_ifsa,rh_IFSa
17495,rh_ifsa,rh_IFSa
17496,rh_p9_46v,rh_p9-46v
17497,rh_p9_46v,rh_p9-46v
17498,rh_p9_46v,rh_p9-46v
17499,rh_p9_46v,rh_p9-46v
17500,rh_p9_46v,rh_p9-46v
17501,rh_p9_46v,rh_p9-46v
17502,rh_p9_46v,rh_p9-46v
17503,rh_p9_46v,rh_p9-46v
17504,rh_p9_46v,rh_p9-46v
17505,rh_a9_46v,rh_a9-46v
17506,rh_a9_46v,rh_a9-46v
17507,rh_a9_46v,rh_a9-46v
17508,rh_a9_46v,rh_a9-46v
17509,rh_a9_46v,rh_a9-46v
17510,rh_a9_46v,rh_a9-46v
17511,rh_a9_46v,rh_a9-46v
17512,rh_a9_46v,rh_a9-46v
17513,rh_a9_46v,rh_a9-46v
17514,rh_ifsa,rh_IFSa
17515,rh_9_46d,rh_9-46d
17516,rh_9_46d,rh_9-46d
17517,rh_9_46d,rh_9-46d
17518,rh_9_46d,rh_9-46d
17519,rh_9_46d,rh_9-46d
17520,rh_9_46d,rh_9-46d
17521,rh_9_46d,rh_9-46d
17522,rh_9_46d,rh_9-46d
17523,rh_9_46d,rh_9-46d
17524,rh_9_46d,rh_9-46d
17525,rh_33pr,rh_33pr
17526,rh_?,rh_?
17527,rh_33pr,rh_33pr
17528,rh_33pr,rh_33pr
17529,rh_33pr,rh_33pr
17530,rh_a24pr,rh_a24pr
17531,rh_a24pr,rh_a24pr
17532,rh_33pr,rh_33pr
17533,rh_p24,rh_p24
17534,rh_p24,rh_p24
17535,rh_p24,rh_p24
17536,rh_p24pr,rh_p24pr
17537,rh_p24pr,rh_p24pr
17538,rh_a24pr,rh_a24pr
17539,rh_a24pr,rh_a24pr
17540,rh_a24pr,rh_a24pr
17541,rh_a24pr,rh_a24pr
17542,rh_a24pr,rh_a24pr
17543,rh_a24pr,rh_a24pr
17544,rh_a24pr,rh_a24pr
17545,rh_33pr,rh_33pr
17546,rh_7m,rh_7m
17547,rh_7m,rh_7m
17548,rh_7m,rh_7m
17549,rh_7m,rh_7m
17550,rh_7m,rh_7m
17551,rh_7m,rh_7m
17552,rh_7m,rh_7m
17553,rh_7m,rh_7m
17554,rh_31pd,rh_31pd
17555,rh_31pd,rh_31pd
17556,rh_31pd,rh_31pd
17557,rh_7am,rh_7Am
17558,rh_7am,rh_7Am
17559,rh_7am,rh_7Am
17560,rh_7pm,rh_7Pm
17561,rh_7pm,rh_7Pm
17562,rh_pcv,rh_PCV
17563,rh_pcv,rh_PCV
17564,rh_7pm,rh_7Pm
17565,rh_7pm,rh_7Pm
17566,rh_7pm,rh_7Pm
17567,rh_ip2,rh_IP2
17568,rh_ip2,rh_IP2
17569,rh_ip2,rh_IP2
17570,rh_ip1,rh_IP1
17571,rh_ip1,rh_IP1
17572,rh_ip2,rh_IP2
17573,rh_ip2,rh_IP2
17574,rh_ip1,rh_IP1
17575,rh_ip1,rh_IP1
17576,rh_ip1,rh_IP1
17577,rh_ip1,rh_IP1
17578,rh_aip,rh_AIP
17579,rh_aip,rh_AIP
17580,rh_aip,rh_AIP
17581,rh_aip,rh_AIP
17582,rh_aip,rh_AIP
17583,rh_aip,rh_AIP
17584,rh_aip,rh_AIP
17585,rh_aip,rh_AIP
17586,rh_ip2,rh_IP2
17587,rh_ip2,rh_IP2
17588,rh_op4,rh_OP4
17589,rh_op4,rh_OP4
17590,rh_op4,rh_OP4
17591,rh_op4,rh_OP4
17592,rh_op4,rh_OP4
17593,rh_pfop,rh_PFop
17594,rh_op4,rh_OP4
17595,rh_pfop,rh_PFop
17596,rh_pfop,rh_PFop
17597,rh_pfop,rh_PFop
17598,rh_pfop,rh_PFop
17599,rh_mi,rh_MI
17600,rh_poi2,rh_PoI2
17601,rh_poi2,rh_PoI2
17602,rh_poi2,rh_PoI2
17603,rh_poi1,rh_PoI1
17604,rh_poi2,rh_PoI2
17605,rh_poi1,rh_PoI1
17606,rh_poi1,rh_PoI1
17607,rh_pi,rh_PI
17608,rh_pi,rh_PI
17609,rh_pi,rh_PI
17610,rh_?,rh_?
17611,rh_?,rh_?
17612,rh_?,rh_?
17613,rh_?,rh_?
17614,rh_?,rh_?
17615,rh_pofc,rh_pOFC
17616,rh_?,rh_?
17617,rh_?,rh_?
17618,rh_?,rh_?
17619,rh_?,rh_?
17620,rh_?,rh_?
17621,rh_v1,rh_V1
17622,rh_v1,rh_V1
17623,rh_v1,rh_V1
17624,rh_v1,rh_V1
17625,rh_v1,rh_V1
17626,rh_pros,rh_ProS
17627,rh_pros,rh_ProS
17628,rh_pros,rh_ProS
17629,rh_pros,rh_ProS
17630,rh_pros,rh_ProS
17631,rh_v2,rh_V2
17632,rh_v4,rh_V4
17633,rh_v4,rh_V4
17634,rh_v3,rh_V3
17635,rh_v3,rh_V3
17636,rh_v3,rh_V3
17637,rh_v3,rh_V3
17638,rh_v2,rh_V2
17639,rh_v2,rh_V2
17640,rh_v2,rh_V2
17641,rh_v2,rh_V2
17642,rh_v2,rh_V2
17643,rh_stsdp,rh_STSdp
17644,rh_stsdp,rh_STSdp
17645,rh_stsdp,rh_STSdp
17646,rh_stsdp,rh_STSdp
17647,rh_stsdp,rh_STSdp
17648,rh_tpoj1,rh_TPOJ1
17649,rh_stsdp,rh_STSdp
17650,rh_stsdp,rh_STSdp
17651,rh_stsdp,rh_STSdp
17652,rh_stsvp,rh_STSvp
17653,rh_stsvp,rh_STSvp
17654,rh_8bm,rh_8BM
17655,rh_8bm,rh_8BM
17656,rh_8bm,rh_8BM
17657,rh_8bm,rh_8BM
17658,rh_8bm,rh_8BM
17659,rh_sfl,rh_SFL
17660,rh_8bm,rh_8BM
17661,rh_8bl,rh_8BL
17662,rh_8bl,rh_8BL
17663,rh_8bl,rh_8BL
17664,rh_8bl,rh_8BL
17665,rh_s6_8,rh_s6-8
17666,rh_s6_8,rh_s6-8
17667,rh_8ad,rh_8Ad
17668,rh_8ad,rh_8Ad
17669,rh_8ad,rh_8Ad
17670,rh_8ad,rh_8Ad
17671,rh_8ad,rh_8Ad
17672,rh_8ad,rh_8Ad
17673,rh_8ad,rh_8Ad
17674,rh_8ad,rh_8Ad
17675,rh_8ad,rh_8Ad
17676,rh_8ad,rh_8Ad
17677,rh_8ad,rh_8Ad
17678,rh_46,rh_46
17679,rh_46,rh_46
17680,rh_46,rh_46
17681,rh_46,rh_46
17682,rh_46,rh_46
17683,rh_46,rh_46
17684,rh_46,rh_46
17685,rh_46,rh_46
17686,rh_5mv,rh_5mv
17687,rh_5mv,rh_5mv
17688,rh_5m,rh_5m
17689,rh_5m,rh_5m
17690,rh_5m,rh_5m
17691,rh_5m,rh_5m
17692,rh_5m,rh_5m
17693,rh_5m,rh_5m
17694,rh_24dd,rh_24dd
17695,rh_24dd,rh_24dd
17696,rh_24dd,rh_24dd
17697,rh_scef,rh_SCEF
17698,rh_scef,rh_SCEF
17699,rh_scef,rh_SCEF
17700,rh_scef,rh_SCEF
17701,rh_scef,rh_SCEF
17702,rh_sfl,rh_SFL
17703,rh_scef,rh_SCEF
17704,rh_scef,rh_SCEF
17705,rh_scef,rh_SCEF
17706,rh_scef,rh_SCEF
17707,rh_scef,rh_SCEF
17708,rh_24dd,rh_24dd
17709,rh_scef,rh_SCEF
17710,rh_scef,rh_SCEF
17711,rh_scef,rh_SCEF
17712,rh_scef,rh_SCEF
17713,rh_scef,rh_SCEF
17714,rh_scef,rh_SCEF
17715,rh_scef,rh_SCEF
17716,rh_8bm,rh_8BM
17717,rh_2,rh_2
17718,rh_2,rh_2
17719,rh_2,rh_2
17720,rh_2,rh_2
17721,rh_2,rh_2
17722,rh_2,rh_2
17723,rh_2,rh_2
17724,rh_2,rh_2
17725,rh_2,rh_2
17726,rh_2,rh_2
17727,rh_2,rh_2
17728,rh_3b,rh_3b
17729,rh_3b,rh_3b
17730,rh_3b,rh_3b
17731,rh_3b,rh_3b
17732,rh_1,rh_1
17733,rh_3b,rh_3b
17734,rh_5m,rh_5m
17735,rh_5m,rh_5m
17736,rh_5l,rh_5L
17737,rh_5l,rh_5L
17738,rh_5l,rh_5L
17739,rh_5l,rh_5L
17740,rh_5l,rh_5L
17741,rh_5l,rh_5L
17742,rh_5l,rh_5L
17743,rh_5m,rh_5m
17744,rh_5l,rh_5L
17745,rh_5l,rh_5L
17746,rh_5l,rh_5L
17747,rh_5l,rh_5L
17748,rh_3a,rh_3a
17749,rh_3b,rh_3b
17750,rh_3a,rh_3a
17751,rh_3a,rh_3a
17752,rh_3b,rh_3b
17753,rh_3a,rh_3a
17754,rh_3b,rh_3b
17755,rh_3b,rh_3b
17756,rh_3b,rh_3b
17757,rh_3b,rh_3b
17758,rh_3b,rh_3b
17759,rh_3a,rh_3a
17760,rh_3a,rh_3a
17761,rh_3b,rh_3b
17762,rh_3b,rh_3b
17763,rh_3b,rh_3b
17764,rh_3b,rh_3b
17765,rh_1,rh_1
17766,rh_1,rh_1
17767,rh_1,rh_1
17768,rh_1,rh_1
17769,rh_2,rh_2
17770,rh_2,rh_2
17771,rh_2,rh_2
17772,rh_2,rh_2
17773,rh_2,rh_2
17774,rh_1,rh_1
17775,rh_2,rh_2
17776,rh_2,rh_2
17777,rh_2,rh_2
17778,rh_2,rh_2
17779,rh_46,rh_46
17780,rh_8av,rh_8Av
17781,rh_8c,rh_8C
17782,rh_8c,rh_8C
17783,rh_8av,rh_8Av
17784,rh_8av,rh_8Av
17785,rh_8c,rh_8C
17786,rh_8av,rh_8Av
17787,rh_8c,rh_8C
17788,rh_8av,rh_8Av
17789,rh_fef,rh_FEF
17790,rh_fef,rh_FEF
17791,rh_fef,rh_FEF
17792,rh_fef,rh_FEF
17793,rh_55b,rh_55b
17794,rh_fef,rh_FEF
17795,rh_55b,rh_55b
17796,rh_55b,rh_55b
17797,rh_55b,rh_55b
17798,rh_pef,rh_PEF
17799,rh_pef,rh_PEF
17800,rh_6v,rh_6v
17801,rh_6v,rh_6v
17802,rh_6v,rh_6v
17803,rh_4,rh_4
17804,rh_4,rh_4
17805,rh_4,rh_4
17806,rh_4,rh_4
17807,rh_4,rh_4
17808,rh_4,rh_4
17809,rh_fop4,rh_FOP4
17810,rh_fop4,rh_FOP4
17811,rh_fop4,rh_FOP4
17812,rh_fop4,rh_FOP4
17813,rh_fop4,rh_FOP4
17814,rh_fop5,rh_FOP5
17815,rh_fop4,rh_FOP4
17816,rh_fop4,rh_FOP4
17817,rh_fop4,rh_FOP4
17818,rh_fop4,rh_FOP4
17819,rh_fop4,rh_FOP4
17820,rh_ifja,rh_IFJa
17821,rh_44,rh_44
17822,rh_44,rh_44
17823,rh_6r,rh_6r
17824,rh_6r,rh_6r
17825,rh_6r,rh_6r
17826,rh_6r,rh_6r
17827,rh_6r,rh_6r
17828,rh_6r,rh_6r
17829,rh_6r,rh_6r
17830,rh_6r,rh_6r
17831,rh_43,rh_43
17832,rh_6r,rh_6r
17833,rh_6r,rh_6r
17834,rh_6r,rh_6r
17835,rh_6r,rh_6r
17836,rh_6r,rh_6r
17837,rh_6r,rh_6r
17838,rh_6v,rh_6v
17839,rh_6v,rh_6v
17840,rh_6v,rh_6v
17841,rh_10pp,rh_10pp
17842,rh_11l,rh_11l
17843,rh_11l,rh_11l
17844,rh_11l,rh_11l
17845,rh_11l,rh_11l
17846,rh_11l,rh_11l
17847,rh_11l,rh_11l
17848,rh_11l,rh_11l
17849,rh_11l,rh_11l
17850,rh_11l,rh_11l
17851,rh_a47r,rh_a47r
17852,rh_p47r,rh_p47r
17853,rh_p47r,rh_p47r
17854,rh_p47r,rh_p47r
17855,rh_p47r,rh_p47r
17856,rh_47l,rh_47l
17857,rh_45,rh_45
17858,rh_45,rh_45
17859,rh_47l,rh_47l
17860,rh_47l,rh_47l
17861,rh_fop5,rh_FOP5
17862,rh_fop5,rh_FOP5
17863,rh_fop5,rh_FOP5
17864,rh_fop5,rh_FOP5
17865,rh_fop5,rh_FOP5
17866,rh_fop5,rh_FOP5
17867,rh_fop5,rh_FOP5
17868,rh_fop5,rh_FOP5
17869,rh_fop5,rh_FOP5
17870,rh_fop5,rh_FOP5
17871,rh_fop4,rh_FOP4
17872,rh_9m,rh_9m
17873,rh_d32,rh_d32
17874,rh_9m,rh_9m
17875,rh_9m,rh_9m
17876,rh_9m,rh_9m
17877,rh_9m,rh_9m
17878,rh_9m,rh_9m
17879,rh_9m,rh_9m
17880,rh_9m,rh_9m
17881,rh_9m,rh_9m
17882,rh_9m,rh_9m
17883,rh_p10p,rh_p10p
17884,rh_p10p,rh_p10p
17885,rh_p10p,rh_p10p
17886,rh_10d,rh_10d
17887,rh_10pp,rh_10pp
17888,rh_a10p,rh_a10p
17889,rh_10pp,rh_10pp
17890,rh_10pp,rh_10pp
17891,rh_10pp,rh_10pp
17892,rh_10v,rh_10v
17893,rh_10v,rh_10v
17894,rh_10v,rh_10v
17895,rh_10v,rh_10v
17896,rh_10v,rh_10v
17897,rh_10pp,rh_10pp
17898,rh_10pp,rh_10pp
17899,rh_10pp,rh_10pp
17900,rh_10pp,rh_10pp
17901,rh_10pp,rh_10pp
17902,rh_10pp,rh_10pp
17903,rh_?,rh_?
17904,rh_?,rh_?
17905,rh_?,rh_?
17906,rh_?,rh_?
17907,rh_?,rh_?
17908,rh_?,rh_?
17909,rh_?,rh_?
17910,rh_?,rh_?
17911,rh_?,rh_?
17912,rh_?,rh_?
17913,rh_?,rh_?
17914,rh_?,rh_?
17915,rh_?,rh_?
17916,rh_?,rh_?
17917,rh_?,rh_?
17918,rh_?,rh_?
17919,rh_?,rh_?
17920,rh_?,rh_?
17921,rh_?,rh_?
17922,rh_?,rh_?
17923,rh_?,rh_?
17924,rh_?,rh_?
17925,rh_?,rh_?
17926,rh_?,rh_?
17927,rh_25,rh_25
17928,rh_25,rh_25
17929,rh_s32,rh_s32
17930,rh_25,rh_25
17931,rh_s32,rh_s32
17932,rh_s32,rh_s32
17933,rh_s32,rh_s32
17934,rh_s32,rh_s32
17935,rh_23c,rh_23c
17936,rh_23c,rh_23c
17937,rh_23c,rh_23c
17938,rh_23c,rh_23c
17939,rh_23c,rh_23c
17940,rh_23c,rh_23c
17941,rh_23c,rh_23c
17942,rh_31a,rh_31a
17943,rh_23d,rh_23d
17944,rh_31pv,rh_31pv
17945,rh_d23ab,rh_d23ab
17946,rh_rsc,rh_RSC
17947,rh_rsc,rh_RSC
17948,rh_?,rh_?
17949,rh_?,rh_?
17950,rh_?,rh_?
17951,rh_?,rh_?
17952,rh_?,rh_?
17953,rh_?,rh_?
17954,rh_?,rh_?
17955,rh_?,rh_?
17956,rh_?,rh_?
17957,rh_?,rh_?
17958,rh_?,rh_?
17959,rh_?,rh_?
17960,rh_?,rh_?
17961,rh_?,rh_?
17962,rh_?,rh_?
17963,rh_?,rh_?
17964,rh_?,rh_?
17965,rh_?,rh_?
17966,rh_v3,rh_V3
17967,rh_v3,rh_V3
17968,rh_v3,rh_V3
17969,rh_v3,rh_V3
17970,rh_v3,rh_V3
17971,rh_v3,rh_V3
17972,rh_v3,rh_V3
17973,rh_v3,rh_V3
17974,rh_v2,rh_V2
17975,rh_v2,rh_V2
17976,rh_v2,rh_V2
17977,rh_pos2,rh_POS2
17978,rh_pos2,rh_POS2
17979,rh_pos2,rh_POS2
17980,rh_pos2,rh_POS2
17981,rh_pos2,rh_POS2
17982,rh_pos1,rh_POS1
17983,rh_pos1,rh_POS1
17984,rh_dvt,rh_DVT
17985,rh_dvt,rh_DVT
17986,rh_dvt,rh_DVT
17987,rh_dvt,rh_DVT
17988,rh_dvt,rh_DVT
17989,rh_dvt,rh_DVT
17990,rh_pos1,rh_POS1
17991,rh_pos1,rh_POS1
17992,rh_pos1,rh_POS1
17993,rh_pos1,rh_POS1
17994,rh_pos1,rh_POS1
17995,rh_pos1,rh_POS1
17996,rh_pos1,rh_POS1
17997,rh_rsc,rh_RSC
17998,rh_7pc,rh_7PC
17999,rh_lipv,rh_LIPv
18000,rh_lipv,rh_LIPv
18001,rh_lipv,rh_LIPv
18002,rh_lipv,rh_LIPv
18003,rh_vip,rh_VIP
18004,rh_lipv,rh_LIPv
18005,rh_lipv,rh_LIPv
18006,rh_lipv,rh_LIPv
18007,rh_lipv,rh_LIPv
18008,rh_mip,rh_MIP
18009,rh_7pl,rh_7PL
18010,rh_7pl,rh_7PL
18011,rh_dvt,rh_DVT
18012,rh_dvt,rh_DVT
18013,rh_ips1,rh_IPS1
18014,rh_v6a,rh_V6A
18015,rh_v6a,rh_V6A
18016,rh_ips1,rh_IPS1
18017,rh_ips1,rh_IPS1
18018,rh_v7,rh_V7
18019,rh_v7,rh_V7
18020,rh_v7,rh_V7
18021,rh_v7,rh_V7
18022,rh_v3a,rh_V3A
18023,rh_v3a,rh_V3A
18024,rh_v3a,rh_V3A
18025,rh_v3a,rh_V3A
18026,rh_v3a,rh_V3A
18027,rh_v3a,rh_V3A
18028,rh_v3a,rh_V3A
18029,rh_pgi,rh_PGi
18030,rh_pgi,rh_PGi
18031,rh_pgi,rh_PGi
18032,rh_pgi,rh_PGi
18033,rh_pgi,rh_PGi
18034,rh_pgi,rh_PGi
18035,rh_pgi,rh_PGi
18036,rh_pgi,rh_PGi
18037,rh_pgi,rh_PGi
18038,rh_pgi,rh_PGi
18039,rh_pgi,rh_PGi
18040,rh_pgs,rh_PGs
18041,rh_pgs,rh_PGs
18042,rh_pgs,rh_PGs
18043,rh_pgs,rh_PGs
18044,rh_pgs,rh_PGs
18045,rh_pgs,rh_PGs
18046,rh_pgs,rh_PGs
18047,rh_pgs,rh_PGs
18048,rh_pgp,rh_PGp
18049,rh_pgp,rh_PGp
18050,rh_pgp,rh_PGp
18051,rh_pgp,rh_PGp
18052,rh_pgp,rh_PGp
18053,rh_pgp,rh_PGp
18054,rh_pgp,rh_PGp
18055,rh_ip0,rh_IP0
18056,rh_ip0,rh_IP0
18057,rh_v3cd,rh_V3CD
18058,rh_v3cd,rh_V3CD
18059,rh_v3cd,rh_V3CD
18060,rh_v3cd,rh_V3CD
18061,rh_2,rh_2
18062,rh_pft,rh_PFt
18063,rh_pft,rh_PFt
18064,rh_pft,rh_PFt
18065,rh_pft,rh_PFt
18066,rh_pft,rh_PFt
18067,rh_pft,rh_PFt
18068,rh_pft,rh_PFt
18069,rh_pft,rh_PFt
18070,rh_pft,rh_PFt
18071,rh_pf,rh_PF
18072,rh_pfm,rh_PFm
18073,rh_pfm,rh_PFm
18074,rh_pfm,rh_PFm
18075,rh_pfm,rh_PFm
18076,rh_pfm,rh_PFm
18077,rh_pfm,rh_PFm
18078,rh_pfm,rh_PFm
18079,rh_pfm,rh_PFm
18080,rh_pfm,rh_PFm
18081,rh_pfm,rh_PFm
18082,rh_pfm,rh_PFm
18083,rh_pfm,rh_PFm
18084,rh_pfm,rh_PFm
18085,rh_pfm,rh_PFm
18086,rh_pfm,rh_PFm
18087,rh_pfm,rh_PFm
18088,rh_pfm,rh_PFm
18089,rh_pgi,rh_PGi
18090,rh_pgi,rh_PGi
18091,rh_pgi,rh_PGi
18092,rh_ig,rh_Ig
18093,rh_ig,rh_Ig
18094,rh_ig,rh_Ig
18095,rh_ig,rh_Ig
18096,rh_op2_3,rh_OP2-3
18097,rh_op2_3,rh_OP2-3
18098,rh_op2_3,rh_OP2-3
18099,rh_op2_3,rh_OP2-3
18100,rh_ri,rh_RI
18101,rh_ri,rh_RI
18102,rh_ri,rh_RI
18103,rh_pfcm,rh_PFcm
18104,rh_pfcm,rh_PFcm
18105,rh_pfcm,rh_PFcm
18106,rh_ri,rh_RI
18107,rh_ri,rh_RI
18108,rh_pfcm,rh_PFcm
18109,rh_ri,rh_RI
18110,rh_ri,rh_RI
18111,rh_ri,rh_RI
18112,rh_ri,rh_RI
18113,rh_a4,rh_A4
18114,rh_a4,rh_A4
18115,rh_a4,rh_A4
18116,rh_a4,rh_A4
18117,rh_psl,rh_PSL
18118,rh_psl,rh_PSL
18119,rh_psl,rh_PSL
18120,rh_psl,rh_PSL
18121,rh_stv,rh_STV
18122,rh_stv,rh_STV
18123,rh_stv,rh_STV
18124,rh_47s,rh_47s
18125,rh_47s,rh_47s
18126,rh_47s,rh_47s
18127,rh_47s,rh_47s
18128,rh_aaic,rh_AAIC
18129,rh_47s,rh_47s
18130,rh_aaic,rh_AAIC
18131,rh_aaic,rh_AAIC
18132,rh_pir,rh_Pir
18133,rh_pir,rh_Pir
18134,rh_pir,rh_Pir
18135,rh_pi,rh_PI
18136,rh_tgd,rh_TGd
18137,rh_tgd,rh_TGd
18138,rh_tgd,rh_TGd
18139,rh_tgd,rh_TGd
18140,rh_tgd,rh_TGd
18141,rh_tgd,rh_TGd
18142,rh_tgd,rh_TGd
18143,rh_tgd,rh_TGd
18144,rh_tgd,rh_TGd
18145,rh_tgd,rh_TGd
18146,rh_tgd,rh_TGd
18147,rh_tgd,rh_TGd
18148,rh_tgd,rh_TGd
18149,rh_tgd,rh_TGd
18150,rh_tgd,rh_TGd
18151,rh_tgd,rh_TGd
18152,rh_tgd,rh_TGd
18153,rh_tgd,rh_TGd
18154,rh_te2a,rh_TE2a
18155,rh_te2a,rh_TE2a
18156,rh_?,rh_?
18157,rh_?,rh_?
18158,rh_?,rh_?
18159,rh_?,rh_?
18160,rh_?,rh_?
18161,rh_?,rh_?
18162,rh_?,rh_?
18163,rh_?,rh_?
18164,rh_?,rh_?
18165,rh_?,rh_?
18166,rh_?,rh_?
18167,rh_?,rh_?
18168,rh_?,rh_?
18169,rh_?,rh_?
18170,rh_?,rh_?
18171,rh_h,rh_H
18172,rh_h,rh_H
18173,rh_h,rh_H
18174,rh_h,rh_H
18175,rh_h,rh_H
18176,rh_h,rh_H
18177,rh_ec,rh_EC
18178,rh_ec,rh_EC
18179,rh_ec,rh_EC
18180,rh_ec,rh_EC
18181,rh_ec,rh_EC
18182,rh_ec,rh_EC
18183,rh_ec,rh_EC
18184,rh_peec,rh_PeEc
18185,rh_peec,rh_PeEc
18186,rh_peec,rh_PeEc
18187,rh_peec,rh_PeEc
18188,rh_v1,rh_V1
18189,rh_v1,rh_V1
18190,rh_v1,rh_V1
18191,rh_v1,rh_V1
18192,rh_v1,rh_V1
18193,rh_v1,rh_V1
18194,rh_v1,rh_V1
18195,rh_v1,rh_V1
18196,rh_v1,rh_V1
18197,rh_v2,rh_V2
18198,rh_v2,rh_V2
18199,rh_vmv1,rh_VMV1
18200,rh_v3,rh_V3
18201,rh_vmv1,rh_VMV1
18202,rh_v3,rh_V3
18203,rh_v3,rh_V3
18204,rh_vmv2,rh_VMV2
18205,rh_vmv2,rh_VMV2
18206,rh_vmv2,rh_VMV2
18207,rh_vmv2,rh_VMV2
18208,rh_vmv3,rh_VMV3
18209,rh_vmv3,rh_VMV3
18210,rh_vmv3,rh_VMV3
18211,rh_vmv3,rh_VMV3
18212,rh_vmv3,rh_VMV3
18213,rh_pha3,rh_PHA3
18214,rh_pha3,rh_PHA3
18215,rh_pha3,rh_PHA3
18216,rh_pha3,rh_PHA3
18217,rh_vvc,rh_VVC
18218,rh_pha3,rh_PHA3
18219,rh_pha3,rh_PHA3
18220,rh_tpoj2,rh_TPOJ2
18221,rh_tpoj2,rh_TPOJ2
18222,rh_tpoj2,rh_TPOJ2
18223,rh_tpoj2,rh_TPOJ2
18224,rh_tpoj2,rh_TPOJ2
18225,rh_tpoj2,rh_TPOJ2
18226,rh_tpoj2,rh_TPOJ2
18227,rh_tpoj2,rh_TPOJ2
18228,rh_pht,rh_PHT
18229,rh_pht,rh_PHT
18230,rh_pht,rh_PHT
18231,rh_lo2,rh_LO2
18232,rh_ph,rh_PH
18233,rh_ph,rh_PH
18234,rh_ph,rh_PH
18235,rh_ph,rh_PH
18236,rh_ph,rh_PH
18237,rh_ph,rh_PH
18238,rh_ph,rh_PH
18239,rh_ph,rh_PH
18240,rh_ph,rh_PH
18241,rh_ph,rh_PH
18242,rh_ph,rh_PH
18243,rh_ph,rh_PH
18244,rh_te2p,rh_TE2p
18245,rh_te2p,rh_TE2p
18246,rh_ffc,rh_FFC
18247,rh_ffc,rh_FFC
18248,rh_te2p,rh_TE2p
18249,rh_ffc,rh_FFC
18250,rh_ffc,rh_FFC
18251,rh_ffc,rh_FFC
18252,rh_mbelt,rh_MBelt
18253,rh_mbelt,rh_MBelt
18254,rh_mbelt,rh_MBelt
18255,rh_pbelt,rh_PBelt
18256,rh_pbelt,rh_PBelt
18257,rh_a4,rh_A4
18258,rh_a4,rh_A4
18259,rh_a4,rh_A4
18260,rh_a4,rh_A4
18261,rh_a5,rh_A5
18262,rh_stsda,rh_STSda
18263,rh_stsdp,rh_STSdp
18264,rh_stsdp,rh_STSdp
18265,rh_stsva,rh_STSva
18266,rh_stsva,rh_STSva
18267,rh_stsva,rh_STSva
18268,rh_stsvp,rh_STSvp
18269,rh_stsvp,rh_STSvp
18270,rh_stsva,rh_STSva
18271,rh_stsva,rh_STSva
18272,rh_te1a,rh_TE1a
18273,rh_te1a,rh_TE1a
18274,rh_te1a,rh_TE1a
18275,rh_te1a,rh_TE1a
18276,rh_te1a,rh_TE1a
18277,rh_te1m,rh_TE1m
18278,rh_te1m,rh_TE1m
18279,rh_te1m,rh_TE1m
18280,rh_te1m,rh_TE1m
18281,rh_te1m,rh_TE1m
18282,rh_te1m,rh_TE1m
18283,rh_te2a,rh_TE2a
18284,rh_sfl,rh_SFL
18285,rh_sfl,rh_SFL
18286,rh_sfl,rh_SFL
18287,rh_s6_8,rh_s6-8
18288,rh_s6_8,rh_s6-8
18289,rh_6ma,rh_6ma
18290,rh_6ma,rh_6ma
18291,rh_s6_8,rh_s6-8
18292,rh_s6_8,rh_s6-8
18293,rh_s6_8,rh_s6-8
18294,rh_s6_8,rh_s6-8
18295,rh_6ma,rh_6ma
18296,rh_6ma,rh_6ma
18297,rh_6ma,rh_6ma
18298,rh_6a,rh_6a
18299,rh_6ma,rh_6ma
18300,rh_6ma,rh_6ma
18301,rh_6ma,rh_6ma
18302,rh_s6_8,rh_s6-8
18303,rh_s6_8,rh_s6-8
18304,rh_s6_8,rh_s6-8
18305,rh_i6_8,rh_i6-8
18306,rh_i6_8,rh_i6-8
18307,rh_6a,rh_6a
18308,rh_6a,rh_6a
18309,rh_i6_8,rh_i6-8
18310,rh_i6_8,rh_i6-8
18311,rh_i6_8,rh_i6-8
18312,rh_i6_8,rh_i6-8
18313,rh_5m,rh_5m
18314,rh_4,rh_4
18315,rh_4,rh_4
18316,rh_4,rh_4
18317,rh_4,rh_4
18318,rh_4,rh_4
18319,rh_4,rh_4
18320,rh_4,rh_4
18321,rh_4,rh_4
18322,rh_6mp,rh_6mp
18323,rh_6mp,rh_6mp
18324,rh_6mp,rh_6mp
18325,rh_6mp,rh_6mp
18326,rh_6mp,rh_6mp
18327,rh_6mp,rh_6mp
18328,rh_6mp,rh_6mp
18329,rh_6mp,rh_6mp
18330,rh_6mp,rh_6mp
18331,rh_6mp,rh_6mp
18332,rh_6mp,rh_6mp
18333,rh_6ma,rh_6ma
18334,rh_6ma,rh_6ma
18335,rh_6ma,rh_6ma
18336,rh_6ma,rh_6ma
18337,rh_6ma,rh_6ma
18338,rh_6ma,rh_6ma
18339,rh_6ma,rh_6ma
18340,rh_6ma,rh_6ma
18341,rh_1,rh_1
18342,rh_1,rh_1
18343,rh_3b,rh_3b
18344,rh_3b,rh_3b
18345,rh_3b,rh_3b
18346,rh_3b,rh_3b
18347,rh_3b,rh_3b
18348,rh_3b,rh_3b
18349,rh_3b,rh_3b
18350,rh_3b,rh_3b
18351,rh_3b,rh_3b
18352,rh_4,rh_4
18353,rh_4,rh_4
18354,rh_3a,rh_3a
18355,rh_4,rh_4
18356,rh_3a,rh_3a
18357,rh_3a,rh_3a
18358,rh_3a,rh_3a
18359,rh_3b,rh_3b
18360,rh_3b,rh_3b
18361,rh_3a,rh_3a
18362,rh_3a,rh_3a
18363,rh_3a,rh_3a
18364,rh_3a,rh_3a
18365,rh_3a,rh_3a
18366,rh_3a,rh_3a
18367,rh_3a,rh_3a
18368,rh_5m,rh_5m
18369,rh_4,rh_4
18370,rh_4,rh_4
18371,rh_4,rh_4
18372,rh_4,rh_4
18373,rh_4,rh_4
18374,rh_4,rh_4
18375,rh_4,rh_4
18376,rh_4,rh_4
18377,rh_4,rh_4
18378,rh_4,rh_4
18379,rh_4,rh_4
18380,rh_6d,rh_6d
18381,rh_4,rh_4
18382,rh_4,rh_4
18383,rh_4,rh_4
18384,rh_4,rh_4
18385,rh_4,rh_4
18386,rh_4,rh_4
18387,rh_4,rh_4
18388,rh_3a,rh_3a
18389,rh_3a,rh_3a
18390,rh_3b,rh_3b
18391,rh_3b,rh_3b
18392,rh_3b,rh_3b
18393,rh_3b,rh_3b
18394,rh_3b,rh_3b
18395,rh_3b,rh_3b
18396,rh_3b,rh_3b
18397,rh_8av,rh_8Av
18398,rh_i6_8,rh_i6-8
18399,rh_i6_8,rh_i6-8
18400,rh_i6_8,rh_i6-8
18401,rh_i6_8,rh_i6-8
18402,rh_i6_8,rh_i6-8
18403,rh_i6_8,rh_i6-8
18404,rh_i6_8,rh_i6-8
18405,rh_fef,rh_FEF
18406,rh_fef,rh_FEF
18407,rh_6a,rh_6a
18408,rh_6a,rh_6a
18409,rh_6a,rh_6a
18410,rh_6a,rh_6a
18411,rh_6a,rh_6a
18412,rh_fef,rh_FEF
18413,rh_fef,rh_FEF
18414,rh_fef,rh_FEF
18415,rh_fef,rh_FEF
18416,rh_fef,rh_FEF
18417,rh_fef,rh_FEF
18418,rh_fef,rh_FEF
18419,rh_fef,rh_FEF
18420,rh_fef,rh_FEF
18421,rh_fef,rh_FEF
18422,rh_fef,rh_FEF
18423,rh_4,rh_4
18424,rh_45,rh_45
18425,rh_45,rh_45
18426,rh_45,rh_45
18427,rh_45,rh_45
18428,rh_45,rh_45
18429,rh_ifsp,rh_IFSp
18430,rh_ifsp,rh_IFSp
18431,rh_45,rh_45
18432,rh_ifsp,rh_IFSp
18433,rh_ifsp,rh_IFSp
18434,rh_ifja,rh_IFJa
18435,rh_ifsp,rh_IFSp
18436,rh_ifsp,rh_IFSp
18437,rh_ifsp,rh_IFSp
18438,rh_ifsp,rh_IFSp
18439,rh_ifsp,rh_IFSp
18440,rh_ifsp,rh_IFSp
18441,rh_ifsp,rh_IFSp
18442,rh_ifja,rh_IFJa
18443,rh_ifja,rh_IFJa
18444,rh_ifja,rh_IFJa
18445,rh_ifja,rh_IFJa
18446,rh_ifja,rh_IFJa
18447,rh_ifja,rh_IFJa
18448,rh_ifja,rh_IFJa
18449,rh_ifja,rh_IFJa
18450,rh_ifja,rh_IFJa
18451,rh_ifja,rh_IFJa
18452,rh_ifjp,rh_IFJp
18453,rh_a10p,rh_a10p
18454,rh_a10p,rh_a10p
18455,rh_a10p,rh_a10p
18456,rh_a10p,rh_a10p
18457,rh_a47r,rh_a47r
18458,rh_a47r,rh_a47r
18459,rh_a47r,rh_a47r
18460,rh_a47r,rh_a47r
18461,rh_a47r,rh_a47r
18462,rh_p47r,rh_p47r
18463,rh_p47r,rh_p47r
18464,rh_a9_46v,rh_a9-46v
18465,rh_a9_46v,rh_a9-46v
18466,rh_p47r,rh_p47r
18467,rh_a9_46v,rh_a9-46v
18468,rh_p47r,rh_p47r
18469,rh_p47r,rh_p47r
18470,rh_p47r,rh_p47r
18471,rh_p47r,rh_p47r
18472,rh_p47r,rh_p47r
18473,rh_p47r,rh_p47r
18474,rh_p47r,rh_p47r
18475,rh_ifsa,rh_IFSa
18476,rh_ifsa,rh_IFSa
18477,rh_ifsa,rh_IFSa
18478,rh_ifsa,rh_IFSa
18479,rh_45,rh_45
18480,rh_45,rh_45
18481,rh_9a,rh_9a
18482,rh_9a,rh_9a
18483,rh_9a,rh_9a
18484,rh_9a,rh_9a
18485,rh_9a,rh_9a
18486,rh_9a,rh_9a
18487,rh_9a,rh_9a
18488,rh_9a,rh_9a
18489,rh_9a,rh_9a
18490,rh_9a,rh_9a
18491,rh_p10p,rh_p10p
18492,rh_9_46d,rh_9-46d
18493,rh_9_46d,rh_9-46d
18494,rh_9_46d,rh_9-46d
18495,rh_9_46d,rh_9-46d
18496,rh_p10p,rh_p10p
18497,rh_9a,rh_9a
18498,rh_9a,rh_9a
18499,rh_p10p,rh_p10p
18500,rh_p10p,rh_p10p
18501,rh_p10p,rh_p10p
18502,rh_p10p,rh_p10p
18503,rh_p10p,rh_p10p
18504,rh_p10p,rh_p10p
18505,rh_p10p,rh_p10p
18506,rh_a10p,rh_a10p
18507,rh_a10p,rh_a10p
18508,rh_a10p,rh_a10p
18509,rh_?,rh_?
18510,rh_?,rh_?
18511,rh_?,rh_?
18512,rh_?,rh_?
18513,rh_?,rh_?
18514,rh_?,rh_?
18515,rh_?,rh_?
18516,rh_?,rh_?
18517,rh_?,rh_?
18518,rh_?,rh_?
18519,rh_?,rh_?
18520,rh_?,rh_?
18521,rh_?,rh_?
18522,rh_?,rh_?
18523,rh_?,rh_?
18524,rh_?,rh_?
18525,rh_?,rh_?
18526,rh_?,rh_?
18527,rh_?,rh_?
18528,rh_?,rh_?
18529,rh_?,rh_?
18530,rh_?,rh_?
18531,rh_?,rh_?
18532,rh_?,rh_?
18533,rh_?,rh_?
18534,rh_?,rh_?
18535,rh_?,rh_?
18536,rh_a24,rh_a24
18537,rh_a24,rh_a24
18538,rh_23c,rh_23c
18539,rh_23c,rh_23c
18540,rh_23c,rh_23c
18541,rh_23c,rh_23c
18542,rh_p24pr,rh_p24pr
18543,rh_23c,rh_23c
18544,rh_p24pr,rh_p24pr
18545,rh_p24pr,rh_p24pr
18546,rh_23d,rh_23d
18547,rh_23d,rh_23d
18548,rh_rsc,rh_RSC
18549,rh_p24pr,rh_p24pr
18550,rh_p24pr,rh_p24pr
18551,rh_p24pr,rh_p24pr
18552,rh_p24pr,rh_p24pr
18553,rh_p24pr,rh_p24pr
18554,rh_33pr,rh_33pr
18555,rh_33pr,rh_33pr
18556,rh_rsc,rh_RSC
18557,rh_rsc,rh_RSC
18558,rh_?,rh_?
18559,rh_?,rh_?
18560,rh_?,rh_?
18561,rh_?,rh_?
18562,rh_?,rh_?
18563,rh_?,rh_?
18564,rh_?,rh_?
18565,rh_?,rh_?
18566,rh_v6,rh_V6
18567,rh_v6,rh_V6
18568,rh_dvt,rh_DVT
18569,rh_dvt,rh_DVT
18570,rh_pos2,rh_POS2
18571,rh_pos2,rh_POS2
18572,rh_pos2,rh_POS2
18573,rh_pos2,rh_POS2
18574,rh_pos2,rh_POS2
18575,rh_pos2,rh_POS2
18576,rh_pos2,rh_POS2
18577,rh_pos2,rh_POS2
18578,rh_pos2,rh_POS2
18579,rh_pos2,rh_POS2
18580,rh_7m,rh_7m
18581,rh_pos2,rh_POS2
18582,rh_pos2,rh_POS2
18583,rh_pos2,rh_POS2
18584,rh_pos2,rh_POS2
18585,rh_pos2,rh_POS2
18586,rh_pos2,rh_POS2
18587,rh_pos2,rh_POS2
18588,rh_pos1,rh_POS1
18589,rh_7m,rh_7m
18590,rh_7m,rh_7m
18591,rh_7m,rh_7m
18592,rh_v23ab,rh_v23ab
18593,rh_v23ab,rh_v23ab
18594,rh_v23ab,rh_v23ab
18595,rh_vip,rh_VIP
18596,rh_vip,rh_VIP
18597,rh_vip,rh_VIP
18598,rh_7am,rh_7Am
18599,rh_7am,rh_7Am
18600,rh_7am,rh_7Am
18601,rh_7am,rh_7Am
18602,rh_7pl,rh_7PL
18603,rh_7pl,rh_7PL
18604,rh_7pl,rh_7PL
18605,rh_7pl,rh_7PL
18606,rh_7am,rh_7Am
18607,rh_7pm,rh_7Pm
18608,rh_7pm,rh_7Pm
18609,rh_7pm,rh_7Pm
18610,rh_7pm,rh_7Pm
18611,rh_7pm,rh_7Pm
18612,rh_7pm,rh_7Pm
18613,rh_7pl,rh_7PL
18614,rh_7pl,rh_7PL
18615,rh_pos2,rh_POS2
18616,rh_pos2,rh_POS2
18617,rh_dvt,rh_DVT
18618,rh_pos2,rh_POS2
18619,rh_pos2,rh_POS2
18620,rh_dvt,rh_DVT
18621,rh_dvt,rh_DVT
18622,rh_dvt,rh_DVT
18623,rh_pfm,rh_PFm
18624,rh_pgs,rh_PGs
18625,rh_pgs,rh_PGs
18626,rh_pgs,rh_PGs
18627,rh_pgs,rh_PGs
18628,rh_pfm,rh_PFm
18629,rh_pfm,rh_PFm
18630,rh_pgs,rh_PGs
18631,rh_pgs,rh_PGs
18632,rh_pgs,rh_PGs
18633,rh_pgs,rh_PGs
18634,rh_pfm,rh_PFm
18635,rh_pfm,rh_PFm
18636,rh_pfm,rh_PFm
18637,rh_pfm,rh_PFm
18638,rh_pgs,rh_PGs
18639,rh_pgs,rh_PGs
18640,rh_pgs,rh_PGs
18641,rh_pgs,rh_PGs
18642,rh_pgs,rh_PGs
18643,rh_pgs,rh_PGs
18644,rh_pgs,rh_PGs
18645,rh_ip1,rh_IP1
18646,rh_ip1,rh_IP1
18647,rh_ip1,rh_IP1
18648,rh_ip1,rh_IP1
18649,rh_ip1,rh_IP1
18650,rh_ip0,rh_IP0
18651,rh_ip0,rh_IP0
18652,rh_2,rh_2
18653,rh_pft,rh_PFt
18654,rh_pft,rh_PFt
18655,rh_aip,rh_AIP
18656,rh_aip,rh_AIP
18657,rh_aip,rh_AIP
18658,rh_aip,rh_AIP
18659,rh_aip,rh_AIP
18660,rh_ip2,rh_IP2
18661,rh_ip2,rh_IP2
18662,rh_pfm,rh_PFm
18663,rh_aip,rh_AIP
18664,rh_aip,rh_AIP
18665,rh_ip2,rh_IP2
18666,rh_ip2,rh_IP2
18667,rh_ip2,rh_IP2
18668,rh_ip2,rh_IP2
18669,rh_ip2,rh_IP2
18670,rh_ip2,rh_IP2
18671,rh_pfm,rh_PFm
18672,rh_pfm,rh_PFm
18673,rh_pfm,rh_PFm
18674,rh_pfm,rh_PFm
18675,rh_pfm,rh_PFm
18676,rh_pfm,rh_PFm
18677,rh_pfm,rh_PFm
18678,rh_pfm,rh_PFm
18679,rh_pfm,rh_PFm
18680,rh_op4,rh_OP4
18681,rh_op4,rh_OP4
18682,rh_op4,rh_OP4
18683,rh_op1,rh_OP1
18684,rh_op1,rh_OP1
18685,rh_op1,rh_OP1
18686,rh_op1,rh_OP1
18687,rh_op1,rh_OP1
18688,rh_op1,rh_OP1
18689,rh_pfcm,rh_PFcm
18690,rh_pfcm,rh_PFcm
18691,rh_op4,rh_OP4
18692,rh_op4,rh_OP4
18693,rh_op1,rh_OP1
18694,rh_pfcm,rh_PFcm
18695,rh_pfcm,rh_PFcm
18696,rh_pfcm,rh_PFcm
18697,rh_pfcm,rh_PFcm
18698,rh_pfcm,rh_PFcm
18699,rh_pfcm,rh_PFcm
18700,rh_pfcm,rh_PFcm
18701,rh_pfcm,rh_PFcm
18702,rh_pfcm,rh_PFcm
18703,rh_pf,rh_PF
18704,rh_pf,rh_PF
18705,rh_pf,rh_PF
18706,rh_pf,rh_PF
18707,rh_pf,rh_PF
18708,rh_pf,rh_PF
18709,rh_avi,rh_AVI
18710,rh_aaic,rh_AAIC
18711,rh_aaic,rh_AAIC
18712,rh_aaic,rh_AAIC
18713,rh_aaic,rh_AAIC
18714,rh_aaic,rh_AAIC
18715,rh_poi2,rh_PoI2
18716,rh_pir,rh_Pir
18717,rh_pir,rh_Pir
18718,rh_poi1,rh_PoI1
18719,rh_poi1,rh_PoI1
18720,rh_poi2,rh_PoI2
18721,rh_poi2,rh_PoI2
18722,rh_poi1,rh_PoI1
18723,rh_poi1,rh_PoI1
18724,rh_poi1,rh_PoI1
18725,rh_poi1,rh_PoI1
18726,rh_poi1,rh_PoI1
18727,rh_poi1,rh_PoI1
18728,rh_pi,rh_PI
18729,rh_pi,rh_PI
18730,rh_tgd,rh_TGd
18731,rh_tgd,rh_TGd
18732,rh_pi,rh_PI
18733,rh_stga,rh_STGa
18734,rh_stga,rh_STGa
18735,rh_stga,rh_STGa
18736,rh_stga,rh_STGa
18737,rh_stga,rh_STGa
18738,rh_?,rh_?
18739,rh_?,rh_?
18740,rh_?,rh_?
18741,rh_?,rh_?
18742,rh_?,rh_?
18743,rh_?,rh_?
18744,rh_?,rh_?
18745,rh_?,rh_?
18746,rh_?,rh_?
18747,rh_?,rh_?
18748,rh_?,rh_?
18749,rh_?,rh_?
18750,rh_?,rh_?
18751,rh_?,rh_?
18752,rh_?,rh_?
18753,rh_?,rh_?
18754,rh_?,rh_?
18755,rh_?,rh_?
18756,rh_?,rh_?
18757,rh_?,rh_?
18758,rh_?,rh_?
18759,rh_?,rh_?
18760,rh_?,rh_?
18761,rh_?,rh_?
18762,rh_?,rh_?
18763,rh_?,rh_?
18764,rh_?,rh_?
18765,rh_?,rh_?
18766,rh_?,rh_?
18767,rh_v1,rh_V1
18768,rh_v1,rh_V1
18769,rh_v1,rh_V1
18770,rh_v1,rh_V1
18771,rh_v1,rh_V1
18772,rh_v1,rh_V1
18773,rh_v1,rh_V1
18774,rh_v1,rh_V1
18775,rh_v2,rh_V2
18776,rh_v2,rh_V2
18777,rh_v2,rh_V2
18778,rh_v1,rh_V1
18779,rh_v1,rh_V1
18780,rh_v1,rh_V1
18781,rh_v1,rh_V1
18782,rh_v1,rh_V1
18783,rh_v1,rh_V1
18784,rh_v2,rh_V2
18785,rh_v2,rh_V2
18786,rh_v2,rh_V2
18787,rh_vmv1,rh_VMV1
18788,rh_vmv1,rh_VMV1
18789,rh_vmv1,rh_VMV1
18790,rh_vmv1,rh_VMV1
18791,rh_vmv1,rh_VMV1
18792,rh_vmv1,rh_VMV1
18793,rh_vmv1,rh_VMV1
18794,rh_vmv1,rh_VMV1
18795,rh_pha2,rh_PHA2
18796,rh_mt,rh_MT
18797,rh_mt,rh_MT
18798,rh_mt,rh_MT
18799,rh_mt,rh_MT
18800,rh_mt,rh_MT
18801,rh_v4t,rh_V4t
18802,rh_v4t,rh_V4t
18803,rh_v4t,rh_V4t
18804,rh_v4t,rh_V4t
18805,rh_v4t,rh_V4t
18806,rh_lo2,rh_LO2
18807,rh_v4,rh_V4
18808,rh_lo1,rh_LO1
18809,rh_lo2,rh_LO2
18810,rh_v4,rh_V4
18811,rh_v4,rh_V4
18812,rh_lo2,rh_LO2
18813,rh_lo2,rh_LO2
18814,rh_pit,rh_PIT
18815,rh_pit,rh_PIT
18816,rh_pit,rh_PIT
18817,rh_pit,rh_PIT
18818,rh_pit,rh_PIT
18819,rh_pit,rh_PIT
18820,rh_pit,rh_PIT
18821,rh_pit,rh_PIT
18822,rh_pit,rh_PIT
18823,rh_v8,rh_V8
18824,rh_v8,rh_V8
18825,rh_a4,rh_A4
18826,rh_a5,rh_A5
18827,rh_a5,rh_A5
18828,rh_a5,rh_A5
18829,rh_a5,rh_A5
18830,rh_a5,rh_A5
18831,rh_a5,rh_A5
18832,rh_stsdp,rh_STSdp
18833,rh_stsdp,rh_STSdp
18834,rh_stsdp,rh_STSdp
18835,rh_stsdp,rh_STSdp
18836,rh_stsdp,rh_STSdp
18837,rh_stsdp,rh_STSdp
18838,rh_stsdp,rh_STSdp
18839,rh_stsdp,rh_STSdp
18840,rh_stsdp,rh_STSdp
18841,rh_stsdp,rh_STSdp
18842,rh_stsdp,rh_STSdp
18843,rh_stsdp,rh_STSdp
18844,rh_stsdp,rh_STSdp
18845,rh_stsvp,rh_STSvp
18846,rh_stsvp,rh_STSvp
18847,rh_stsvp,rh_STSvp
18848,rh_stsvp,rh_STSvp
18849,rh_stsvp,rh_STSvp
18850,rh_stsvp,rh_STSvp
18851,rh_te1m,rh_TE1m
18852,rh_te1m,rh_TE1m
18853,rh_te1p,rh_TE1p
18854,rh_a32pr,rh_a32pr
18855,rh_a32pr,rh_a32pr
18856,rh_a32pr,rh_a32pr
18857,rh_a32pr,rh_a32pr
18858,rh_d32,rh_d32
18859,rh_a32pr,rh_a32pr
18860,rh_d32,rh_d32
18861,rh_d32,rh_d32
18862,rh_d32,rh_d32
18863,rh_d32,rh_d32
18864,rh_d32,rh_d32
18865,rh_8bm,rh_8BM
18866,rh_8bm,rh_8BM
18867,rh_8bm,rh_8BM
18868,rh_8bm,rh_8BM
18869,rh_8bm,rh_8BM
18870,rh_8bm,rh_8BM
18871,rh_8bm,rh_8BM
18872,rh_8bm,rh_8BM
18873,rh_8bm,rh_8BM
18874,rh_9m,rh_9m
18875,rh_9m,rh_9m
18876,rh_9m,rh_9m
18877,rh_8bl,rh_8BL
18878,rh_9m,rh_9m
18879,rh_9m,rh_9m
18880,rh_9m,rh_9m
18881,rh_9p,rh_9p
18882,rh_9p,rh_9p
18883,rh_s6_8,rh_s6-8
18884,rh_sfl,rh_SFL
18885,rh_sfl,rh_SFL
18886,rh_s6_8,rh_s6-8
18887,rh_sfl,rh_SFL
18888,rh_8bl,rh_8BL
18889,rh_8bl,rh_8BL
18890,rh_8bl,rh_8BL
18891,rh_8bl,rh_8BL
18892,rh_8ad,rh_8Ad
18893,rh_8ad,rh_8Ad
18894,rh_8ad,rh_8Ad
18895,rh_8ad,rh_8Ad
18896,rh_8ad,rh_8Ad
18897,rh_8bl,rh_8BL
18898,rh_8bl,rh_8BL
18899,rh_8bl,rh_8BL
18900,rh_8bl,rh_8BL
18901,rh_8bl,rh_8BL
18902,rh_8bl,rh_8BL
18903,rh_8bl,rh_8BL
18904,rh_8bl,rh_8BL
18905,rh_8bl,rh_8BL
18906,rh_8bl,rh_8BL
18907,rh_9p,rh_9p
18908,rh_9p,rh_9p
18909,rh_9p,rh_9p
18910,rh_9p,rh_9p
18911,rh_9p,rh_9p
18912,rh_9a,rh_9a
18913,rh_9p,rh_9p
18914,rh_9p,rh_9p
18915,rh_9_46d,rh_9-46d
18916,rh_9_46d,rh_9-46d
18917,rh_9_46d,rh_9-46d
18918,rh_9_46d,rh_9-46d
18919,rh_9_46d,rh_9-46d
18920,rh_9p,rh_9p
18921,rh_9_46d,rh_9-46d
18922,rh_9_46d,rh_9-46d
18923,rh_9_46d,rh_9-46d
18924,rh_9_46d,rh_9-46d
18925,rh_9_46d,rh_9-46d
18926,rh_9_46d,rh_9-46d
18927,rh_9_46d,rh_9-46d
18928,rh_9_46d,rh_9-46d
18929,rh_9_46d,rh_9-46d
18930,rh_9_46d,rh_9-46d
18931,rh_46,rh_46
18932,rh_46,rh_46
18933,rh_46,rh_46
18934,rh_46,rh_46
18935,rh_46,rh_46
18936,rh_46,rh_46
18937,rh_pcv,rh_PCV
18938,rh_pcv,rh_PCV
18939,rh_pcv,rh_PCV
18940,rh_pcv,rh_PCV
18941,rh_23c,rh_23c
18942,rh_5mv,rh_5mv
18943,rh_23c,rh_23c
18944,rh_23c,rh_23c
18945,rh_23c,rh_23c
18946,rh_23c,rh_23c
18947,rh_23c,rh_23c
18948,rh_5mv,rh_5mv
18949,rh_5mv,rh_5mv
18950,rh_5mv,rh_5mv
18951,rh_5mv,rh_5mv
18952,rh_5mv,rh_5mv
18953,rh_5mv,rh_5mv
18954,rh_5mv,rh_5mv
18955,rh_23c,rh_23c
18956,rh_23c,rh_23c
18957,rh_23c,rh_23c
18958,rh_23c,rh_23c
18959,rh_23c,rh_23c
18960,rh_5mv,rh_5mv
18961,rh_23c,rh_23c
18962,rh_23c,rh_23c
18963,rh_23c,rh_23c
18964,rh_23c,rh_23c
18965,rh_23c,rh_23c
18966,rh_4,rh_4
18967,rh_4,rh_4
18968,rh_4,rh_4
18969,rh_4,rh_4
18970,rh_4,rh_4
18971,rh_4,rh_4
18972,rh_4,rh_4
18973,rh_24dd,rh_24dd
18974,rh_24dd,rh_24dd
18975,rh_6mp,rh_6mp
18976,rh_6mp,rh_6mp
18977,rh_6mp,rh_6mp
18978,rh_24dd,rh_24dd
18979,rh_6mp,rh_6mp
18980,rh_24dd,rh_24dd
18981,rh_24dd,rh_24dd
18982,rh_24dd,rh_24dd
18983,rh_24dd,rh_24dd
18984,rh_24dd,rh_24dd
18985,rh_24dd,rh_24dd
18986,rh_24dd,rh_24dd
18987,rh_24dd,rh_24dd
18988,rh_24dd,rh_24dd
18989,rh_24dd,rh_24dd
18990,rh_24dd,rh_24dd
18991,rh_24dd,rh_24dd
18992,rh_24dd,rh_24dd
18993,rh_24dv,rh_24dv
18994,rh_24dv,rh_24dv
18995,rh_24dv,rh_24dv
18996,rh_24dv,rh_24dv
18997,rh_24dv,rh_24dv
18998,rh_24dv,rh_24dv
18999,rh_24dv,rh_24dv
19000,rh_24dv,rh_24dv
19001,rh_24dv,rh_24dv
19002,rh_24dv,rh_24dv
19003,rh_24dv,rh_24dv
19004,rh_24dv,rh_24dv
19005,rh_scef,rh_SCEF
19006,rh_p32pr,rh_p32pr
19007,rh_24dv,rh_24dv
19008,rh_24dv,rh_24dv
19009,rh_24dv,rh_24dv
19010,rh_24dv,rh_24dv
19011,rh_p32pr,rh_p32pr
19012,rh_p32pr,rh_p32pr
19013,rh_p32pr,rh_p32pr
19014,rh_p32pr,rh_p32pr
19015,rh_p32pr,rh_p32pr
19016,rh_p32pr,rh_p32pr
19017,rh_p32pr,rh_p32pr
19018,rh_p32pr,rh_p32pr
19019,rh_aip,rh_AIP
19020,rh_aip,rh_AIP
19021,rh_aip,rh_AIP
19022,rh_aip,rh_AIP
19023,rh_aip,rh_AIP
19024,rh_7pc,rh_7PC
19025,rh_7pc,rh_7PC
19026,rh_aip,rh_AIP
19027,rh_7pc,rh_7PC
19028,rh_7pc,rh_7PC
19029,rh_7pc,rh_7PC
19030,rh_7pc,rh_7PC
19031,rh_7pc,rh_7PC
19032,rh_7pc,rh_7PC
19033,rh_7pc,rh_7PC
19034,rh_7pc,rh_7PC
19035,rh_7pc,rh_7PC
19036,rh_7pc,rh_7PC
19037,rh_7pc,rh_7PC
19038,rh_7pc,rh_7PC
19039,rh_7pc,rh_7PC
19040,rh_7pc,rh_7PC
19041,rh_7pc,rh_7PC
19042,rh_7al,rh_7AL
19043,rh_7al,rh_7AL
19044,rh_7al,rh_7AL
19045,rh_7al,rh_7AL
19046,rh_7al,rh_7AL
19047,rh_7al,rh_7AL
19048,rh_1,rh_1
19049,rh_1,rh_1
19050,rh_1,rh_1
19051,rh_1,rh_1
19052,rh_2,rh_2
19053,rh_2,rh_2
19054,rh_2,rh_2
19055,rh_2,rh_2
19056,rh_2,rh_2
19057,rh_3b,rh_3b
19058,rh_1,rh_1
19059,rh_1,rh_1
19060,rh_5l,rh_5L
19061,rh_5l,rh_5L
19062,rh_2,rh_2
19063,rh_2,rh_2
19064,rh_2,rh_2
19065,rh_7al,rh_7AL
19066,rh_7al,rh_7AL
19067,rh_7al,rh_7AL
19068,rh_7al,rh_7AL
19069,rh_7al,rh_7AL
19070,rh_7al,rh_7AL
19071,rh_7al,rh_7AL
19072,rh_7al,rh_7AL
19073,rh_7al,rh_7AL
19074,rh_vip,rh_VIP
19075,rh_vip,rh_VIP
19076,rh_7am,rh_7Am
19077,rh_7am,rh_7Am
19078,rh_7am,rh_7Am
19079,rh_7am,rh_7Am
19080,rh_7am,rh_7Am
19081,rh_7am,rh_7Am
19082,rh_7am,rh_7Am
19083,rh_7am,rh_7Am
19084,rh_5l,rh_5L
19085,rh_5l,rh_5L
19086,rh_7am,rh_7Am
19087,rh_5mv,rh_5mv
19088,rh_7am,rh_7Am
19089,rh_7am,rh_7Am
19090,rh_7am,rh_7Am
19091,rh_7am,rh_7Am
19092,rh_7am,rh_7Am
19093,rh_7am,rh_7Am
19094,rh_7am,rh_7Am
19095,rh_pcv,rh_PCV
19096,rh_pcv,rh_PCV
19097,rh_pcv,rh_PCV
19098,rh_pcv,rh_PCV
19099,rh_pcv,rh_PCV
19100,rh_pcv,rh_PCV
19101,rh_1,rh_1
19102,rh_1,rh_1
19103,rh_1,rh_1
19104,rh_1,rh_1
19105,rh_1,rh_1
19106,rh_3b,rh_3b
19107,rh_1,rh_1
19108,rh_1,rh_1
19109,rh_1,rh_1
19110,rh_2,rh_2
19111,rh_2,rh_2
19112,rh_3b,rh_3b
19113,rh_3b,rh_3b
19114,rh_3b,rh_3b
19115,rh_3b,rh_3b
19116,rh_3b,rh_3b
19117,rh_3b,rh_3b
19118,rh_1,rh_1
19119,rh_2,rh_2
19120,rh_2,rh_2
19121,rh_2,rh_2
19122,rh_2,rh_2
19123,rh_2,rh_2
19124,rh_2,rh_2
19125,rh_2,rh_2
19126,rh_2,rh_2
19127,rh_2,rh_2
19128,rh_2,rh_2
19129,rh_2,rh_2
19130,rh_4,rh_4
19131,rh_4,rh_4
19132,rh_3a,rh_3a
19133,rh_3a,rh_3a
19134,rh_3a,rh_3a
19135,rh_3a,rh_3a
19136,rh_3b,rh_3b
19137,rh_3b,rh_3b
19138,rh_3b,rh_3b
19139,rh_3a,rh_3a
19140,rh_3b,rh_3b
19141,rh_3b,rh_3b
19142,rh_3b,rh_3b
19143,rh_3b,rh_3b
19144,rh_3b,rh_3b
19145,rh_3b,rh_3b
19146,rh_3b,rh_3b
19147,rh_3b,rh_3b
19148,rh_1,rh_1
19149,rh_1,rh_1
19150,rh_1,rh_1
19151,rh_1,rh_1
19152,rh_1,rh_1
19153,rh_2,rh_2
19154,rh_2,rh_2
19155,rh_2,rh_2
19156,rh_2,rh_2
19157,rh_2,rh_2
19158,rh_2,rh_2
19159,rh_aip,rh_AIP
19160,rh_2,rh_2
19161,rh_2,rh_2
19162,rh_aip,rh_AIP
19163,rh_aip,rh_AIP
19164,rh_aip,rh_AIP
19165,rh_aip,rh_AIP
19166,rh_2,rh_2
19167,rh_2,rh_2
19168,rh_2,rh_2
19169,rh_2,rh_2
19170,rh_2,rh_2
19171,rh_2,rh_2
19172,rh_aip,rh_AIP
19173,rh_aip,rh_AIP
19174,rh_aip,rh_AIP
19175,rh_aip,rh_AIP
19176,rh_aip,rh_AIP
19177,rh_aip,rh_AIP
19178,rh_aip,rh_AIP
19179,rh_aip,rh_AIP
19180,rh_aip,rh_AIP
19181,rh_aip,rh_AIP
19182,rh_aip,rh_AIP
19183,rh_46,rh_46
19184,rh_p9_46v,rh_p9-46v
19185,rh_p9_46v,rh_p9-46v
19186,rh_p9_46v,rh_p9-46v
19187,rh_p9_46v,rh_p9-46v
19188,rh_p9_46v,rh_p9-46v
19189,rh_p9_46v,rh_p9-46v
19190,rh_p9_46v,rh_p9-46v
19191,rh_p9_46v,rh_p9-46v
19192,rh_8c,rh_8C
19193,rh_8c,rh_8C
19194,rh_p9_46v,rh_p9-46v
19195,rh_8c,rh_8C
19196,rh_8c,rh_8C
19197,rh_p9_46v,rh_p9-46v
19198,rh_p9_46v,rh_p9-46v
19199,rh_p9_46v,rh_p9-46v
19200,rh_p9_46v,rh_p9-46v
19201,rh_ifsp,rh_IFSp
19202,rh_8c,rh_8C
19203,rh_ifja,rh_IFJa
19204,rh_8c,rh_8C
19205,rh_ifja,rh_IFJa
19206,rh_ifja,rh_IFJa
19207,rh_ifjp,rh_IFJp
19208,rh_ifjp,rh_IFJp
19209,rh_ifjp,rh_IFJp
19210,rh_8av,rh_8Av
19211,rh_8av,rh_8Av
19212,rh_8av,rh_8Av
19213,rh_8av,rh_8Av
19214,rh_8av,rh_8Av
19215,rh_8av,rh_8Av
19216,rh_8av,rh_8Av
19217,rh_8av,rh_8Av
19218,rh_8av,rh_8Av
19219,rh_fef,rh_FEF
19220,rh_55b,rh_55b
19221,rh_55b,rh_55b
19222,rh_55b,rh_55b
19223,rh_55b,rh_55b
19224,rh_55b,rh_55b
19225,rh_8av,rh_8Av
19226,rh_8c,rh_8C
19227,rh_8c,rh_8C
19228,rh_8c,rh_8C
19229,rh_8c,rh_8C
19230,rh_8c,rh_8C
19231,rh_pef,rh_PEF
19232,rh_ifjp,rh_IFJp
19233,rh_ifjp,rh_IFJp
19234,rh_ifjp,rh_IFJp
19235,rh_ifjp,rh_IFJp
19236,rh_ifjp,rh_IFJp
19237,rh_6r,rh_6r
19238,rh_6r,rh_6r
19239,rh_6r,rh_6r
19240,rh_6r,rh_6r
19241,rh_6r,rh_6r
19242,rh_6r,rh_6r
19243,rh_6v,rh_6v
19244,rh_6v,rh_6v
19245,rh_6v,rh_6v
19246,rh_6v,rh_6v
19247,rh_6v,rh_6v
19248,rh_6v,rh_6v
19249,rh_4,rh_4
19250,rh_6v,rh_6v
19251,rh_6v,rh_6v
19252,rh_6v,rh_6v
19253,rh_6v,rh_6v
19254,rh_6v,rh_6v
19255,rh_6v,rh_6v
19256,rh_4,rh_4
19257,rh_3a,rh_3a
19258,rh_3a,rh_3a
19259,rh_3a,rh_3a
19260,rh_3a,rh_3a
19261,rh_3b,rh_3b
19262,rh_3b,rh_3b
19263,rh_1,rh_1
19264,rh_poi2,rh_PoI2
19265,rh_poi1,rh_PoI1
19266,rh_poi2,rh_PoI2
19267,rh_poi2,rh_PoI2
19268,rh_poi2,rh_PoI2
19269,rh_fop3,rh_FOP3
19270,rh_poi2,rh_PoI2
19271,rh_poi2,rh_PoI2
19272,rh_ig,rh_Ig
19273,rh_ig,rh_Ig
19274,rh_ig,rh_Ig
19275,rh_fop3,rh_FOP3
19276,rh_fop3,rh_FOP3
19277,rh_fop3,rh_FOP3
19278,rh_fop3,rh_FOP3
19279,rh_fop3,rh_FOP3
19280,rh_fop3,rh_FOP3
19281,rh_fop2,rh_FOP2
19282,rh_ig,rh_Ig
19283,rh_ig,rh_Ig
19284,rh_ig,rh_Ig
19285,rh_ig,rh_Ig
19286,rh_ig,rh_Ig
19287,rh_fop2,rh_FOP2
19288,rh_fop2,rh_FOP2
19289,rh_op2_3,rh_OP2-3
19290,rh_op2_3,rh_OP2-3
19291,rh_op2_3,rh_OP2-3
19292,rh_op2_3,rh_OP2-3
19293,rh_45,rh_45
19294,rh_44,rh_44
19295,rh_44,rh_44
19296,rh_44,rh_44
19297,rh_44,rh_44
19298,rh_44,rh_44
19299,rh_44,rh_44
19300,rh_fop4,rh_FOP4
19301,rh_fop4,rh_FOP4
19302,rh_44,rh_44
19303,rh_44,rh_44
19304,rh_44,rh_44
19305,rh_6r,rh_6r
19306,rh_6r,rh_6r
19307,rh_6r,rh_6r
19308,rh_6r,rh_6r
19309,rh_fop4,rh_FOP4
19310,rh_fop1,rh_FOP1
19311,rh_fop1,rh_FOP1
19312,rh_fop1,rh_FOP1
19313,rh_fop1,rh_FOP1
19314,rh_fop1,rh_FOP1
19315,rh_fop1,rh_FOP1
19316,rh_fop2,rh_FOP2
19317,rh_fop2,rh_FOP2
19318,rh_op2_3,rh_OP2-3
19319,rh_op2_3,rh_OP2-3
19320,rh_op4,rh_OP4
19321,rh_op4,rh_OP4
19322,rh_op4,rh_OP4
19323,rh_43,rh_43
19324,rh_op4,rh_OP4
19325,rh_op4,rh_OP4
19326,rh_op4,rh_OP4
19327,rh_op4,rh_OP4
19328,rh_op4,rh_OP4
19329,rh_43,rh_43
19330,rh_43,rh_43
19331,rh_43,rh_43
19332,rh_43,rh_43
19333,rh_43,rh_43
19334,rh_43,rh_43
19335,rh_op4,rh_OP4
19336,rh_op4,rh_OP4
19337,rh_op4,rh_OP4
19338,rh_op4,rh_OP4
19339,rh_op4,rh_OP4
19340,rh_op4,rh_OP4
19341,rh_op4,rh_OP4
19342,rh_1,rh_1
19343,rh_1,rh_1
19344,rh_1,rh_1
19345,rh_1,rh_1
19346,rh_ofc,rh_OFC
19347,rh_ofc,rh_OFC
19348,rh_ofc,rh_OFC
19349,rh_ofc,rh_OFC
19350,rh_ofc,rh_OFC
19351,rh_ofc,rh_OFC
19352,rh_ofc,rh_OFC
19353,rh_ofc,rh_OFC
19354,rh_13l,rh_13l
19355,rh_13l,rh_13l
19356,rh_13l,rh_13l
19357,rh_11l,rh_11l
19358,rh_11l,rh_11l
19359,rh_13l,rh_13l
19360,rh_11l,rh_11l
19361,rh_13l,rh_13l
19362,rh_13l,rh_13l
19363,rh_13l,rh_13l
19364,rh_13l,rh_13l
19365,rh_13l,rh_13l
19366,rh_13l,rh_13l
19367,rh_47s,rh_47s
19368,rh_47s,rh_47s
19369,rh_47m,rh_47m
19370,rh_47s,rh_47s
19371,rh_47s,rh_47s
19372,rh_47s,rh_47s
19373,rh_47s,rh_47s
19374,rh_47s,rh_47s
19375,rh_a10p,rh_a10p
19376,rh_11l,rh_11l
19377,rh_11l,rh_11l
19378,rh_a47r,rh_a47r
19379,rh_a47r,rh_a47r
19380,rh_11l,rh_11l
19381,rh_11l,rh_11l
19382,rh_a47r,rh_a47r
19383,rh_a47r,rh_a47r
19384,rh_p47r,rh_p47r
19385,rh_a47r,rh_a47r
19386,rh_a47r,rh_a47r
19387,rh_47l,rh_47l
19388,rh_47l,rh_47l
19389,rh_a47r,rh_a47r
19390,rh_a47r,rh_a47r
19391,rh_47l,rh_47l
19392,rh_47l,rh_47l
19393,rh_47m,rh_47m
19394,rh_47m,rh_47m
19395,rh_47s,rh_47s
19396,rh_47s,rh_47s
19397,rh_47s,rh_47s
19398,rh_47s,rh_47s
19399,rh_47s,rh_47s
19400,rh_47s,rh_47s
19401,rh_avi,rh_AVI
19402,rh_avi,rh_AVI
19403,rh_avi,rh_AVI
19404,rh_avi,rh_AVI
19405,rh_avi,rh_AVI
19406,rh_avi,rh_AVI
19407,rh_avi,rh_AVI
19408,rh_mi,rh_MI
19409,rh_mi,rh_MI
19410,rh_mi,rh_MI
19411,rh_fop5,rh_FOP5
19412,rh_avi,rh_AVI
19413,rh_avi,rh_AVI
19414,rh_fop4,rh_FOP4
19415,rh_fop4,rh_FOP4
19416,rh_avi,rh_AVI
19417,rh_mi,rh_MI
19418,rh_mi,rh_MI
19419,rh_mi,rh_MI
19420,rh_mi,rh_MI
19421,rh_mi,rh_MI
19422,rh_mi,rh_MI
19423,rh_mi,rh_MI
19424,rh_mi,rh_MI
19425,rh_poi2,rh_PoI2
19426,rh_poi2,rh_PoI2
19427,rh_poi2,rh_PoI2
19428,rh_a32pr,rh_a32pr
19429,rh_a32pr,rh_a32pr
19430,rh_a32pr,rh_a32pr
19431,rh_d32,rh_d32
19432,rh_a32pr,rh_a32pr
19433,rh_a32pr,rh_a32pr
19434,rh_a32pr,rh_a32pr
19435,rh_a32pr,rh_a32pr
19436,rh_d32,rh_d32
19437,rh_d32,rh_d32
19438,rh_d32,rh_d32
19439,rh_d32,rh_d32
19440,rh_9m,rh_9m
19441,rh_d32,rh_d32
19442,rh_d32,rh_d32
19443,rh_d32,rh_d32
19444,rh_d32,rh_d32
19445,rh_p24,rh_p24
19446,rh_p24,rh_p24
19447,rh_p24,rh_p24
19448,rh_a24,rh_a24
19449,rh_9m,rh_9m
19450,rh_a24,rh_a24
19451,rh_a24,rh_a24
19452,rh_a24,rh_a24
19453,rh_p32,rh_p32
19454,rh_p32,rh_p32
19455,rh_9a,rh_9a
19456,rh_9a,rh_9a
19457,rh_9m,rh_9m
19458,rh_10d,rh_10d
19459,rh_9m,rh_9m
19460,rh_9m,rh_9m
19461,rh_9m,rh_9m
19462,rh_9m,rh_9m
19463,rh_9m,rh_9m
19464,rh_10d,rh_10d
19465,rh_10d,rh_10d
19466,rh_10d,rh_10d
19467,rh_10d,rh_10d
19468,rh_10d,rh_10d
19469,rh_10d,rh_10d
19470,rh_9m,rh_9m
19471,rh_9m,rh_9m
19472,rh_9m,rh_9m
19473,rh_9m,rh_9m
19474,rh_p32,rh_p32
19475,rh_p32,rh_p32
19476,rh_p32,rh_p32
19477,rh_p32,rh_p32
19478,rh_p32,rh_p32
19479,rh_p32,rh_p32
19480,rh_p32,rh_p32
19481,rh_p32,rh_p32
19482,rh_p32,rh_p32
19483,rh_p32,rh_p32
19484,rh_s32,rh_s32
19485,rh_10r,rh_10r
19486,rh_10r,rh_10r
19487,rh_s32,rh_s32
19488,rh_s32,rh_s32
19489,rh_10v,rh_10v
19490,rh_10v,rh_10v
19491,rh_10v,rh_10v
19492,rh_10v,rh_10v
19493,rh_10v,rh_10v
19494,rh_10v,rh_10v
19495,rh_10v,rh_10v
19496,rh_10v,rh_10v
19497,rh_10v,rh_10v
19498,rh_10v,rh_10v
19499,rh_10v,rh_10v
19500,rh_ofc,rh_OFC
19501,rh_ofc,rh_OFC
19502,rh_ofc,rh_OFC
19503,rh_ofc,rh_OFC
19504,rh_ofc,rh_OFC
19505,rh_ofc,rh_OFC
19506,rh_ofc,rh_OFC
19507,rh_ofc,rh_OFC
19508,rh_ofc,rh_OFC
19509,rh_?,rh_?
19510,rh_?,rh_?
19511,rh_?,rh_?
19512,rh_?,rh_?
19513,rh_?,rh_?
19514,rh_?,rh_?
19515,rh_?,rh_?
19516,rh_?,rh_?
19517,rh_?,rh_?
19518,rh_?,rh_?
19519,rh_?,rh_?
19520,rh_?,rh_?
19521,rh_?,rh_?
19522,rh_?,rh_?
19523,rh_?,rh_?
19524,rh_?,rh_?
19525,rh_?,rh_?
19526,rh_?,rh_?
19527,rh_?,rh_?
19528,rh_?,rh_?
19529,rh_?,rh_?
19530,rh_?,rh_?
19531,rh_?,rh_?
19532,rh_?,rh_?
19533,rh_?,rh_?
19534,rh_?,rh_?
19535,rh_?,rh_?
19536,rh_?,rh_?
19537,rh_?,rh_?
19538,rh_?,rh_?
19539,rh_?,rh_?
19540,rh_?,rh_?
19541,rh_?,rh_?
19542,rh_?,rh_?
19543,rh_?,rh_?
19544,rh_?,rh_?
19545,rh_?,rh_?
19546,rh_?,rh_?
19547,rh_?,rh_?
19548,rh_?,rh_?
19549,rh_?,rh_?
19550,rh_?,rh_?
19551,rh_?,rh_?
19552,rh_?,rh_?
19553,rh_?,rh_?
19554,rh_?,rh_?
19555,rh_?,rh_?
19556,rh_?,rh_?
19557,rh_?,rh_?
19558,rh_?,rh_?
19559,rh_?,rh_?
19560,rh_?,rh_?
19561,rh_?,rh_?
19562,rh_?,rh_?
19563,rh_?,rh_?
19564,rh_?,rh_?
19565,rh_?,rh_?
19566,rh_?,rh_?
19567,rh_?,rh_?
19568,rh_?,rh_?
19569,rh_?,rh_?
19570,rh_?,rh_?
19571,rh_?,rh_?
19572,rh_?,rh_?
19573,rh_?,rh_?
19574,rh_?,rh_?
19575,rh_?,rh_?
19576,rh_?,rh_?
19577,rh_25,rh_25
19578,rh_?,rh_?
19579,rh_?,rh_?
19580,rh_?,rh_?
19581,rh_?,rh_?
19582,rh_?,rh_?
19583,rh_pofc,rh_pOFC
19584,rh_pofc,rh_pOFC
19585,rh_pofc,rh_pOFC
19586,rh_ofc,rh_OFC
19587,rh_ofc,rh_OFC
19588,rh_pofc,rh_pOFC
19589,rh_pofc,rh_pOFC
19590,rh_ofc,rh_OFC
19591,rh_pcv,rh_PCV
19592,rh_pcv,rh_PCV
19593,rh_pcv,rh_PCV
19594,rh_31a,rh_31a
19595,rh_31a,rh_31a
19596,rh_31pd,rh_31pd
19597,rh_31pd,rh_31pd
19598,rh_31pd,rh_31pd
19599,rh_31pd,rh_31pd
19600,rh_23c,rh_23c
19601,rh_31a,rh_31a
19602,rh_31a,rh_31a
19603,rh_31a,rh_31a
19604,rh_31a,rh_31a
19605,rh_31a,rh_31a
19606,rh_31pd,rh_31pd
19607,rh_31pd,rh_31pd
19608,rh_31pv,rh_31pv
19609,rh_31pv,rh_31pv
19610,rh_31pv,rh_31pv
19611,rh_31pv,rh_31pv
19612,rh_31pv,rh_31pv
19613,rh_31pv,rh_31pv
19614,rh_31pv,rh_31pv
19615,rh_31pv,rh_31pv
19616,rh_v23ab,rh_v23ab
19617,rh_v23ab,rh_v23ab
19618,rh_23c,rh_23c
19619,rh_23c,rh_23c
19620,rh_23d,rh_23d
19621,rh_23d,rh_23d
19622,rh_23d,rh_23d
19623,rh_23d,rh_23d
19624,rh_23d,rh_23d
19625,rh_23d,rh_23d
19626,rh_d23ab,rh_d23ab
19627,rh_rsc,rh_RSC
19628,rh_rsc,rh_RSC
19629,rh_rsc,rh_RSC
19630,rh_?,rh_?
19631,rh_rsc,rh_RSC
19632,rh_rsc,rh_RSC
19633,rh_rsc,rh_RSC
19634,rh_d23ab,rh_d23ab
19635,rh_d23ab,rh_d23ab
19636,rh_d23ab,rh_d23ab
19637,rh_d23ab,rh_d23ab
19638,rh_d23ab,rh_d23ab
19639,rh_rsc,rh_RSC
19640,rh_rsc,rh_RSC
19641,rh_d23ab,rh_d23ab
19642,rh_d23ab,rh_d23ab
19643,rh_v23ab,rh_v23ab
19644,rh_v23ab,rh_v23ab
19645,rh_v23ab,rh_v23ab
19646,rh_v23ab,rh_v23ab
19647,rh_v23ab,rh_v23ab
19648,rh_?,rh_?
19649,rh_rsc,rh_RSC
19650,rh_rsc,rh_RSC
19651,rh_rsc,rh_RSC
19652,rh_rsc,rh_RSC
19653,rh_rsc,rh_RSC
19654,rh_?,rh_?
19655,rh_?,rh_?
19656,rh_?,rh_?
19657,rh_?,rh_?
19658,rh_?,rh_?
19659,rh_?,rh_?
19660,rh_?,rh_?
19661,rh_?,rh_?
19662,rh_rsc,rh_RSC
19663,rh_rsc,rh_RSC
19664,rh_?,rh_?
19665,rh_?,rh_?
19666,rh_?,rh_?
19667,rh_?,rh_?
19668,rh_rsc,rh_RSC
19669,rh_?,rh_?
19670,rh_?,rh_?
19671,rh_rsc,rh_RSC
19672,rh_v2,rh_V2
19673,rh_v2,rh_V2
19674,rh_v2,rh_V2
19675,rh_v2,rh_V2
19676,rh_v1,rh_V1
19677,rh_v2,rh_V2
19678,rh_v2,rh_V2
19679,rh_v1,rh_V1
19680,rh_v1,rh_V1
19681,rh_v1,rh_V1
19682,rh_v1,rh_V1
19683,rh_v3,rh_V3
19684,rh_v2,rh_V2
19685,rh_v2,rh_V2
19686,rh_v2,rh_V2
19687,rh_v2,rh_V2
19688,rh_v2,rh_V2
19689,rh_v1,rh_V1
19690,rh_v1,rh_V1
19691,rh_v1,rh_V1
19692,rh_v1,rh_V1
19693,rh_v1,rh_V1
19694,rh_v1,rh_V1
19695,rh_v1,rh_V1
19696,rh_v1,rh_V1
19697,rh_v1,rh_V1
19698,rh_v1,rh_V1
19699,rh_v1,rh_V1
19700,rh_v1,rh_V1
19701,rh_v6,rh_V6
19702,rh_v6,rh_V6
19703,rh_v6,rh_V6
19704,rh_v6,rh_V6
19705,rh_v6,rh_V6
19706,rh_v6,rh_V6
19707,rh_v3,rh_V3
19708,rh_v3,rh_V3
19709,rh_v2,rh_V2
19710,rh_pos2,rh_POS2
19711,rh_dvt,rh_DVT
19712,rh_v6,rh_V6
19713,rh_v6,rh_V6
19714,rh_v6,rh_V6
19715,rh_v6,rh_V6
19716,rh_v2,rh_V2
19717,rh_v2,rh_V2
19718,rh_v2,rh_V2
19719,rh_v1,rh_V1
19720,rh_v1,rh_V1
19721,rh_v1,rh_V1
19722,rh_v1,rh_V1
19723,rh_v1,rh_V1
19724,rh_v1,rh_V1
19725,rh_v1,rh_V1
19726,rh_v1,rh_V1
19727,rh_v1,rh_V1
19728,rh_v1,rh_V1
19729,rh_v1,rh_V1
19730,rh_v1,rh_V1
19731,rh_v1,rh_V1
19732,rh_v1,rh_V1
19733,rh_v1,rh_V1
19734,rh_v1,rh_V1
19735,rh_v1,rh_V1
19736,rh_v1,rh_V1
19737,rh_v2,rh_V2
19738,rh_v2,rh_V2
19739,rh_v1,rh_V1
19740,rh_dvt,rh_DVT
19741,rh_v2,rh_V2
19742,rh_v1,rh_V1
19743,rh_v1,rh_V1
19744,rh_v1,rh_V1
19745,rh_v1,rh_V1
19746,rh_v1,rh_V1
19747,rh_pros,rh_ProS
19748,rh_pros,rh_ProS
19749,rh_pros,rh_ProS
19750,rh_pros,rh_ProS
19751,rh_pros,rh_ProS
19752,rh_pros,rh_ProS
19753,rh_rsc,rh_RSC
19754,rh_aip,rh_AIP
19755,rh_lipd,rh_LIPd
19756,rh_lipd,rh_LIPd
19757,rh_lipv,rh_LIPv
19758,rh_lipd,rh_LIPd
19759,rh_lipd,rh_LIPd
19760,rh_lipd,rh_LIPd
19761,rh_lipd,rh_LIPd
19762,rh_ip1,rh_IP1
19763,rh_lipv,rh_LIPv
19764,rh_lipv,rh_LIPv
19765,rh_lipv,rh_LIPv
19766,rh_lipv,rh_LIPv
19767,rh_lipv,rh_LIPv
19768,rh_lipd,rh_LIPd
19769,rh_lipd,rh_LIPd
19770,rh_lipd,rh_LIPd
19771,rh_ip1,rh_IP1
19772,rh_ip1,rh_IP1
19773,rh_ip1,rh_IP1
19774,rh_ip1,rh_IP1
19775,rh_ip1,rh_IP1
19776,rh_ip1,rh_IP1
19777,rh_ip1,rh_IP1
19778,rh_ip1,rh_IP1
19779,rh_ip0,rh_IP0
19780,rh_ip0,rh_IP0
19781,rh_vip,rh_VIP
19782,rh_vip,rh_VIP
19783,rh_vip,rh_VIP
19784,rh_7pl,rh_7PL
19785,rh_mip,rh_MIP
19786,rh_vip,rh_VIP
19787,rh_mip,rh_MIP
19788,rh_mip,rh_MIP
19789,rh_mip,rh_MIP
19790,rh_7pl,rh_7PL
19791,rh_mip,rh_MIP
19792,rh_mip,rh_MIP
19793,rh_ips1,rh_IPS1
19794,rh_mip,rh_MIP
19795,rh_mip,rh_MIP
19796,rh_mip,rh_MIP
19797,rh_mip,rh_MIP
19798,rh_mip,rh_MIP
19799,rh_mip,rh_MIP
19800,rh_mip,rh_MIP
19801,rh_ips1,rh_IPS1
19802,rh_ips1,rh_IPS1
19803,rh_ips1,rh_IPS1
19804,rh_ip0,rh_IP0
19805,rh_ip0,rh_IP0
19806,rh_ip0,rh_IP0
19807,rh_ip0,rh_IP0
19808,rh_ip0,rh_IP0
19809,rh_v3b,rh_V3B
19810,rh_v3b,rh_V3B
19811,rh_v3b,rh_V3B
19812,rh_v3b,rh_V3B
19813,rh_v3b,rh_V3B
19814,rh_v3b,rh_V3B
19815,rh_v3cd,rh_V3CD
19816,rh_v4,rh_V4
19817,rh_v7,rh_V7
19818,rh_v7,rh_V7
19819,rh_v3a,rh_V3A
19820,rh_v3a,rh_V3A
19821,rh_v3a,rh_V3A
19822,rh_v3a,rh_V3A
19823,rh_v3a,rh_V3A
19824,rh_v4,rh_V4
19825,rh_v4,rh_V4
19826,rh_v4,rh_V4
19827,rh_v4,rh_V4
19828,rh_v3,rh_V3
19829,rh_v3,rh_V3
19830,rh_v3,rh_V3
19831,rh_v3,rh_V3
19832,rh_v2,rh_V2
19833,rh_v2,rh_V2
19834,rh_v2,rh_V2
19835,rh_tpoj1,rh_TPOJ1
19836,rh_tpoj1,rh_TPOJ1
19837,rh_tpoj1,rh_TPOJ1
19838,rh_tpoj1,rh_TPOJ1
19839,rh_tpoj1,rh_TPOJ1
19840,rh_tpoj1,rh_TPOJ1
19841,rh_tpoj1,rh_TPOJ1
19842,rh_tpoj1,rh_TPOJ1
19843,rh_tpoj1,rh_TPOJ1
19844,rh_tpoj2,rh_TPOJ2
19845,rh_tpoj2,rh_TPOJ2
19846,rh_pgi,rh_PGi
19847,rh_pgi,rh_PGi
19848,rh_pgi,rh_PGi
19849,rh_pgi,rh_PGi
19850,rh_pgi,rh_PGi
19851,rh_pgi,rh_PGi
19852,rh_tpoj2,rh_TPOJ2
19853,rh_tpoj2,rh_TPOJ2
19854,rh_tpoj2,rh_TPOJ2
19855,rh_tpoj2,rh_TPOJ2
19856,rh_tpoj2,rh_TPOJ2
19857,rh_tpoj2,rh_TPOJ2
19858,rh_tpoj3,rh_TPOJ3
19859,rh_tpoj3,rh_TPOJ3
19860,rh_tpoj3,rh_TPOJ3
19861,rh_tpoj3,rh_TPOJ3
19862,rh_mst,rh_MST
19863,rh_mt,rh_MT
19864,rh_pgs,rh_PGs
19865,rh_pgi,rh_PGi
19866,rh_pgi,rh_PGi
19867,rh_pgi,rh_PGi
19868,rh_pgi,rh_PGi
19869,rh_pgi,rh_PGi
19870,rh_pgi,rh_PGi
19871,rh_pgi,rh_PGi
19872,rh_pgi,rh_PGi
19873,rh_pgs,rh_PGs
19874,rh_pgi,rh_PGi
19875,rh_pgi,rh_PGi
19876,rh_pgs,rh_PGs
19877,rh_pgi,rh_PGi
19878,rh_pgi,rh_PGi
19879,rh_pgi,rh_PGi
19880,rh_pgi,rh_PGi
19881,rh_pgi,rh_PGi
19882,rh_pgi,rh_PGi
19883,rh_tpoj3,rh_TPOJ3
19884,rh_tpoj3,rh_TPOJ3
19885,rh_tpoj3,rh_TPOJ3
19886,rh_tpoj3,rh_TPOJ3
19887,rh_tpoj3,rh_TPOJ3
19888,rh_tpoj3,rh_TPOJ3
19889,rh_mt,rh_MT
19890,rh_mt,rh_MT
19891,rh_mt,rh_MT
19892,rh_mt,rh_MT
19893,rh_mt,rh_MT
19894,rh_lo3,rh_LO3
19895,rh_lo3,rh_LO3
19896,rh_lo3,rh_LO3
19897,rh_lo3,rh_LO3
19898,rh_lo1,rh_LO1
19899,rh_lo1,rh_LO1
19900,rh_pgp,rh_PGp
19901,rh_pgp,rh_PGp
19902,rh_pgp,rh_PGp
19903,rh_v3cd,rh_V3CD
19904,rh_v3cd,rh_V3CD
19905,rh_lo1,rh_LO1
19906,rh_lo1,rh_LO1
19907,rh_lo1,rh_LO1
19908,rh_v4,rh_V4
19909,rh_v4,rh_V4
19910,rh_v4,rh_V4
19911,rh_v3,rh_V3
19912,rh_v3,rh_V3
19913,rh_v3,rh_V3
19914,rh_v3,rh_V3
19915,rh_v3,rh_V3
19916,rh_v2,rh_V2
19917,rh_pfop,rh_PFop
19918,rh_pfop,rh_PFop
19919,rh_pfop,rh_PFop
19920,rh_pft,rh_PFt
19921,rh_pfop,rh_PFop
19922,rh_pfop,rh_PFop
19923,rh_pfop,rh_PFop
19924,rh_pfop,rh_PFop
19925,rh_pfop,rh_PFop
19926,rh_pft,rh_PFt
19927,rh_pft,rh_PFt
19928,rh_pft,rh_PFt
19929,rh_pft,rh_PFt
19930,rh_pft,rh_PFt
19931,rh_pfop,rh_PFop
19932,rh_pfop,rh_PFop
19933,rh_pfop,rh_PFop
19934,rh_pfop,rh_PFop
19935,rh_pf,rh_PF
19936,rh_pf,rh_PF
19937,rh_pf,rh_PF
19938,rh_pf,rh_PF
19939,rh_pf,rh_PF
19940,rh_pf,rh_PF
19941,rh_pf,rh_PF
19942,rh_pf,rh_PF
19943,rh_pf,rh_PF
19944,rh_pft,rh_PFt
19945,rh_pft,rh_PFt
19946,rh_pft,rh_PFt
19947,rh_aip,rh_AIP
19948,rh_pft,rh_PFt
19949,rh_pft,rh_PFt
19950,rh_pft,rh_PFt
19951,rh_pf,rh_PF
19952,rh_pf,rh_PF
19953,rh_pfm,rh_PFm
19954,rh_pfm,rh_PFm
19955,rh_pfm,rh_PFm
19956,rh_pfm,rh_PFm
19957,rh_pfm,rh_PFm
19958,rh_pfm,rh_PFm
19959,rh_pfm,rh_PFm
19960,rh_pf,rh_PF
19961,rh_pf,rh_PF
19962,rh_pf,rh_PF
19963,rh_pf,rh_PF
19964,rh_pf,rh_PF
19965,rh_pf,rh_PF
19966,rh_pf,rh_PF
19967,rh_pf,rh_PF
19968,rh_pf,rh_PF
19969,rh_pf,rh_PF
19970,rh_pf,rh_PF
19971,rh_psl,rh_PSL
19972,rh_psl,rh_PSL
19973,rh_psl,rh_PSL
19974,rh_psl,rh_PSL
19975,rh_psl,rh_PSL
19976,rh_psl,rh_PSL
19977,rh_psl,rh_PSL
19978,rh_stv,rh_STV
19979,rh_stv,rh_STV
19980,rh_pfm,rh_PFm
19981,rh_pfm,rh_PFm
19982,rh_stv,rh_STV
19983,rh_stv,rh_STV
19984,rh_stv,rh_STV
19985,rh_stv,rh_STV
19986,rh_stv,rh_STV
19987,rh_stv,rh_STV
19988,rh_stv,rh_STV
19989,rh_stv,rh_STV
19990,rh_stv,rh_STV
19991,rh_stv,rh_STV
19992,rh_stv,rh_STV
19993,rh_stv,rh_STV
19994,rh_tpoj1,rh_TPOJ1
19995,rh_tpoj1,rh_TPOJ1
19996,rh_tpoj1,rh_TPOJ1
19997,rh_tpoj1,rh_TPOJ1
19998,rh_poi1,rh_PoI1
19999,rh_poi1,rh_PoI1
20000,rh_poi1,rh_PoI1
20001,rh_poi1,rh_PoI1
20002,rh_poi1,rh_PoI1
20003,rh_poi1,rh_PoI1
20004,rh_52,rh_52
20005,rh_52,rh_52
20006,rh_52,rh_52
20007,rh_mbelt,rh_MBelt
20008,rh_ig,rh_Ig
20009,rh_ig,rh_Ig
20010,rh_52,rh_52
20011,rh_mbelt,rh_MBelt
20012,rh_52,rh_52
20013,rh_52,rh_52
20014,rh_52,rh_52
20015,rh_mbelt,rh_MBelt
20016,rh_mbelt,rh_MBelt
20017,rh_mbelt,rh_MBelt
20018,rh_mbelt,rh_MBelt
20019,rh_mbelt,rh_MBelt
20020,rh_a1,rh_A1
20021,rh_a1,rh_A1
20022,rh_lbelt,rh_LBelt
20023,rh_pbelt,rh_PBelt
20024,rh_pbelt,rh_PBelt
20025,rh_pbelt,rh_PBelt
20026,rh_op1,rh_OP1
20027,rh_op1,rh_OP1
20028,rh_op1,rh_OP1
20029,rh_op1,rh_OP1
20030,rh_ri,rh_RI
20031,rh_ri,rh_RI
20032,rh_ri,rh_RI
20033,rh_ri,rh_RI
20034,rh_a1,rh_A1
20035,rh_ri,rh_RI
20036,rh_ri,rh_RI
20037,rh_ri,rh_RI
20038,rh_ri,rh_RI
20039,rh_ri,rh_RI
20040,rh_ri,rh_RI
20041,rh_ri,rh_RI
20042,rh_ri,rh_RI
20043,rh_lbelt,rh_LBelt
20044,rh_lbelt,rh_LBelt
20045,rh_lbelt,rh_LBelt
20046,rh_lbelt,rh_LBelt
20047,rh_lbelt,rh_LBelt
20048,rh_lbelt,rh_LBelt
20049,rh_lbelt,rh_LBelt
20050,rh_pbelt,rh_PBelt
20051,rh_pbelt,rh_PBelt
20052,rh_a4,rh_A4
20053,rh_a4,rh_A4
20054,rh_a5,rh_A5
20055,rh_a5,rh_A5
20056,rh_a4,rh_A4
20057,rh_a5,rh_A5
20058,rh_a5,rh_A5
20059,rh_a5,rh_A5
20060,rh_a5,rh_A5
20061,rh_a5,rh_A5
20062,rh_a4,rh_A4
20063,rh_a4,rh_A4
20064,rh_tpoj1,rh_TPOJ1
20065,rh_tpoj1,rh_TPOJ1
20066,rh_tpoj1,rh_TPOJ1
20067,rh_a5,rh_A5
20068,rh_a5,rh_A5
20069,rh_a5,rh_A5
20070,rh_stsdp,rh_STSdp
20071,rh_stsdp,rh_STSdp
20072,rh_tpoj1,rh_TPOJ1
20073,rh_tpoj1,rh_TPOJ1
20074,rh_tpoj1,rh_TPOJ1
20075,rh_tpoj1,rh_TPOJ1
20076,rh_tpoj1,rh_TPOJ1
20077,rh_tpoj1,rh_TPOJ1
20078,rh_tpoj1,rh_TPOJ1
20079,rh_pofc,rh_pOFC
20080,rh_pofc,rh_pOFC
20081,rh_pofc,rh_pOFC
20082,rh_pofc,rh_pOFC
20083,rh_pofc,rh_pOFC
20084,rh_pofc,rh_pOFC
20085,rh_pofc,rh_pOFC
20086,rh_?,rh_?
20087,rh_?,rh_?
20088,rh_47s,rh_47s
20089,rh_pofc,rh_pOFC
20090,rh_pofc,rh_pOFC
20091,rh_pir,rh_Pir
20092,rh_pir,rh_Pir
20093,rh_pir,rh_Pir
20094,rh_?,rh_?
20095,rh_?,rh_?
20096,rh_?,rh_?
20097,rh_?,rh_?
20098,rh_?,rh_?
20099,rh_?,rh_?
20100,rh_?,rh_?
20101,rh_?,rh_?
20102,rh_?,rh_?
20103,rh_?,rh_?
20104,rh_?,rh_?
20105,rh_?,rh_?
20106,rh_aaic,rh_AAIC
20107,rh_aaic,rh_AAIC
20108,rh_aaic,rh_AAIC
20109,rh_pir,rh_Pir
20110,rh_pir,rh_Pir
20111,rh_pir,rh_Pir
20112,rh_pir,rh_Pir
20113,rh_pir,rh_Pir
20114,rh_pir,rh_Pir
20115,rh_tgd,rh_TGd
20116,rh_tgd,rh_TGd
20117,rh_pir,rh_Pir
20118,rh_tgd,rh_TGd
20119,rh_tgd,rh_TGd
20120,rh_pir,rh_Pir
20121,rh_pir,rh_Pir
20122,rh_pir,rh_Pir
20123,rh_pir,rh_Pir
20124,rh_?,rh_?
20125,rh_?,rh_?
20126,rh_?,rh_?
20127,rh_peec,rh_PeEc
20128,rh_?,rh_?
20129,rh_?,rh_?
20130,rh_?,rh_?
20131,rh_?,rh_?
20132,rh_?,rh_?
20133,rh_peec,rh_PeEc
20134,rh_peec,rh_PeEc
20135,rh_peec,rh_PeEc
20136,rh_tgv,rh_TGv
20137,rh_peec,rh_PeEc
20138,rh_peec,rh_PeEc
20139,rh_peec,rh_PeEc
20140,rh_tgv,rh_TGv
20141,rh_tgv,rh_TGv
20142,rh_tgd,rh_TGd
20143,rh_tgd,rh_TGd
20144,rh_tgv,rh_TGv
20145,rh_tgv,rh_TGv
20146,rh_tgv,rh_TGv
20147,rh_tgv,rh_TGv
20148,rh_tgv,rh_TGv
20149,rh_tgv,rh_TGv
20150,rh_tgv,rh_TGv
20151,rh_tf,rh_TF
20152,rh_tf,rh_TF
20153,rh_tf,rh_TF
20154,rh_tf,rh_TF
20155,rh_tf,rh_TF
20156,rh_tf,rh_TF
20157,rh_tf,rh_TF
20158,rh_tf,rh_TF
20159,rh_tf,rh_TF
20160,rh_tf,rh_TF
20161,rh_pres,rh_PreS
20162,rh_pres,rh_PreS
20163,rh_h,rh_H
20164,rh_?,rh_?
20165,rh_h,rh_H
20166,rh_pres,rh_PreS
20167,rh_pres,rh_PreS
20168,rh_pres,rh_PreS
20169,rh_pres,rh_PreS
20170,rh_?,rh_?
20171,rh_?,rh_?
20172,rh_?,rh_?
20173,rh_?,rh_?
20174,rh_?,rh_?
20175,rh_?,rh_?
20176,rh_h,rh_H
20177,rh_pres,rh_PreS
20178,rh_pres,rh_PreS
20179,rh_pres,rh_PreS
20180,rh_pha1,rh_PHA1
20181,rh_pha1,rh_PHA1
20182,rh_pres,rh_PreS
20183,rh_pha1,rh_PHA1
20184,rh_pha1,rh_PHA1
20185,rh_pha1,rh_PHA1
20186,rh_pha1,rh_PHA1
20187,rh_pha2,rh_PHA2
20188,rh_?,rh_?
20189,rh_?,rh_?
20190,rh_?,rh_?
20191,rh_?,rh_?
20192,rh_?,rh_?
20193,rh_?,rh_?
20194,rh_?,rh_?
20195,rh_?,rh_?
20196,rh_?,rh_?
20197,rh_?,rh_?
20198,rh_?,rh_?
20199,rh_?,rh_?
20200,rh_h,rh_H
20201,rh_?,rh_?
20202,rh_?,rh_?
20203,rh_?,rh_?
20204,rh_?,rh_?
20205,rh_?,rh_?
20206,rh_h,rh_H
20207,rh_h,rh_H
20208,rh_pres,rh_PreS
20209,rh_pres,rh_PreS
20210,rh_pres,rh_PreS
20211,rh_pres,rh_PreS
20212,rh_pha1,rh_PHA1
20213,rh_pha2,rh_PHA2
20214,rh_pha2,rh_PHA2
20215,rh_pha2,rh_PHA2
20216,rh_pha2,rh_PHA2
20217,rh_pha2,rh_PHA2
20218,rh_pha2,rh_PHA2
20219,rh_pha2,rh_PHA2
20220,rh_pha3,rh_PHA3
20221,rh_pha3,rh_PHA3
20222,rh_pha3,rh_PHA3
20223,rh_pha3,rh_PHA3
20224,rh_peec,rh_PeEc
20225,rh_peec,rh_PeEc
20226,rh_peec,rh_PeEc
20227,rh_peec,rh_PeEc
20228,rh_peec,rh_PeEc
20229,rh_peec,rh_PeEc
20230,rh_pha3,rh_PHA3
20231,rh_tf,rh_TF
20232,rh_pha3,rh_PHA3
20233,rh_tf,rh_TF
20234,rh_tf,rh_TF
20235,rh_tf,rh_TF
20236,rh_tf,rh_TF
20237,rh_tf,rh_TF
20238,rh_tf,rh_TF
20239,rh_tf,rh_TF
20240,rh_tf,rh_TF
20241,rh_tf,rh_TF
20242,rh_v1,rh_V1
20243,rh_v1,rh_V1
20244,rh_v1,rh_V1
20245,rh_v1,rh_V1
20246,rh_v1,rh_V1
20247,rh_v1,rh_V1
20248,rh_v1,rh_V1
20249,rh_v1,rh_V1
20250,rh_v1,rh_V1
20251,rh_v1,rh_V1
20252,rh_v1,rh_V1
20253,rh_v1,rh_V1
20254,rh_v1,rh_V1
20255,rh_v1,rh_V1
20256,rh_v1,rh_V1
20257,rh_v1,rh_V1
20258,rh_v1,rh_V1
20259,rh_v2,rh_V2
20260,rh_v2,rh_V2
20261,rh_v3,rh_V3
20262,rh_v3,rh_V3
20263,rh_v3,rh_V3
20264,rh_v3,rh_V3
20265,rh_v4,rh_V4
20266,rh_v4,rh_V4
20267,rh_v4,rh_V4
20268,rh_v8,rh_V8
20269,rh_v1,rh_V1
20270,rh_v1,rh_V1
20271,rh_v1,rh_V1
20272,rh_v2,rh_V2
20273,rh_v2,rh_V2
20274,rh_v1,rh_V1
20275,rh_v2,rh_V2
20276,rh_v2,rh_V2
20277,rh_v2,rh_V2
20278,rh_v2,rh_V2
20279,rh_v2,rh_V2
20280,rh_v2,rh_V2
20281,rh_v3,rh_V3
20282,rh_v3,rh_V3
20283,rh_v2,rh_V2
20284,rh_v2,rh_V2
20285,rh_v2,rh_V2
20286,rh_v2,rh_V2
20287,rh_v3,rh_V3
20288,rh_v3,rh_V3
20289,rh_v4,rh_V4
20290,rh_v4,rh_V4
20291,rh_v4,rh_V4
20292,rh_v4,rh_V4
20293,rh_v4,rh_V4
20294,rh_v8,rh_V8
20295,rh_v8,rh_V8
20296,rh_v8,rh_V8
20297,rh_v8,rh_V8
20298,rh_ffc,rh_FFC
20299,rh_vvc,rh_VVC
20300,rh_vvc,rh_VVC
20301,rh_ffc,rh_FFC
20302,rh_ffc,rh_FFC
20303,rh_ffc,rh_FFC
20304,rh_ffc,rh_FFC
20305,rh_vmv3,rh_VMV3
20306,rh_vvc,rh_VVC
20307,rh_vvc,rh_VVC
20308,rh_vvc,rh_VVC
20309,rh_vvc,rh_VVC
20310,rh_vvc,rh_VVC
20311,rh_ffc,rh_FFC
20312,rh_ffc,rh_FFC
20313,rh_ffc,rh_FFC
20314,rh_ffc,rh_FFC
20315,rh_ffc,rh_FFC
20316,rh_tf,rh_TF
20317,rh_tf,rh_TF
20318,rh_tf,rh_TF
20319,rh_tf,rh_TF
20320,rh_tf,rh_TF
20321,rh_tf,rh_TF
20322,rh_tf,rh_TF
20323,rh_tpoj1,rh_TPOJ1
20324,rh_tpoj1,rh_TPOJ1
20325,rh_tpoj1,rh_TPOJ1
20326,rh_tpoj1,rh_TPOJ1
20327,rh_tpoj1,rh_TPOJ1
20328,rh_tpoj1,rh_TPOJ1
20329,rh_tpoj1,rh_TPOJ1
20330,rh_stsvp,rh_STSvp
20331,rh_stsvp,rh_STSvp
20332,rh_tpoj2,rh_TPOJ2
20333,rh_tpoj2,rh_TPOJ2
20334,rh_pht,rh_PHT
20335,rh_pht,rh_PHT
20336,rh_pht,rh_PHT
20337,rh_pht,rh_PHT
20338,rh_pht,rh_PHT
20339,rh_te1p,rh_TE1p
20340,rh_stsvp,rh_STSvp
20341,rh_te1p,rh_TE1p
20342,rh_te1p,rh_TE1p
20343,rh_te1p,rh_TE1p
20344,rh_te1p,rh_TE1p
20345,rh_te1p,rh_TE1p
20346,rh_te1p,rh_TE1p
20347,rh_te1p,rh_TE1p
20348,rh_te1p,rh_TE1p
20349,rh_te1p,rh_TE1p
20350,rh_mst,rh_MST
20351,rh_mst,rh_MST
20352,rh_mst,rh_MST
20353,rh_mst,rh_MST
20354,rh_mst,rh_MST
20355,rh_fst,rh_FST
20356,rh_fst,rh_FST
20357,rh_fst,rh_FST
20358,rh_pht,rh_PHT
20359,rh_fst,rh_FST
20360,rh_fst,rh_FST
20361,rh_fst,rh_FST
20362,rh_ph,rh_PH
20363,rh_ph,rh_PH
20364,rh_fst,rh_FST
20365,rh_ph,rh_PH
20366,rh_pht,rh_PHT
20367,rh_pht,rh_PHT
20368,rh_pht,rh_PHT
20369,rh_pht,rh_PHT
20370,rh_te1p,rh_TE1p
20371,rh_te1p,rh_TE1p
20372,rh_te1p,rh_TE1p
20373,rh_te1p,rh_TE1p
20374,rh_te1p,rh_TE1p
20375,rh_te1p,rh_TE1p
20376,rh_te1p,rh_TE1p
20377,rh_te1p,rh_TE1p
20378,rh_te1p,rh_TE1p
20379,rh_te1p,rh_TE1p
20380,rh_te1p,rh_TE1p
20381,rh_te1p,rh_TE1p
20382,rh_te2a,rh_TE2a
20383,rh_te2a,rh_TE2a
20384,rh_te2a,rh_TE2a
20385,rh_te2a,rh_TE2a
20386,rh_te2p,rh_TE2p
20387,rh_te2p,rh_TE2p
20388,rh_te2p,rh_TE2p
20389,rh_te2p,rh_TE2p
20390,rh_te2p,rh_TE2p
20391,rh_te2p,rh_TE2p
20392,rh_te2a,rh_TE2a
20393,rh_te2a,rh_TE2a
20394,rh_te2a,rh_TE2a
20395,rh_te2a,rh_TE2a
20396,rh_te2p,rh_TE2p
20397,rh_te2p,rh_TE2p
20398,rh_te2p,rh_TE2p
20399,rh_te2p,rh_TE2p
20400,rh_te2p,rh_TE2p
20401,rh_te2p,rh_TE2p
20402,rh_tf,rh_TF
20403,rh_tf,rh_TF
20404,rh_poi1,rh_PoI1
20405,rh_poi1,rh_PoI1
20406,rh_pi,rh_PI
20407,rh_pi,rh_PI
20408,rh_pi,rh_PI
20409,rh_pi,rh_PI
20410,rh_pi,rh_PI
20411,rh_pi,rh_PI
20412,rh_ta2,rh_TA2
20413,rh_mbelt,rh_MBelt
20414,rh_mbelt,rh_MBelt
20415,rh_ta2,rh_TA2
20416,rh_ta2,rh_TA2
20417,rh_ta2,rh_TA2
20418,rh_ta2,rh_TA2
20419,rh_ta2,rh_TA2
20420,rh_ta2,rh_TA2
20421,rh_ta2,rh_TA2
20422,rh_ta2,rh_TA2
20423,rh_ta2,rh_TA2
20424,rh_stga,rh_STGa
20425,rh_a5,rh_A5
20426,rh_stga,rh_STGa
20427,rh_stga,rh_STGa
20428,rh_stga,rh_STGa
20429,rh_stsda,rh_STSda
20430,rh_stga,rh_STGa
20431,rh_a5,rh_A5
20432,rh_a5,rh_A5
20433,rh_a5,rh_A5
20434,rh_stsda,rh_STSda
20435,rh_stsda,rh_STSda
20436,rh_a5,rh_A5
20437,rh_a5,rh_A5
20438,rh_stsda,rh_STSda
20439,rh_stsda,rh_STSda
20440,rh_stsva,rh_STSva
20441,rh_stsva,rh_STSva
20442,rh_stsva,rh_STSva
20443,rh_stsva,rh_STSva
20444,rh_stsva,rh_STSva
20445,rh_stsda,rh_STSda
20446,rh_stsda,rh_STSda
20447,rh_stsda,rh_STSda
20448,rh_stsda,rh_STSda
20449,rh_stsda,rh_STSda
20450,rh_stsda,rh_STSda
20451,rh_stsda,rh_STSda
20452,rh_stsva,rh_STSva
20453,rh_stsda,rh_STSda
20454,rh_stsda,rh_STSda
20455,rh_stsda,rh_STSda
20456,rh_stsda,rh_STSda
20457,rh_tgd,rh_TGd
20458,rh_tgd,rh_TGd
20459,rh_tgd,rh_TGd
20460,rh_tgd,rh_TGd
20461,rh_te1a,rh_TE1a
20462,rh_te1a,rh_TE1a
20463,rh_te1a,rh_TE1a
20464,rh_te2a,rh_TE2a
20465,rh_te2a,rh_TE2a
20466,rh_te2a,rh_TE2a
20467,rh_te1a,rh_TE1a
20468,rh_te1a,rh_TE1a
20469,rh_te2a,rh_TE2a
20470,rh_te2a,rh_TE2a
20471,rh_te2a,rh_TE2a
20472,rh_te2a,rh_TE2a
20473,rh_te2a,rh_TE2a
20474,rh_te2a,rh_TE2a
20475,rh_te2a,rh_TE2a
20476,rh_te2a,rh_TE2a
20477,rh_te2a,rh_TE2a
20478,rh_te2a,rh_TE2a
20479,rh_te2a,rh_TE2a
20480,rh_te2a,rh_TE2a
20481,rh_tf,rh_TF
20482,rh_tf,rh_TF
20483,rh_tf,rh_TF
